dataset,seed,task,family,model,variant,n_samples,n_features,status,error_message,epoch,train_loss,train_metric,val_metric,grad_norm,grad_norm_max,train_val_gap,prediction_mean,prediction_std,has_gate,gate_mean,gate_median,gate_sparsity,best_epoch,best_val_metric,final_val_metric,final_vs_best,early_stopped,effective_training_status
synthetic_axis_aligned,42,classification,ablation,TST-v0,TST-v0,1024,20,ok,,1,0.4901344060897827,0.9104234527687296,0.9073170731707317,12.360608023690704,58.6640740652379,0.003106379597997866,0.04555494338274002,0.0006804493023082614,False,,,,1,0.9073170731707317,0.9073170731707317,0.0,True,early_stopped_cleanly
synthetic_axis_aligned,42,classification,ablation,TST-v0,TST-v0,1024,20,ok,,2,0.312331360578537,0.9104234527687296,0.9073170731707317,0.345954921881442,0.5826286458426326,0.003106379597997866,0.06685398519039154,0.0005402676179073751,False,,,,1,0.9073170731707317,0.9073170731707317,0.0,True,early_stopped_cleanly
synthetic_axis_aligned,42,classification,ablation,TST-v0,TST-v0,1024,20,ok,,3,0.30277127027511597,0.9104234527687296,0.9073170731707317,0.202532500343446,0.39093781045183307,0.003106379597997866,0.09003474563360214,0.0004899179330095649,False,,,,1,0.9073170731707317,0.9073170731707317,0.0,True,early_stopped_cleanly
synthetic_axis_aligned,42,classification,ablation,TST-v0,TST-v0,1024,20,ok,,4,0.2995766460895538,0.9104234527687296,0.9073170731707317,0.19150775959529182,0.3343011775533455,0.003106379597997866,0.10436228662729263,0.00044856983004137874,False,,,,1,0.9073170731707317,0.9073170731707317,0.0,True,early_stopped_cleanly
synthetic_axis_aligned,42,classification,ablation,TST-v0,TST-v0,1024,20,ok,,5,0.30058710277080536,0.9104234527687296,0.9073170731707317,0.2169745424978849,0.3628075668386722,0.003106379597997866,0.10630778223276138,0.00041343746124766767,False,,,,1,0.9073170731707317,0.9073170731707317,0.0,True,early_stopped_cleanly
synthetic_axis_aligned,42,classification,ablation,TST-v0,TST-v0,1024,20,ok,,6,0.30522181391716,0.9104234527687296,0.9073170731707317,0.2267977920473121,0.430547657721276,0.003106379597997866,0.09557865560054779,0.00036995665868744254,False,,,,1,0.9073170731707317,0.9073170731707317,0.0,True,early_stopped_cleanly
synthetic_axis_aligned,42,classification,ablation,TST-v0,TST-v0,1024,20,ok,,7,0.302217572927475,0.9104234527687296,0.9073170731707317,0.12459486162065177,0.25948383245685425,0.003106379597997866,0.0890919417142868,0.00035720266168937087,False,,,,1,0.9073170731707317,0.9073170731707317,0.0,True,early_stopped_cleanly
synthetic_axis_aligned,42,classification,ablation,TST-v0,TST-v0,1024,20,ok,,8,0.2996638983488083,0.9104234527687296,0.9073170731707317,0.22599975332668776,0.5218711227283822,0.003106379597997866,0.08897425979375839,0.00037265729042701423,False,,,,1,0.9073170731707317,0.9073170731707317,0.0,True,early_stopped_cleanly
synthetic_axis_aligned,42,classification,ablation,TST-v0,TST-v0,1024,20,ok,,9,0.3025680065155029,0.9104234527687296,0.9073170731707317,0.09558496151425663,0.14434523164890092,0.003106379597997866,0.08665181696414948,0.0003895880072377622,False,,,,1,0.9073170731707317,0.9073170731707317,0.0,True,early_stopped_cleanly
synthetic_axis_aligned,42,classification,ablation,TST-v0,TST-v0,1024,20,ok,,10,0.3026601105928421,0.9104234527687296,0.9073170731707317,0.20538699690587245,0.4027442847152361,0.003106379597997866,0.08719329535961151,0.0004219116526655853,False,,,,1,0.9073170731707317,0.9073170731707317,0.0,True,early_stopped_cleanly
synthetic_axis_aligned,42,classification,ablation,TST-v0,TST-v0,1024,20,ok,,11,0.30360497534275055,0.9104234527687296,0.9073170731707317,0.15618861778885287,0.2517728497368362,0.003106379597997866,0.09047593921422958,0.00047766012721695006,False,,,,1,0.9073170731707317,0.9073170731707317,0.0,True,early_stopped_cleanly
synthetic_axis_aligned,42,classification,ablation,TST-v1-Gate,TST-v1-Gate,1024,20,ok,,1,0.4903907537460327,0.9104234527687296,0.9073170731707317,16.035115254310746,76.52461834582634,0.003106379597997866,0.045744843780994415,0.0006585238152183592,True,0.7310360074043274,0.7306835055351257,0.0,1,0.9073170731707317,0.9073170731707317,0.0,True,early_stopped_cleanly
synthetic_axis_aligned,42,classification,ablation,TST-v1-Gate,TST-v1-Gate,1024,20,ok,,2,0.31216840744018554,0.9104234527687296,0.9073170731707317,0.3549908451528343,0.6023741744550851,0.003106379597997866,0.06756167113780975,0.0005177779239602387,True,0.7310434579849243,0.730684757232666,0.0,1,0.9073170731707317,0.9073170731707317,0.0,True,early_stopped_cleanly
synthetic_axis_aligned,42,classification,ablation,TST-v1-Gate,TST-v1-Gate,1024,20,ok,,3,0.302741551399231,0.9104234527687296,0.9073170731707317,0.20113344023790516,0.39060064673226513,0.003106379597997866,0.09086273610591888,0.00046357890823855996,True,0.7310428619384766,0.7307219505310059,0.0,1,0.9073170731707317,0.9073170731707317,0.0,True,early_stopped_cleanly
synthetic_axis_aligned,42,classification,ablation,TST-v1-Gate,TST-v1-Gate,1024,20,ok,,4,0.2997337460517883,0.9104234527687296,0.9073170731707317,0.1912946889852411,0.343088774722078,0.003106379597997866,0.10472549498081207,0.00041945467819459736,True,0.7310397624969482,0.7307650446891785,0.0,1,0.9073170731707317,0.9073170731707317,0.0,True,early_stopped_cleanly
synthetic_axis_aligned,42,classification,ablation,TST-v1-Gate,TST-v1-Gate,1024,20,ok,,5,0.300676628947258,0.9104234527687296,0.9073170731707317,0.21761802328730812,0.3663561628393348,0.003106379597997866,0.10612817108631134,0.0003827573382295668,True,0.7310373187065125,0.7308170795440674,0.0,1,0.9073170731707317,0.9073170731707317,0.0,True,early_stopped_cleanly
synthetic_axis_aligned,42,classification,ablation,TST-v1-Gate,TST-v1-Gate,1024,20,ok,,6,0.30533878207206727,0.9104234527687296,0.9073170731707317,0.22773697039947155,0.43062928538873574,0.003106379597997866,0.09513869881629944,0.0003389292978681624,True,0.7310360074043274,0.7308719158172607,0.0,1,0.9073170731707317,0.9073170731707317,0.0,True,early_stopped_cleanly
synthetic_axis_aligned,42,classification,ablation,TST-v1-Gate,TST-v1-Gate,1024,20,ok,,7,0.3023346155881882,0.9104234527687296,0.9073170731707317,0.12544582012231553,0.2567063192217522,0.003106379597997866,0.08869753777980804,0.00032542552798986435,True,0.7310339212417603,0.7309407591819763,0.0,1,0.9073170731707317,0.9073170731707317,0.0,True,early_stopped_cleanly
synthetic_axis_aligned,42,classification,ablation,TST-v1-Gate,TST-v1-Gate,1024,20,ok,,8,0.2997768819332123,0.9104234527687296,0.9073170731707317,0.22618349260443954,0.5265022812701171,0.003106379597997866,0.08880245685577393,0.00033873229403980076,True,0.7310284376144409,0.7310208082199097,0.0,1,0.9073170731707317,0.9073170731707317,0.0,True,early_stopped_cleanly
synthetic_axis_aligned,42,classification,ablation,TST-v1-Gate,TST-v1-Gate,1024,20,ok,,9,0.3027010798454285,0.9104234527687296,0.9073170731707317,0.09553126598884036,0.14389612810305166,0.003106379597997866,0.08667892962694168,0.00035326683428138494,True,0.7310233116149902,0.7311098575592041,0.0,1,0.9073170731707317,0.9073170731707317,0.0,True,early_stopped_cleanly
synthetic_axis_aligned,42,classification,ablation,TST-v1-Gate,TST-v1-Gate,1024,20,ok,,10,0.30278458893299104,0.9104234527687296,0.9073170731707317,0.2053774899064634,0.40433703308080865,0.003106379597997866,0.08734595030546188,0.0003815896634478122,True,0.7310166358947754,0.7312096357345581,0.0,1,0.9073170731707317,0.9073170731707317,0.0,True,early_stopped_cleanly
synthetic_axis_aligned,42,classification,ablation,TST-v1-Gate,TST-v1-Gate,1024,20,ok,,11,0.30374898612499235,0.9104234527687296,0.9073170731707317,0.15654194250235268,0.250498099386223,0.003106379597997866,0.09066466987133026,0.0004305954498704523,True,0.7310115098953247,0.7313323616981506,0.0,1,0.9073170731707317,0.9073170731707317,0.0,True,early_stopped_cleanly
synthetic_axis_aligned,42,classification,ablation,TST-v2-GateFourier,TST-v2-GateFourier,1024,20,ok,,1,0.3978589177131653,0.9104234527687296,0.9073170731707317,2.108518203165273,3.8436982833594917,0.003106379597997866,0.15635080635547638,0.00036426971200853586,True,0.7310643196105957,0.7309010028839111,0.0,1,0.9073170731707317,0.9073170731707317,0.0,True,early_stopped_cleanly
synthetic_axis_aligned,42,classification,ablation,TST-v2-GateFourier,TST-v2-GateFourier,1024,20,ok,,2,0.29945085346698763,0.9104234527687296,0.9073170731707317,0.25166619051783623,0.542610133147316,0.003106379597997866,0.052961479872465134,3.161430868203752e-05,True,0.7309023141860962,0.7307206392288208,0.0,1,0.9073170731707317,0.9073170731707317,0.0,True,early_stopped_cleanly
synthetic_axis_aligned,42,classification,ablation,TST-v2-GateFourier,TST-v2-GateFourier,1024,20,ok,,3,0.3107111036777496,0.9104234527687296,0.9073170731707317,0.33153633739684746,0.6071974444755993,0.003106379597997866,0.07740314304828644,2.876283360819798e-05,True,0.7308114767074585,0.7305718660354614,0.0,1,0.9073170731707317,0.9073170731707317,0.0,True,early_stopped_cleanly
synthetic_axis_aligned,42,classification,ablation,TST-v2-GateFourier,TST-v2-GateFourier,1024,20,ok,,4,0.3009768664836884,0.9104234527687296,0.9073170731707317,0.1275858033205474,0.28350746021311457,0.003106379597997866,0.10876094549894333,3.455697878962383e-05,True,0.7307435274124146,0.7304332256317139,0.0,1,0.9073170731707317,0.9073170731707317,0.0,True,early_stopped_cleanly
synthetic_axis_aligned,42,classification,ablation,TST-v2-GateFourier,TST-v2-GateFourier,1024,20,ok,,5,0.3050121307373047,0.9104234527687296,0.9073170731707317,0.18653829032990793,0.3701929715753273,0.003106379597997866,0.10156717896461487,2.9995982913533226e-05,True,0.7306818962097168,0.730316162109375,0.0,1,0.9073170731707317,0.9073170731707317,0.0,True,early_stopped_cleanly
synthetic_axis_aligned,42,classification,ablation,TST-v2-GateFourier,TST-v2-GateFourier,1024,20,ok,,6,0.30176988840103147,0.9104234527687296,0.9073170731707317,0.08847779686559118,0.1546179074020089,0.003106379597997866,0.08750095963478088,2.5387525965925306e-05,True,0.7306248545646667,0.7302286028862,0.0,1,0.9073170731707317,0.9073170731707317,0.0,True,early_stopped_cleanly
synthetic_axis_aligned,42,classification,ablation,TST-v2-GateFourier,TST-v2-GateFourier,1024,20,ok,,7,0.3007436156272888,0.9104234527687296,0.9073170731707317,0.07067676850957819,0.17917009860044894,0.003106379597997866,0.08497365564107895,2.5645025743870065e-05,True,0.7305730581283569,0.73023521900177,0.0,1,0.9073170731707317,0.9073170731707317,0.0,True,early_stopped_cleanly
synthetic_axis_aligned,42,classification,ablation,TST-v2-GateFourier,TST-v2-GateFourier,1024,20,ok,,8,0.3027839481830597,0.9104234527687296,0.9073170731707317,0.19645028608535128,0.49208030210250603,0.003106379597997866,0.08713694661855698,2.7890902856597677e-05,True,0.7305231690406799,0.7302378416061401,0.0,1,0.9073170731707317,0.9073170731707317,0.0,True,early_stopped_cleanly
synthetic_axis_aligned,42,classification,ablation,TST-v2-GateFourier,TST-v2-GateFourier,1024,20,ok,,9,0.30464533269405364,0.9104234527687296,0.9073170731707317,0.25490931426864616,0.5480817368634314,0.003106379597997866,0.09910636395215988,3.626892430474982e-05,True,0.7304786443710327,0.7301963567733765,0.0,1,0.9073170731707317,0.9073170731707317,0.0,True,early_stopped_cleanly
synthetic_axis_aligned,42,classification,ablation,TST-v2-GateFourier,TST-v2-GateFourier,1024,20,ok,,10,0.30148229002952576,0.9104234527687296,0.9073170731707317,0.08487166508460472,0.10869433558269394,0.003106379597997866,0.093719482421875,3.7140780477784574e-05,True,0.7304341793060303,0.7301548719406128,0.0,1,0.9073170731707317,0.9073170731707317,0.0,True,early_stopped_cleanly
synthetic_axis_aligned,42,classification,ablation,TST-v2-GateFourier,TST-v2-GateFourier,1024,20,ok,,11,0.30161925554275515,0.9104234527687296,0.9073170731707317,0.12383278625001584,0.2409364500654117,0.003106379597997866,0.08810368925333023,3.858888157992624e-05,True,0.7303930521011353,0.7301236987113953,0.0,1,0.9073170731707317,0.9073170731707317,0.0,True,early_stopped_cleanly
synthetic_axis_aligned,42,classification,ablation,TST-v3-MoE,TST-v3-MoE,1024,20,ok,,1,0.3854920923709869,0.9104234527687296,0.9073170731707317,1.8645653117915426,8.388138814088707,0.003106379597997866,0.07330439239740372,5.0415052101016045e-05,True,0.7311643362045288,0.7314809560775757,0.0,1,0.9073170731707317,0.9073170731707317,0.0,True,early_stopped_cleanly
synthetic_axis_aligned,42,classification,ablation,TST-v3-MoE,TST-v3-MoE,1024,20,ok,,2,0.30270822048187257,0.9104234527687296,0.9073170731707317,0.09512923900971695,0.20246609703417515,0.003106379597997866,0.08738985657691956,6.669594586128369e-05,True,0.7311661243438721,0.7315816879272461,0.0,1,0.9073170731707317,0.9073170731707317,0.0,True,early_stopped_cleanly
synthetic_axis_aligned,42,classification,ablation,TST-v3-MoE,TST-v3-MoE,1024,20,ok,,3,0.3045877873897552,0.9104234527687296,0.9073170731707317,0.18156873221616907,0.3377357846040099,0.003106379597997866,0.0733499825000763,3.0775470804655924e-05,True,0.7311571836471558,0.7316036224365234,0.0,1,0.9073170731707317,0.9073170731707317,0.0,True,early_stopped_cleanly
synthetic_axis_aligned,42,classification,ablation,TST-v3-MoE,TST-v3-MoE,1024,20,ok,,4,0.30562280118465424,0.9104234527687296,0.9073170731707317,0.18719900736497866,0.35540070922997785,0.003106379597997866,0.08573174476623535,4.4294607505435124e-05,True,0.7311466932296753,0.7319275140762329,0.0,1,0.9073170731707317,0.9073170731707317,0.0,True,early_stopped_cleanly
synthetic_axis_aligned,42,classification,ablation,TST-v3-MoE,TST-v3-MoE,1024,20,ok,,5,0.3026719391345978,0.9104234527687296,0.9073170731707317,0.10698495041811726,0.16500301458265565,0.003106379597997866,0.08612064272165298,5.053642234997824e-05,True,0.73113614320755,0.7319409251213074,0.0,1,0.9073170731707317,0.9073170731707317,0.0,True,early_stopped_cleanly
synthetic_axis_aligned,42,classification,ablation,TST-v3-MoE,TST-v3-MoE,1024,20,ok,,6,0.29870207905769347,0.9104234527687296,0.9073170731707317,0.1985749528056669,0.4104642853926513,0.003106379597997866,0.08451202511787415,5.7984841987490654e-05,True,0.7311297059059143,0.7319371700286865,0.0,1,0.9073170731707317,0.9073170731707317,0.0,True,early_stopped_cleanly
synthetic_axis_aligned,42,classification,ablation,TST-v3-MoE,TST-v3-MoE,1024,20,ok,,7,0.2974539786577225,0.9104234527687296,0.9073170731707317,0.1553183675599442,0.25162227379823005,0.003106379597997866,0.07974755764007568,6.237351772142574e-05,True,0.7311258316040039,0.7319207191467285,0.0,1,0.9073170731707317,0.9073170731707317,0.0,True,early_stopped_cleanly
synthetic_axis_aligned,42,classification,ablation,TST-v3-MoE,TST-v3-MoE,1024,20,ok,,8,0.30666966140270235,0.9104234527687296,0.9073170731707317,0.21144575004311741,0.31677633048834813,0.003106379597997866,0.07292507588863373,6.104294880060479e-05,True,0.7311226725578308,0.7318898439407349,0.0,1,0.9073170731707317,0.9073170731707317,0.0,True,early_stopped_cleanly
synthetic_axis_aligned,42,classification,ablation,TST-v3-MoE,TST-v3-MoE,1024,20,ok,,9,0.3052710235118866,0.9104234527687296,0.9073170731707317,0.14364480460915957,0.2595525570579317,0.003106379597997866,0.08169697225093842,9.667414269642904e-05,True,0.73112952709198,0.7318903207778931,0.0,1,0.9073170731707317,0.9073170731707317,0.0,True,early_stopped_cleanly
synthetic_axis_aligned,42,classification,ablation,TST-v3-MoE,TST-v3-MoE,1024,20,ok,,10,0.3018345355987549,0.9104234527687296,0.9073170731707317,0.08114054102298801,0.13819112118946075,0.003106379597997866,0.0904507115483284,0.00015508561045862734,True,0.7311548590660095,0.731836199760437,0.0,1,0.9073170731707317,0.9073170731707317,0.0,True,early_stopped_cleanly
synthetic_axis_aligned,42,classification,ablation,TST-v3-MoE,TST-v3-MoE,1024,20,ok,,11,0.3029013127088547,0.9104234527687296,0.9073170731707317,0.17917340183784314,0.2955704470618898,0.003106379597997866,0.0896642655134201,0.00019802535825874656,True,0.7311997413635254,0.7318012714385986,0.0,1,0.9073170731707317,0.9073170731707317,0.0,True,early_stopped_cleanly
synthetic_xor,42,classification,ablation,TST-v0,TST-v0,1024,20,ok,,1,1.1308363914489745,0.49022801302931596,0.4878048780487805,8.522629690402153,17.61502396033555,0.0024231349805354796,0.34412410855293274,0.0023136590607464314,False,,,,2,0.5121951219512195,0.4926829268292683,0.019512195121951237,True,early_stopped_cleanly
synthetic_xor,42,classification,ablation,TST-v0,TST-v0,1024,20,ok,,2,0.6996292233467102,0.509771986970684,0.5121951219512195,0.5266440894064839,1.2331641637203286,-0.0024231349805354796,0.6531035900115967,0.0008361935033462942,False,,,,2,0.5121951219512195,0.4926829268292683,0.019512195121951237,True,early_stopped_cleanly
synthetic_xor,42,classification,ablation,TST-v0,TST-v0,1024,20,ok,,3,0.735964834690094,0.509771986970684,0.5121951219512195,1.2800963221452288,1.6306301436434634,-0.0024231349805354796,0.6265581846237183,0.0005824881372973323,False,,,,2,0.5121951219512195,0.4926829268292683,0.019512195121951237,True,early_stopped_cleanly
synthetic_xor,42,classification,ablation,TST-v0,TST-v0,1024,20,ok,,4,0.7044110655784607,0.509771986970684,0.5121951219512195,0.5887084718497151,1.14799345326568,-0.0024231349805354796,0.5122705101966858,0.0005424213595688343,False,,,,2,0.5121951219512195,0.4926829268292683,0.019512195121951237,True,early_stopped_cleanly
synthetic_xor,42,classification,ablation,TST-v0,TST-v0,1024,20,ok,,5,0.6973160147666931,0.49022801302931596,0.4878048780487805,0.49536419003836263,0.6938137930786608,0.0024231349805354796,0.4503469467163086,0.0004913095617666841,False,,,,2,0.5121951219512195,0.4926829268292683,0.019512195121951237,True,early_stopped_cleanly
synthetic_xor,42,classification,ablation,TST-v0,TST-v0,1024,20,ok,,6,0.6998676061630249,0.49022801302931596,0.4878048780487805,0.5618296380250501,0.7794339591263459,0.0024231349805354796,0.465592622756958,0.0004303466703277081,False,,,,2,0.5121951219512195,0.4926829268292683,0.019512195121951237,True,early_stopped_cleanly
synthetic_xor,42,classification,ablation,TST-v0,TST-v0,1024,20,ok,,7,0.695685613155365,0.509771986970684,0.5121951219512195,0.33096536083083433,0.4472715357359338,-0.0024231349805354796,0.5020765662193298,0.0003840543795377016,False,,,,2,0.5121951219512195,0.4926829268292683,0.019512195121951237,True,early_stopped_cleanly
synthetic_xor,42,classification,ablation,TST-v0,TST-v0,1024,20,ok,,8,0.6926008343696595,0.509771986970684,0.5121951219512195,0.28145154110823845,0.6765161421521915,-0.0024231349805354796,0.5253937244415283,0.0003600938362069428,False,,,,2,0.5121951219512195,0.4926829268292683,0.019512195121951237,True,early_stopped_cleanly
synthetic_xor,42,classification,ablation,TST-v0,TST-v0,1024,20,ok,,9,0.6934279561042785,0.509771986970684,0.5121951219512195,0.25141615242460863,0.6040075084292433,-0.0024231349805354796,0.5322088003158569,0.0003531108086463064,False,,,,2,0.5121951219512195,0.4926829268292683,0.019512195121951237,True,early_stopped_cleanly
synthetic_xor,42,classification,ablation,TST-v0,TST-v0,1024,20,ok,,10,0.6931914210319519,0.509771986970684,0.5121951219512195,0.18115859060769163,0.45000753868110904,-0.0024231349805354796,0.521126389503479,0.00036033461219631135,False,,,,2,0.5121951219512195,0.4926829268292683,0.019512195121951237,True,early_stopped_cleanly
synthetic_xor,42,classification,ablation,TST-v0,TST-v0,1024,20,ok,,11,0.6931795597076416,0.509771986970684,0.5121951219512195,0.13441724552108542,0.24864147713834908,-0.0024231349805354796,0.5063788890838623,0.00037441300810314715,False,,,,2,0.5121951219512195,0.4926829268292683,0.019512195121951237,True,early_stopped_cleanly
synthetic_xor,42,classification,ablation,TST-v0,TST-v0,1024,20,ok,,12,0.6929063081741333,0.50814332247557,0.4926829268292683,0.21689382129783033,0.34915924178828767,0.01546039564630175,0.49926474690437317,0.0003896752605214715,False,,,,2,0.5121951219512195,0.4926829268292683,0.019512195121951237,True,early_stopped_cleanly
synthetic_xor,42,classification,ablation,TST-v1-Gate,TST-v1-Gate,1024,20,ok,,1,1.1326873540878295,0.49022801302931596,0.4878048780487805,10.428602166950602,22.979900547390486,0.0024231349805354796,0.3437637984752655,0.002149952342733741,True,0.7311121225357056,0.7312878370285034,0.0,2,0.5121951219512195,0.4975609756097561,0.014634146341463428,True,early_stopped_cleanly
synthetic_xor,42,classification,ablation,TST-v1-Gate,TST-v1-Gate,1024,20,ok,,2,0.6997300505638122,0.509771986970684,0.5121951219512195,0.5361611762315605,1.2720742567460634,-0.0024231349805354796,0.6527717113494873,0.0007662509451620281,True,0.731106162071228,0.7314249873161316,0.0,2,0.5121951219512195,0.4975609756097561,0.014634146341463428,True,early_stopped_cleanly
synthetic_xor,42,classification,ablation,TST-v1-Gate,TST-v1-Gate,1024,20,ok,,3,0.7358044147491455,0.509771986970684,0.5121951219512195,1.2791112598286711,1.6312500031259292,-0.0024231349805354796,0.6262639760971069,0.0005357838817872107,True,0.7311198711395264,0.73149573802948,0.0,2,0.5121951219512195,0.4975609756097561,0.014634146341463428,True,early_stopped_cleanly
synthetic_xor,42,classification,ablation,TST-v1-Gate,TST-v1-Gate,1024,20,ok,,4,0.7043945908546447,0.509771986970684,0.5121951219512195,0.5864473397631362,1.146088704977298,-0.0024231349805354796,0.5118668675422668,0.0005025400896556675,True,0.7311340570449829,0.7315746545791626,0.0,2,0.5121951219512195,0.4975609756097561,0.014634146341463428,True,early_stopped_cleanly
synthetic_xor,42,classification,ablation,TST-v1-Gate,TST-v1-Gate,1024,20,ok,,5,0.6974399089813232,0.49022801302931596,0.4878048780487805,0.49748266559958026,0.6984377482757607,0.0024231349805354796,0.4502250552177429,0.00045568353380076587,True,0.7311393618583679,0.73163902759552,0.0,2,0.5121951219512195,0.4975609756097561,0.014634146341463428,True,early_stopped_cleanly
synthetic_xor,42,classification,ablation,TST-v1-Gate,TST-v1-Gate,1024,20,ok,,6,0.699943733215332,0.49022801302931596,0.4878048780487805,0.5626063248268172,0.780194643009037,0.0024231349805354796,0.4660855233669281,0.0003955027204938233,True,0.7311426401138306,0.7316716909408569,0.0,2,0.5121951219512195,0.4975609756097561,0.014634146341463428,True,early_stopped_cleanly
synthetic_xor,42,classification,ablation,TST-v1-Gate,TST-v1-Gate,1024,20,ok,,7,0.6957097887992859,0.509771986970684,0.5121951219512195,0.328537210844358,0.443146010322713,-0.0024231349805354796,0.5027311444282532,0.00034957355819642544,True,0.7311414480209351,0.731683075428009,0.0,2,0.5121951219512195,0.4975609756097561,0.014634146341463428,True,early_stopped_cleanly
synthetic_xor,42,classification,ablation,TST-v1-Gate,TST-v1-Gate,1024,20,ok,,8,0.6926775813102722,0.509771986970684,0.5121951219512195,0.2807599700442532,0.6819057466379044,-0.0024231349805354796,0.5256962180137634,0.0003260381054133177,True,0.731135368347168,0.7316848039627075,0.0,2,0.5121951219512195,0.4975609756097561,0.014634146341463428,True,early_stopped_cleanly
synthetic_xor,42,classification,ablation,TST-v1-Gate,TST-v1-Gate,1024,20,ok,,9,0.6935072302818298,0.509771986970684,0.5121951219512195,0.2517712383476425,0.6041173937737185,-0.0024231349805354796,0.5320813655853271,0.0003188556875102222,True,0.7311257123947144,0.7316813468933105,0.0,2,0.5121951219512195,0.4975609756097561,0.014634146341463428,True,early_stopped_cleanly
synthetic_xor,42,classification,ablation,TST-v1-Gate,TST-v1-Gate,1024,20,ok,,10,0.6932472467422486,0.509771986970684,0.5121951219512195,0.18008692270462653,0.4474171739723003,-0.0024231349805354796,0.5208078026771545,0.00032490838202647865,True,0.7311137914657593,0.7316763401031494,0.0,2,0.5121951219512195,0.4975609756097561,0.014634146341463428,True,early_stopped_cleanly
synthetic_xor,42,classification,ablation,TST-v1-Gate,TST-v1-Gate,1024,20,ok,,11,0.6932472944259643,0.509771986970684,0.5121951219512195,0.1339316834632128,0.24655492837065043,-0.0024231349805354796,0.506188154220581,0.0003371682541910559,True,0.7311005592346191,0.731669545173645,0.0,2,0.5121951219512195,0.4975609756097561,0.014634146341463428,True,early_stopped_cleanly
synthetic_xor,42,classification,ablation,TST-v1-Gate,TST-v1-Gate,1024,20,ok,,12,0.6930006861686706,0.504885993485342,0.4975609756097561,0.21738326672269198,0.348835936184873,0.007325017875585926,0.4993346929550171,0.000350086746038869,True,0.7310869097709656,0.731657862663269,0.0,2,0.5121951219512195,0.4975609756097561,0.014634146341463428,True,early_stopped_cleanly
synthetic_xor,42,classification,ablation,TST-v2-GateFourier,TST-v2-GateFourier,1024,20,ok,,1,1.135979700088501,0.509771986970684,0.5121951219512195,8.430150209990618,19.497561335064322,-0.0024231349805354796,0.5191628932952881,0.00022503905347548425,True,0.7309281229972839,0.7309972047805786,0.0,1,0.5121951219512195,0.5121951219512195,0.0,True,early_stopped_cleanly
synthetic_xor,42,classification,ablation,TST-v2-GateFourier,TST-v2-GateFourier,1024,20,ok,,2,0.7331353664398194,0.49022801302931596,0.4878048780487805,1.2962647216031915,2.337260240518176,0.0024231349805354796,0.36183828115463257,5.8956404245691374e-05,True,0.7307924628257751,0.730749249458313,0.0,1,0.5121951219512195,0.5121951219512195,0.0,True,early_stopped_cleanly
synthetic_xor,42,classification,ablation,TST-v2-GateFourier,TST-v2-GateFourier,1024,20,ok,,3,0.7246705055236816,0.509771986970684,0.5121951219512195,1.1962570979910576,2.4323659155454975,-0.0024231349805354796,0.5630420446395874,0.00010083635424962267,True,0.7306960821151733,0.730585515499115,0.0,1,0.5121951219512195,0.5121951219512195,0.0,True,early_stopped_cleanly
synthetic_xor,42,classification,ablation,TST-v2-GateFourier,TST-v2-GateFourier,1024,20,ok,,4,0.7021211743354797,0.509771986970684,0.5121951219512195,0.6350366651630646,1.0275675244124514,-0.0024231349805354796,0.5620517730712891,7.12764376658015e-05,True,0.7306190729141235,0.7304694652557373,0.0,1,0.5121951219512195,0.5121951219512195,0.0,True,early_stopped_cleanly
synthetic_xor,42,classification,ablation,TST-v2-GateFourier,TST-v2-GateFourier,1024,20,ok,,5,0.698110842704773,0.49022801302931596,0.4878048780487805,0.5835979902476526,0.8968541897954817,0.0024231349805354796,0.4880825877189636,4.344865374150686e-05,True,0.7305558323860168,0.7303895950317383,0.0,1,0.5121951219512195,0.5121951219512195,0.0,True,early_stopped_cleanly
synthetic_xor,42,classification,ablation,TST-v2-GateFourier,TST-v2-GateFourier,1024,20,ok,,6,0.6953644156455994,0.49022801302931596,0.4878048780487805,0.45365726406239776,0.6887226026067839,0.0024231349805354796,0.48192131519317627,3.776757512241602e-05,True,0.7305076718330383,0.7303436994552612,0.0,1,0.5121951219512195,0.5121951219512195,0.0,True,early_stopped_cleanly
synthetic_xor,42,classification,ablation,TST-v2-GateFourier,TST-v2-GateFourier,1024,20,ok,,7,0.6945005655288696,0.509771986970684,0.5121951219512195,0.4539626795279931,0.9548361961465746,-0.0024231349805354796,0.5079111456871033,3.929749072995037e-05,True,0.7304686307907104,0.7303053736686707,0.0,1,0.5121951219512195,0.5121951219512195,0.0,True,early_stopped_cleanly
synthetic_xor,42,classification,ablation,TST-v2-GateFourier,TST-v2-GateFourier,1024,20,ok,,8,0.6933650732040405,0.509771986970684,0.5121951219512195,0.16177168350775234,0.31411363639813866,-0.0024231349805354796,0.5173642039299011,3.951564576709643e-05,True,0.7304338216781616,0.7302708625793457,0.0,1,0.5121951219512195,0.5121951219512195,0.0,True,early_stopped_cleanly
synthetic_xor,42,classification,ablation,TST-v2-GateFourier,TST-v2-GateFourier,1024,20,ok,,9,0.6930656194686889,0.509771986970684,0.5121951219512195,0.22132178667181326,0.4721599656109274,-0.0024231349805354796,0.5183070302009583,3.91672583646141e-05,True,0.7304017543792725,0.7302396893501282,0.0,1,0.5121951219512195,0.5121951219512195,0.0,True,early_stopped_cleanly
synthetic_xor,42,classification,ablation,TST-v2-GateFourier,TST-v2-GateFourier,1024,20,ok,,10,0.6928773403167725,0.509771986970684,0.5121951219512195,0.29425426486217243,0.4481229655013524,-0.0024231349805354796,0.5071497559547424,3.774911965592764e-05,True,0.7303712368011475,0.7302109599113464,0.0,1,0.5121951219512195,0.5121951219512195,0.0,True,early_stopped_cleanly
synthetic_xor,42,classification,ablation,TST-v2-GateFourier,TST-v2-GateFourier,1024,20,ok,,11,0.693283212184906,0.509771986970684,0.5121951219512195,0.23794464477826177,0.4396218490318075,-0.0024231349805354796,0.5091858506202698,4.025174712296575e-05,True,0.7303417921066284,0.7301871180534363,0.0,1,0.5121951219512195,0.5121951219512195,0.0,True,early_stopped_cleanly
synthetic_xor,42,classification,ablation,TST-v3-MoE,TST-v3-MoE,1024,20,ok,,1,0.7609184741973877,0.49022801302931596,0.4878048780487805,2.0328547918167246,4.975347635274948,0.0024231349805354796,0.4697558879852295,0.0004933342570438981,True,0.7310503721237183,0.7310855984687805,0.0,2,0.5121951219512195,0.5121951219512195,0.0,True,early_stopped_cleanly
synthetic_xor,42,classification,ablation,TST-v3-MoE,TST-v3-MoE,1024,20,ok,,2,0.7004251956939698,0.509771986970684,0.5121951219512195,0.644977409337004,1.324215102080096,-0.0024231349805354796,0.5637742877006531,0.0002480819821357727,True,0.7310413718223572,0.7311539649963379,0.0,2,0.5121951219512195,0.5121951219512195,0.0,True,early_stopped_cleanly
synthetic_xor,42,classification,ablation,TST-v3-MoE,TST-v3-MoE,1024,20,ok,,3,0.6965352535247803,0.49022801302931596,0.4878048780487805,0.5196790075049085,0.7716267006276509,0.0024231349805354796,0.4570198655128479,0.0001429629191989079,True,0.7309877276420593,0.7311514019966125,0.0,2,0.5121951219512195,0.5121951219512195,0.0,True,early_stopped_cleanly
synthetic_xor,42,classification,ablation,TST-v3-MoE,TST-v3-MoE,1024,20,ok,,4,0.696963882446289,0.509771986970684,0.5121951219512195,0.30058083457726426,0.813050408205208,-0.0024231349805354796,0.5106311440467834,0.0001221743441419676,True,0.7309376001358032,0.7311478853225708,0.0,2,0.5121951219512195,0.5121951219512195,0.0,True,early_stopped_cleanly
synthetic_xor,42,classification,ablation,TST-v3-MoE,TST-v3-MoE,1024,20,ok,,5,0.6925355195999146,0.509771986970684,0.5121951219512195,0.2582136229852142,0.46784538983732366,-0.0024231349805354796,0.5266788601875305,0.00011321164492983371,True,0.7308905720710754,0.7311148047447205,0.0,2,0.5121951219512195,0.5121951219512195,0.0,True,early_stopped_cleanly
synthetic_xor,42,classification,ablation,TST-v3-MoE,TST-v3-MoE,1024,20,ok,,6,0.69414803981781,0.509771986970684,0.5121951219512195,0.19093151128448668,0.41027055731508644,-0.0024231349805354796,0.5102883577346802,0.00011361219367245212,True,0.7308461666107178,0.7310700416564941,0.0,2,0.5121951219512195,0.5121951219512195,0.0,True,early_stopped_cleanly
synthetic_xor,42,classification,ablation,TST-v3-MoE,TST-v3-MoE,1024,20,ok,,7,0.6938471317291259,0.509771986970684,0.5121951219512195,0.3055949905896487,0.5424570675191257,-0.0024231349805354796,0.5140566229820251,0.00011843341053463519,True,0.730803370475769,0.7310099601745605,0.0,2,0.5121951219512195,0.5121951219512195,0.0,True,early_stopped_cleanly
synthetic_xor,42,classification,ablation,TST-v3-MoE,TST-v3-MoE,1024,20,ok,,8,0.6932214617729187,0.509771986970684,0.5121951219512195,0.3400549139994275,0.44951367201722914,-0.0024231349805354796,0.5033835172653198,0.0001247119507752359,True,0.7307600975036621,0.7309467792510986,0.0,2,0.5121951219512195,0.5121951219512195,0.0,True,early_stopped_cleanly
synthetic_xor,42,classification,ablation,TST-v3-MoE,TST-v3-MoE,1024,20,ok,,9,0.6954054594039917,0.49022801302931596,0.4878048780487805,0.32745303368687007,0.8498070720821483,0.0024231349805354796,0.4937325417995453,0.0001347540382994339,True,0.7307185530662537,0.730880081653595,0.0,2,0.5121951219512195,0.5121951219512195,0.0,True,early_stopped_cleanly
synthetic_xor,42,classification,ablation,TST-v3-MoE,TST-v3-MoE,1024,20,ok,,10,0.6937583088874817,0.509771986970684,0.5121951219512195,0.4285575485851661,0.7161894744033303,-0.0024231349805354796,0.5254906415939331,0.0001419184118276462,True,0.7306746244430542,0.7308749556541443,0.0,2,0.5121951219512195,0.5121951219512195,0.0,True,early_stopped_cleanly
synthetic_xor,42,classification,ablation,TST-v3-MoE,TST-v3-MoE,1024,20,ok,,11,0.6942001104354858,0.509771986970684,0.5121951219512195,0.26335177901163725,0.5868827499874694,-0.0024231349805354796,0.5208346247673035,0.00015080193406902254,True,0.7306404709815979,0.7308458089828491,0.0,2,0.5121951219512195,0.5121951219512195,0.0,True,early_stopped_cleanly
synthetic_xor,42,classification,ablation,TST-v3-MoE,TST-v3-MoE,1024,20,ok,,12,0.6934684038162231,0.509771986970684,0.5121951219512195,0.16842922256061915,0.5340131666256329,-0.0024231349805354796,0.5092968344688416,0.0001626398297958076,True,0.7306127548217773,0.7307908535003662,0.0,2,0.5121951219512195,0.5121951219512195,0.0,True,early_stopped_cleanly
synthetic_piecewise,42,regression,ablation,TST-v0,TST-v0,1024,20,ok,,1,2.526349115371704,0.944343101371725,0.8783414254970915,56.44629118794167,157.26321268140006,-0.06600167587463346,0.6535419821739197,0.011098033748567104,False,,,,8,0.7710844524406618,0.7733175011225463,0.002233048681884453,True,early_stopped_cleanly
synthetic_piecewise,42,regression,ablation,TST-v0,TST-v0,1024,20,ok,,2,0.7967886447906494,0.9083238090809078,0.8654802373484285,4.243287339419089,8.026878660499627,-0.042843571732479324,-0.1586860716342926,0.003091998863965273,False,,,,8,0.7710844524406618,0.7733175011225463,0.002233048681884453,True,early_stopped_cleanly
synthetic_piecewise,42,regression,ablation,TST-v0,TST-v0,1024,20,ok,,3,0.8335917472839356,0.9059282586743871,0.8625645834474241,4.832859277560372,5.5934142474859545,-0.04336367522696294,-0.1523476243019104,0.0014248212100937963,False,,,,8,0.7710844524406618,0.7733175011225463,0.002233048681884453,True,early_stopped_cleanly
synthetic_piecewise,42,regression,ablation,TST-v0,TST-v0,1024,20,ok,,4,0.762168824672699,0.8436594314003701,0.789152574591276,3.321442335826309,4.035118905722702,-0.05450685680909417,0.0664287731051445,0.0009658740600571036,False,,,,8,0.7710844524406618,0.7733175011225463,0.002233048681884453,True,early_stopped_cleanly
synthetic_piecewise,42,regression,ablation,TST-v0,TST-v0,1024,20,ok,,5,0.6993064880371094,0.8343701508913327,0.7719103832088657,1.0632639612515076,2.0228942264686935,-0.06245976768246697,0.2689612805843353,0.0008441173704341054,False,,,,8,0.7710844524406618,0.7733175011225463,0.002233048681884453,True,early_stopped_cleanly
synthetic_piecewise,42,regression,ablation,TST-v0,TST-v0,1024,20,ok,,6,0.7001890778541565,0.8424637845572698,0.7781630755687717,1.294470932755994,1.8741510403143455,-0.06430070898849805,0.33861467242240906,0.0007733386592008173,False,,,,8,0.7710844524406618,0.7733175011225463,0.002233048681884453,True,early_stopped_cleanly
synthetic_piecewise,42,regression,ablation,TST-v0,TST-v0,1024,20,ok,,7,0.7101423859596252,0.8392337091618743,0.7754729873384658,1.7359462005222066,2.734612903770941,-0.06376072182340853,0.3163641691207886,0.0007018613978289068,False,,,,8,0.7710844524406618,0.7733175011225463,0.002233048681884453,True,early_stopped_cleanly
synthetic_piecewise,42,regression,ablation,TST-v0,TST-v0,1024,20,ok,,8,0.6974796652793884,0.8323955186227385,0.7710844524406618,1.0154403442529742,2.206152915528449,-0.06131106618207671,0.23337595164775848,0.0006409829366020858,False,,,,8,0.7710844524406618,0.7733175011225463,0.002233048681884453,True,early_stopped_cleanly
synthetic_piecewise,42,regression,ablation,TST-v0,TST-v0,1024,20,ok,,9,0.7023777723312378,0.8330211929015858,0.7742804740375018,0.8024572272619961,1.4239949057786505,-0.05874071886408405,0.1636878103017807,0.0006028162315487862,False,,,,8,0.7710844524406618,0.7733175011225463,0.002233048681884453,True,early_stopped_cleanly
synthetic_piecewise,42,regression,ablation,TST-v0,TST-v0,1024,20,ok,,10,0.6952088356018067,0.8341940051301243,0.7762291743606992,0.9966310674258416,2.3551342763679637,-0.05796483076942516,0.14469702541828156,0.0005798630299977958,False,,,,8,0.7710844524406618,0.7733175011225463,0.002233048681884453,True,early_stopped_cleanly
synthetic_piecewise,42,regression,ablation,TST-v0,TST-v0,1024,20,ok,,11,0.6912449359893799,0.8327005407716203,0.7737111079682422,0.641201785053876,1.5605894960294695,-0.058989432803378095,0.17005455493927002,0.0005666700890287757,False,,,,8,0.7710844524406618,0.7733175011225463,0.002233048681884453,True,early_stopped_cleanly
synthetic_piecewise,42,regression,ablation,TST-v0,TST-v0,1024,20,ok,,12,0.6960219144821167,0.8319692454270508,0.7719821531229174,0.5336537388908962,0.9929785340331734,-0.05998709230413335,0.1961539089679718,0.000556650513317436,False,,,,8,0.7710844524406618,0.7733175011225463,0.002233048681884453,True,early_stopped_cleanly
synthetic_piecewise,42,regression,ablation,TST-v0,TST-v0,1024,20,ok,,13,0.6937283515930176,0.8319040120580741,0.771471202110145,0.624604740528679,1.5133916534630527,-0.0604328099479291,0.20838302373886108,0.0005471696495078504,False,,,,8,0.7710844524406618,0.7733175011225463,0.002233048681884453,True,early_stopped_cleanly
synthetic_piecewise,42,regression,ablation,TST-v0,TST-v0,1024,20,ok,,14,0.6954035639762879,0.8319684931768245,0.7712169714954736,0.3245168959162913,0.6275238729924826,-0.060751521681350895,0.21737635135650635,0.0005403569666668773,False,,,,8,0.7710844524406618,0.7733175011225463,0.002233048681884453,True,early_stopped_cleanly
synthetic_piecewise,42,regression,ablation,TST-v0,TST-v0,1024,20,ok,,15,0.6882430911064148,0.8319501165671811,0.7712262458172674,1.1828213342106182,2.539282876674906,-0.0607238707499137,0.21662761270999908,0.0005356993642635643,False,,,,8,0.7710844524406618,0.7733175011225463,0.002233048681884453,True,early_stopped_cleanly
synthetic_piecewise,42,regression,ablation,TST-v0,TST-v0,1024,20,ok,,16,0.6865490078926086,0.831926437725085,0.7719139737934675,0.4441870637772035,0.6639945693182544,-0.06001246393161752,0.19697211682796478,0.0005328243714757264,False,,,,8,0.7710844524406618,0.7733175011225463,0.002233048681884453,True,early_stopped_cleanly
synthetic_piecewise,42,regression,ablation,TST-v0,TST-v0,1024,20,ok,,17,0.6932390689849853,0.8319654125259447,0.7720857618211027,0.7685079278525525,1.9217699227830576,-0.059879650704842025,0.19342368841171265,0.0005327762337401509,False,,,,8,0.7710844524406618,0.7733175011225463,0.002233048681884453,True,early_stopped_cleanly
synthetic_piecewise,42,regression,ablation,TST-v0,TST-v0,1024,20,ok,,18,0.6895011067390442,0.8324679809003126,0.7733175011225463,0.5148987912847773,0.7787039489500016,-0.05915047977776633,0.17437200248241425,0.0005324474186636508,False,,,,8,0.7710844524406618,0.7733175011225463,0.002233048681884453,True,early_stopped_cleanly
synthetic_piecewise,42,regression,ablation,TST-v1-Gate,TST-v1-Gate,1024,20,ok,,1,2.532183885574341,0.943987966687076,0.877940346522648,70.15729815779578,205.2721922717246,-0.066047620164428,0.6527195572853088,0.010453416965901852,True,0.7310776710510254,0.7310224771499634,0.0,8,0.771091563985986,0.7733180791964527,0.002226515210466684,True,early_stopped_cleanly
synthetic_piecewise,42,regression,ablation,TST-v1-Gate,TST-v1-Gate,1024,20,ok,,2,0.7966271281242371,0.9081464524173612,0.8652580722982283,4.295636087296446,8.207176881505498,-0.042888380119132985,-0.15819966793060303,0.0028391291853040457,True,0.7310661673545837,0.7309379577636719,0.0,8,0.771091563985986,0.7733180791964527,0.002226515210466684,True,early_stopped_cleanly
synthetic_piecewise,42,regression,ablation,TST-v1-Gate,TST-v1-Gate,1024,20,ok,,3,0.8329370141029357,0.905415084604589,0.8619735271964705,4.8267064987594015,5.59167500486576,-0.0434415574081185,-0.15102754533290863,0.0013119046343490481,True,0.7310647368431091,0.7309044599533081,0.0,8,0.771091563985986,0.7733180791964527,0.002226515210466684,True,early_stopped_cleanly
synthetic_piecewise,42,regression,ablation,TST-v1-Gate,TST-v1-Gate,1024,20,ok,,4,0.7613791823387146,0.8433570299915472,0.7887621770725861,3.3033767350132743,4.020160454075338,-0.054594852918961045,0.06827784329652786,0.0009105434874072671,True,0.7310651540756226,0.7308826446533203,0.0,8,0.771091563985986,0.7733180791964527,0.002226515210466684,True,early_stopped_cleanly
synthetic_piecewise,42,regression,ablation,TST-v1-Gate,TST-v1-Gate,1024,20,ok,,5,0.6992448568344116,0.8345089408436691,0.7719956261283623,1.0688634756682327,2.000731368431714,-0.06251331471530686,0.2708013653755188,0.0008017925429157913,True,0.7310627698898315,0.7308657169342041,0.0,8,0.771091563985986,0.7733180791964527,0.002226515210466684,True,early_stopped_cleanly
synthetic_piecewise,42,regression,ablation,TST-v1-Gate,TST-v1-Gate,1024,20,ok,,6,0.7005665898323059,0.8425410404453586,0.7782319328644617,1.312061583338983,1.8975191818899173,-0.06430910758089692,0.3391205966472626,0.000733716122340411,True,0.731056809425354,0.730851411819458,0.0,8,0.771091563985986,0.7733180791964527,0.002226515210466684,True,early_stopped_cleanly
synthetic_piecewise,42,regression,ablation,TST-v1-Gate,TST-v1-Gate,1024,20,ok,,7,0.7101277232170105,0.8390823106185232,0.7753534956721596,1.7344549804930645,2.7303306041546107,-0.06372881494636362,0.3152160048484802,0.0006641899817623198,True,0.7310488224029541,0.7308389544487,0.0,8,0.771091563985986,0.7733180791964527,0.002226515210466684,True,early_stopped_cleanly
synthetic_piecewise,42,regression,ablation,TST-v1-Gate,TST-v1-Gate,1024,20,ok,,8,0.6972960829734802,0.8323285999784776,0.771091563985986,0.9969426867141153,2.194079728198933,-0.06123703599249164,0.23124054074287415,0.000605110835749656,True,0.7310394048690796,0.730827808380127,0.0,8,0.771091563985986,0.7733180791964527,0.002226515210466684,True,early_stopped_cleanly
synthetic_piecewise,42,regression,ablation,TST-v1-Gate,TST-v1-Gate,1024,20,ok,,9,0.7024489521980286,0.8331113440159216,0.7744404618717114,0.8047245999281761,1.4468794450543625,-0.058670882144210124,0.16197781264781952,0.0005669184029102325,True,0.7310293912887573,0.7308171987533569,0.0,8,0.771091563985986,0.7733180791964527,0.002226515210466684,True,early_stopped_cleanly
synthetic_piecewise,42,regression,ablation,TST-v1-Gate,TST-v1-Gate,1024,20,ok,,10,0.695390522480011,0.8342186556292858,0.776267298384361,1.0027781485092397,2.373764267812233,-0.05795135724492473,0.14439675211906433,0.0005435154889710248,True,0.7310193181037903,0.7308069467544556,0.0,8,0.771091563985986,0.7733180791964527,0.002226515210466684,True,early_stopped_cleanly
synthetic_piecewise,42,regression,ablation,TST-v1-Gate,TST-v1-Gate,1024,20,ok,,11,0.691297447681427,0.8326605982138098,0.7736328725952033,0.6431095203415291,1.564859072813999,-0.059027725618606475,0.17105945944786072,0.0005305605591274798,True,0.7310091257095337,0.7307969331741333,0.0,8,0.771091563985986,0.7733180791964527,0.002226515210466684,True,early_stopped_cleanly
synthetic_piecewise,42,regression,ablation,TST-v1-Gate,TST-v1-Gate,1024,20,ok,,12,0.6960755228996277,0.8319586780401101,0.7719258264649319,0.5322522059351372,0.9800192950821259,-0.06003285157517824,0.1974257528781891,0.0005209023365750909,True,0.7309987545013428,0.7307867407798767,0.0,8,0.771091563985986,0.7733180791964527,0.002226515210466684,True,early_stopped_cleanly
synthetic_piecewise,42,regression,ablation,TST-v1-Gate,TST-v1-Gate,1024,20,ok,,13,0.6938134670257569,0.8319104245709,0.7714567541658613,0.6266962599731976,1.5044620928624508,-0.060453670405038684,0.20900249481201172,0.0005115671665407717,True,0.7309882044792175,0.7307766675949097,0.0,8,0.771091563985986,0.7733180791964527,0.002226515210466684,True,early_stopped_cleanly
synthetic_piecewise,42,regression,ablation,TST-v1-Gate,TST-v1-Gate,1024,20,ok,,14,0.6954992532730102,0.8319716096376195,0.7712272118860405,0.32609500630676724,0.6272266085429332,-0.06074439775157903,0.21721036732196808,0.0005045122234150767,True,0.7309776544570923,0.7307668924331665,0.0,8,0.771091563985986,0.7733180791964527,0.002226515210466684,True,early_stopped_cleanly
synthetic_piecewise,42,regression,ablation,TST-v1-Gate,TST-v1-Gate,1024,20,ok,,15,0.6882864952087402,0.8319490060767897,0.7712468034996429,1.183166374300998,2.536439190057402,-0.06070220257714676,0.21603810787200928,0.0004995706840418279,True,0.7309670448303223,0.730756938457489,0.0,8,0.771091563985986,0.7733180791964527,0.002226515210466684,True,early_stopped_cleanly
synthetic_piecewise,42,regression,ablation,TST-v1-Gate,TST-v1-Gate,1024,20,ok,,16,0.6866339564323425,0.8319406236176238,0.7719512685555191,0.4427980631335909,0.6572927934602617,-0.05998935506210468,0.1963639110326767,0.0004957967321388423,True,0.7309561967849731,0.7307469844818115,0.0,8,0.771091563985986,0.7733180791964527,0.002226515210466684,True,early_stopped_cleanly
synthetic_piecewise,42,regression,ablation,TST-v1-Gate,TST-v1-Gate,1024,20,ok,,17,0.693344795703888,0.8319762663963631,0.7721025911315119,0.7683545394494455,1.920403681085991,-0.05987367526485121,0.19326923787593842,0.0004946812405250967,True,0.7309454679489136,0.7307369709014893,0.0,8,0.771091563985986,0.7733180791964527,0.002226515210466684,True,early_stopped_cleanly
synthetic_piecewise,42,regression,ablation,TST-v1-Gate,TST-v1-Gate,1024,20,ok,,18,0.6895868420600891,0.832473494076261,0.7733180791964527,0.5149909027759992,0.7793495135869424,-0.059155414879808355,0.17448943853378296,0.0004928058478981256,True,0.7309347987174988,0.7307271361351013,0.0,8,0.771091563985986,0.7733180791964527,0.002226515210466684,True,early_stopped_cleanly
synthetic_piecewise,42,regression,ablation,TST-v2-GateFourier,TST-v2-GateFourier,1024,20,ok,,1,3.576731061935425,0.8472740612603714,0.7824722266219568,45.663054347079665,81.28613446410185,-0.0648018346384146,0.3673725724220276,0.0009410899365320802,True,0.7308207750320435,0.7308351993560791,0.0,4,0.7710761040211556,0.7712710314932688,0.0001949274721132488,True,early_stopped_cleanly
synthetic_piecewise,42,regression,ablation,TST-v2-GateFourier,TST-v2-GateFourier,1024,20,ok,,2,0.8897525072097778,0.8873440054684725,0.8206755061997009,6.896766789732029,9.10734399912893,-0.06666849926877161,0.5150973200798035,0.0003256576310377568,True,0.7306299209594727,0.7306792736053467,0.0,4,0.7710761040211556,0.7712710314932688,0.0001949274721132488,True,early_stopped_cleanly
synthetic_piecewise,42,regression,ablation,TST-v2-GateFourier,TST-v2-GateFourier,1024,20,ok,,3,0.7390993714332581,0.893932058558225,0.8488997027662325,2.9388426138081774,5.374074496805548,-0.045032355791992495,-0.12086136639118195,0.0005747838877141476,True,0.7305172681808472,0.7306070327758789,0.0,4,0.7710761040211556,0.7712710314932688,0.0001949274721132488,True,early_stopped_cleanly
synthetic_piecewise,42,regression,ablation,TST-v2-GateFourier,TST-v2-GateFourier,1024,20,ok,,4,0.7430720686912536,0.8323332547399229,0.7710761040211556,2.906567283996332,4.957866037990915,-0.06125715071876736,0.23395007848739624,0.0002452684857416898,True,0.7304217219352722,0.730475127696991,0.0,4,0.7710761040211556,0.7712710314932688,0.0001949274721132488,True,early_stopped_cleanly
synthetic_piecewise,42,regression,ablation,TST-v2-GateFourier,TST-v2-GateFourier,1024,20,ok,,5,0.7063112735748291,0.8461175832447304,0.781421718798997,1.5154563099025242,2.057661376963351,-0.06469586444573339,0.36091482639312744,0.00014852405001875013,True,0.7303556799888611,0.7303752899169922,0.0,4,0.7710761040211556,0.7712710314932688,0.0001949274721132488,True,early_stopped_cleanly
synthetic_piecewise,42,regression,ablation,TST-v2-GateFourier,TST-v2-GateFourier,1024,20,ok,,6,0.7089547872543335,0.8318655359430582,0.7716616269998237,1.722191753661742,3.4039442781585185,-0.060203908943234574,0.203715518116951,0.00014569229097105563,True,0.7303072214126587,0.7303100228309631,0.0,4,0.7710761040211556,0.7712710314932688,0.0001949274721132488,True,early_stopped_cleanly
synthetic_piecewise,42,regression,ablation,TST-v2-GateFourier,TST-v2-GateFourier,1024,20,ok,,7,0.6984100818634034,0.8362595481498526,0.7793721327618044,0.8183343328123203,2.109372652708989,-0.0568874153880482,0.12059541791677475,0.0001460532221244648,True,0.7302725911140442,0.7302719354629517,0.0,4,0.7710761040211556,0.7712710314932688,0.0001949274721132488,True,early_stopped_cleanly
synthetic_piecewise,42,regression,ablation,TST-v2-GateFourier,TST-v2-GateFourier,1024,20,ok,,8,0.6940627574920655,0.8322036636163718,0.772799218877749,0.9814444900439512,1.5295543709842137,-0.05940444473862272,0.1822632998228073,0.00013188482262194157,True,0.7302477955818176,0.7302447557449341,0.0,4,0.7710761040211556,0.7712710314932688,0.0001949274721132488,True,early_stopped_cleanly
synthetic_piecewise,42,regression,ablation,TST-v2-GateFourier,TST-v2-GateFourier,1024,20,ok,,9,0.6854949355125427,0.8341122245616276,0.7717816516476514,0.7092799699812007,1.5852550436344193,-0.062330572913976146,0.2675611972808838,0.00011632346286205575,True,0.7302281856536865,0.7302238345146179,0.0,4,0.7710761040211556,0.7712710314932688,0.0001949274721132488,True,early_stopped_cleanly
synthetic_piecewise,42,regression,ablation,TST-v2-GateFourier,TST-v2-GateFourier,1024,20,ok,,10,0.6974603772163391,0.8318567227276683,0.7716432818198747,0.9797313480231559,1.3698862092972408,-0.06021344090779357,0.20394305884838104,0.00012654457532335073,True,0.730209469795227,0.7302041053771973,0.0,4,0.7710761040211556,0.7712710314932688,0.0001949274721132488,True,early_stopped_cleanly
synthetic_piecewise,42,regression,ablation,TST-v2-GateFourier,TST-v2-GateFourier,1024,20,ok,,11,0.6940589427947998,0.8328087983755902,0.7740250099660921,1.1355159105363946,2.1368517679157937,-0.05878378840949805,0.16632875800132751,0.00013585751003120095,True,0.7301934957504272,0.7301870584487915,0.0,4,0.7710761040211556,0.7712710314932688,0.0001949274721132488,True,early_stopped_cleanly
synthetic_piecewise,42,regression,ablation,TST-v2-GateFourier,TST-v2-GateFourier,1024,20,ok,,12,0.6937530755996704,0.831855504633644,0.7714473280884451,0.7762667433441155,1.5996795545797313,-0.06040817654519892,0.209361270070076,0.00012956999125890434,True,0.7301803231239319,0.7301725149154663,0.0,4,0.7710761040211556,0.7712710314932688,0.0001949274721132488,True,early_stopped_cleanly
synthetic_piecewise,42,regression,ablation,TST-v2-GateFourier,TST-v2-GateFourier,1024,20,ok,,13,0.6923453092575074,0.8322165197855578,0.7710541889898895,0.7084769823411085,1.19108108502704,-0.06116233079566824,0.231040358543396,0.0001316264533670619,True,0.7301678657531738,0.7301578521728516,0.0,4,0.7710761040211556,0.7712710314932688,0.0001949274721132488,True,early_stopped_cleanly
synthetic_piecewise,42,regression,ablation,TST-v2-GateFourier,TST-v2-GateFourier,1024,20,ok,,14,0.6964005947113037,0.8318951992503055,0.7712710314932688,0.5405034154607538,1.394944005284306,-0.06062416775703672,0.21545253694057465,0.0001409502438036725,True,0.7301552891731262,0.7301428914070129,0.0,4,0.7710761040211556,0.7712710314932688,0.0001949274721132488,True,early_stopped_cleanly
synthetic_piecewise,42,regression,ablation,TST-v3-MoE,TST-v3-MoE,1024,20,ok,,1,1.0021180748939513,0.8432504093226851,0.7789479098184163,8.773322683420862,25.488864492488283,-0.0643024995042688,0.34438762068748474,0.0005654438282363117,True,0.7309778928756714,0.7310324907302856,0.0,7,0.771019401946902,0.7710406222298148,2.1220282912848276e-05,True,early_stopped_cleanly
synthetic_piecewise,42,regression,ablation,TST-v3-MoE,TST-v3-MoE,1024,20,ok,,2,0.7154828786849976,0.8382600623419096,0.7822384494064046,1.5898194577032951,2.5918329127219604,-0.056021612935505005,0.10262119024991989,0.0009899307042360306,True,0.7308803796768188,0.731050431728363,0.0,7,0.771019401946902,0.7710406222298148,2.1220282912848276e-05,True,early_stopped_cleanly
synthetic_piecewise,42,regression,ablation,TST-v3-MoE,TST-v3-MoE,1024,20,ok,,3,0.7112126588821411,0.8318092157389485,0.7716496544055045,1.2408324469571415,2.6077716330268106,-0.06015956133344402,0.20360372960567474,0.00046295530046336353,True,0.7307881116867065,0.7309884428977966,0.0,7,0.771019401946902,0.7710406222298148,2.1220282912848276e-05,True,early_stopped_cleanly
synthetic_piecewise,42,regression,ablation,TST-v3-MoE,TST-v3-MoE,1024,20,ok,,4,0.7003047466278076,0.8366573122408411,0.7735295096490977,0.6402126202113099,1.1276040002464953,-0.06312780259174333,0.29622769355773926,0.00029055733466520905,True,0.7307196855545044,0.7309232950210571,0.0,7,0.771019401946902,0.7710406222298148,2.1220282912848276e-05,True,early_stopped_cleanly
synthetic_piecewise,42,regression,ablation,TST-v3-MoE,TST-v3-MoE,1024,20,ok,,5,0.6982420325279236,0.8318979219163302,0.7721007769803694,0.6539737077430953,0.9911960030234839,-0.05979714493596078,0.19323395192623138,0.00029281002935022116,True,0.7306829690933228,0.7308719754219055,0.0,7,0.771019401946902,0.7710406222298148,2.1220282912848276e-05,True,early_stopped_cleanly
synthetic_piecewise,42,regression,ablation,TST-v3-MoE,TST-v3-MoE,1024,20,ok,,6,0.6956817388534546,0.8333401123406928,0.7750120608098866,0.4666436309140957,1.0569407019527608,-0.058328051530806224,0.15543465316295624,0.0002916635130532086,True,0.7306537628173828,0.7308385968208313,0.0,7,0.771019401946902,0.7710406222298148,2.1220282912848276e-05,True,early_stopped_cleanly
synthetic_piecewise,42,regression,ablation,TST-v3-MoE,TST-v3-MoE,1024,20,ok,,7,0.6977367043495178,0.8324028940243069,0.771019401946902,0.691993379608515,1.16062974459973,-0.0613834920774049,0.23815281689167023,0.00026060972595587373,True,0.7306212186813354,0.7308046817779541,0.0,7,0.771019401946902,0.7710406222298148,2.1220282912848276e-05,True,early_stopped_cleanly
synthetic_piecewise,42,regression,ablation,TST-v3-MoE,TST-v3-MoE,1024,20,ok,,8,0.6980256795883178,0.8322881024554488,0.771003476687953,0.5134592095238582,1.232549864338046,-0.061284625767495826,0.2351561337709427,0.00026683913893066347,True,0.7306007742881775,0.7307777404785156,0.0,7,0.771019401946902,0.7710406222298148,2.1220282912848276e-05,True,early_stopped_cleanly
synthetic_piecewise,42,regression,ablation,TST-v3-MoE,TST-v3-MoE,1024,20,ok,,9,0.6910319089889526,0.8321555676065491,0.7728134489072904,0.5850617236573187,0.9030317349436273,-0.05934211869925865,0.18107753992080688,0.00029528356390073895,True,0.7305884957313538,0.7307542562484741,0.0,7,0.771019401946902,0.7710406222298148,2.1220282912848276e-05,True,early_stopped_cleanly
synthetic_piecewise,42,regression,ablation,TST-v3-MoE,TST-v3-MoE,1024,20,ok,,10,0.6901344418525696,0.8317991120928285,0.7717818447224583,0.6483290699462212,1.1825976791368007,-0.060017267370370275,0.1990441530942917,0.0003086508659180254,True,0.7305739521980286,0.7307261228561401,0.0,7,0.771019401946902,0.7710406222298148,2.1220282912848276e-05,True,early_stopped_cleanly
synthetic_piecewise,42,regression,ablation,TST-v3-MoE,TST-v3-MoE,1024,20,ok,,11,0.6928595662117004,0.8318007960423712,0.7712272118860405,0.2725619437366989,0.5451686386055506,-0.06057358415633074,0.2144758254289627,0.00032526245922781527,True,0.7305611968040466,0.730697512626648,0.0,7,0.771019401946902,0.7710406222298148,2.1220282912848276e-05,True,early_stopped_cleanly
synthetic_piecewise,42,regression,ablation,TST-v3-MoE,TST-v3-MoE,1024,20,ok,,12,0.6946853876113892,0.8318977069693364,0.7710617259756753,0.3654326777856144,0.5489592037981323,-0.060835980993661054,0.2219993770122528,0.0003543771163094789,True,0.7305518388748169,0.7306687831878662,0.0,7,0.771019401946902,0.7710406222298148,2.1220282912848276e-05,True,early_stopped_cleanly
synthetic_piecewise,42,regression,ablation,TST-v3-MoE,TST-v3-MoE,1024,20,ok,,13,0.6897865056991577,0.8317645008002956,0.7712268254586765,0.34502539024067785,0.741666713720984,-0.060537675341619135,0.21352729201316833,0.00039744991227053106,True,0.7305475473403931,0.7306410074234009,0.0,7,0.771019401946902,0.7710406222298148,2.1220282912848276e-05,True,early_stopped_cleanly
synthetic_piecewise,42,regression,ablation,TST-v3-MoE,TST-v3-MoE,1024,20,ok,,14,0.6920426249504089,0.8317249074418104,0.7716066287752165,0.26578809918865787,0.4731206374521264,-0.060118278666593916,0.20191265642642975,0.00044863997027277946,True,0.7305468916893005,0.7306123375892639,0.0,7,0.771019401946902,0.7710406222298148,2.1220282912848276e-05,True,early_stopped_cleanly
synthetic_piecewise,42,regression,ablation,TST-v3-MoE,TST-v3-MoE,1024,20,ok,,15,0.690323555469513,0.8317290281054506,0.771748828228406,0.5637384257632494,1.3612147842569988,-0.059980199877044615,0.198215052485466,0.0005109352641738951,True,0.7305507063865662,0.7305830717086792,0.0,7,0.771019401946902,0.7710406222298148,2.1220282912848276e-05,True,early_stopped_cleanly
synthetic_piecewise,42,regression,ablation,TST-v3-MoE,TST-v3-MoE,1024,20,ok,,16,0.6881930708885193,0.8326675059795604,0.7710035926497653,0.25311422738818207,0.5536363234719933,-0.06166391332979515,0.24697250127792358,0.0005623310571536422,True,0.730556309223175,0.730549693107605,0.0,7,0.771019401946902,0.7710406222298148,2.1220282912848276e-05,True,early_stopped_cleanly
synthetic_piecewise,42,regression,ablation,TST-v3-MoE,TST-v3-MoE,1024,20,ok,,17,0.6958488345146179,0.8317026913382735,0.7710406222298148,0.3974216574679491,1.1648730591099536,-0.060662069108458616,0.21735937893390656,0.0006798133254051208,True,0.7305736541748047,0.7305199503898621,0.0,7,0.771019401946902,0.7710406222298148,2.1220282912848276e-05,True,early_stopped_cleanly
synthetic_irrelevant_noise,42,classification,ablation,TST-v0,TST-v0,1024,100,ok,,1,1.0522433280944825,0.5,0.5024390243902439,6.982248655025311,13.075441992641723,-0.0024390243902439046,0.5497786998748779,0.0012820977717638016,False,,,,1,0.5024390243902439,0.5024390243902439,0.0,True,early_stopped_cleanly
synthetic_irrelevant_noise,42,classification,ablation,TST-v0,TST-v0,1024,100,ok,,2,0.7279408931732178,0.5,0.4975609756097561,1.1576062752183822,1.8639577967714813,0.0024390243902439046,0.3284609019756317,0.0003149632248096168,False,,,,1,0.5024390243902439,0.5024390243902439,0.0,True,early_stopped_cleanly
synthetic_irrelevant_noise,42,classification,ablation,TST-v0,TST-v0,1024,100,ok,,3,0.7277836084365845,0.5,0.4975609756097561,1.1448402331451015,1.6633398413154727,0.0024390243902439046,0.4489678740501404,0.0002114786475431174,False,,,,1,0.5024390243902439,0.5024390243902439,0.0,True,early_stopped_cleanly
synthetic_irrelevant_noise,42,classification,ablation,TST-v0,TST-v0,1024,100,ok,,4,0.6950009822845459,0.5,0.5024390243902439,0.28650927061113524,0.7030218310214416,-0.0024390243902439046,0.5569343566894531,0.0002083893195958808,False,,,,1,0.5024390243902439,0.5024390243902439,0.0,True,early_stopped_cleanly
synthetic_irrelevant_noise,42,classification,ablation,TST-v0,TST-v0,1024,100,ok,,5,0.7031138420104981,0.5,0.5024390243902439,0.5938279689418675,1.183282368080211,-0.0024390243902439046,0.5674819350242615,0.00017570336058270186,False,,,,1,0.5024390243902439,0.5024390243902439,0.0,True,early_stopped_cleanly
synthetic_irrelevant_noise,42,classification,ablation,TST-v0,TST-v0,1024,100,ok,,6,0.699481475353241,0.5,0.5024390243902439,0.43620675422326566,1.1049814854309667,-0.0024390243902439046,0.5180458426475525,0.00013411570398602635,False,,,,1,0.5024390243902439,0.5024390243902439,0.0,True,early_stopped_cleanly
synthetic_irrelevant_noise,42,classification,ablation,TST-v0,TST-v0,1024,100,ok,,7,0.6936457991600037,0.5,0.4975609756097561,0.16922261696058039,0.35347737015261604,0.0024390243902439046,0.4800493121147156,0.00010888904216699302,False,,,,1,0.5024390243902439,0.5024390243902439,0.0,True,early_stopped_cleanly
synthetic_irrelevant_noise,42,classification,ablation,TST-v0,TST-v0,1024,100,ok,,8,0.6941692948341369,0.5,0.4975609756097561,0.29422216657731326,0.5425618519575419,0.0024390243902439046,0.4751977026462555,0.00010048462718259543,False,,,,1,0.5024390243902439,0.5024390243902439,0.0,True,early_stopped_cleanly
synthetic_irrelevant_noise,42,classification,ablation,TST-v0,TST-v0,1024,100,ok,,9,0.6940871596336364,0.5,0.4975609756097561,0.3272737697310851,0.4876605088314731,0.0024390243902439046,0.4905547797679901,0.0001004458317765966,False,,,,1,0.5024390243902439,0.5024390243902439,0.0,True,early_stopped_cleanly
synthetic_irrelevant_noise,42,classification,ablation,TST-v0,TST-v0,1024,100,ok,,10,0.6932785391807557,0.5,0.5024390243902439,0.15751750175244075,0.3140905862128964,-0.0024390243902439046,0.5006816387176514,0.00010143963299924508,False,,,,1,0.5024390243902439,0.5024390243902439,0.0,True,early_stopped_cleanly
synthetic_irrelevant_noise,42,classification,ablation,TST-v0,TST-v0,1024,100,ok,,11,0.693443775177002,0.5,0.5024390243902439,0.23482468343946725,0.3871662192128717,-0.0024390243902439046,0.5053443908691406,0.00010267391189699993,False,,,,1,0.5024390243902439,0.5024390243902439,0.0,True,early_stopped_cleanly
synthetic_irrelevant_noise,42,classification,ablation,TST-v1-Gate,TST-v1-Gate,1024,100,ok,,1,1.0543655395507812,0.5,0.5024390243902439,8.606144776380749,17.421707827281548,-0.0024390243902439046,0.5512504577636719,0.0012252230662852526,True,0.7310725450515747,0.7310754060745239,0.0,1,0.5024390243902439,0.5024390243902439,0.0,True,early_stopped_cleanly
synthetic_irrelevant_noise,42,classification,ablation,TST-v1-Gate,TST-v1-Gate,1024,100,ok,,2,0.7277387738227844,0.5,0.4975609756097561,1.1650312211351301,1.8664605801909049,0.0024390243902439046,0.3286775052547455,0.00029695534612983465,True,0.7310565114021301,0.7312116622924805,0.0,1,0.5024390243902439,0.5024390243902439,0.0,True,early_stopped_cleanly
synthetic_irrelevant_noise,42,classification,ablation,TST-v1-Gate,TST-v1-Gate,1024,100,ok,,3,0.7277318239212036,0.5,0.4975609756097561,1.1449869153751249,1.6646569924475245,0.0024390243902439046,0.44914594292640686,0.0002010980388149619,True,0.7310851812362671,0.7312653660774231,0.0,1,0.5024390243902439,0.5024390243902439,0.0,True,early_stopped_cleanly
synthetic_irrelevant_noise,42,classification,ablation,TST-v1-Gate,TST-v1-Gate,1024,100,ok,,4,0.6950884461402893,0.5,0.5024390243902439,0.2893427263889238,0.7013756706602359,-0.0024390243902439046,0.5572749972343445,0.00019805242482107133,True,0.7311025261878967,0.73131263256073,0.0,1,0.5024390243902439,0.5024390243902439,0.0,True,early_stopped_cleanly
synthetic_irrelevant_noise,42,classification,ablation,TST-v1-Gate,TST-v1-Gate,1024,100,ok,,5,0.7032356858253479,0.5,0.5024390243902439,0.5957174295035903,1.1872956281967761,-0.0024390243902439046,0.5670696496963501,0.00016594203771091998,True,0.7311086058616638,0.7313485145568848,0.0,1,0.5024390243902439,0.5024390243902439,0.0,True,early_stopped_cleanly
synthetic_irrelevant_noise,42,classification,ablation,TST-v1-Gate,TST-v1-Gate,1024,100,ok,,6,0.6994726181030273,0.5,0.5024390243902439,0.4335480185064048,1.1026922943903092,-0.0024390243902439046,0.5169826149940491,0.0001253094378625974,True,0.7311092615127563,0.7313812375068665,0.0,1,0.5024390243902439,0.5024390243902439,0.0,True,early_stopped_cleanly
synthetic_irrelevant_noise,42,classification,ablation,TST-v1-Gate,TST-v1-Gate,1024,100,ok,,7,0.693716037273407,0.5,0.4975609756097561,0.169318146418114,0.3452935114572795,0.0024390243902439046,0.47933611273765564,0.00010089301940752193,True,0.7311027646064758,0.7313985824584961,0.0,1,0.5024390243902439,0.5024390243902439,0.0,True,early_stopped_cleanly
synthetic_irrelevant_noise,42,classification,ablation,TST-v1-Gate,TST-v1-Gate,1024,100,ok,,8,0.6942878365516663,0.5,0.4975609756097561,0.2967248609206281,0.5439924914218117,0.0024390243902439046,0.47527480125427246,9.282339306082577e-05,True,0.731091320514679,0.731401801109314,0.0,1,0.5024390243902439,0.5024390243902439,0.0,True,early_stopped_cleanly
synthetic_irrelevant_noise,42,classification,ablation,TST-v1-Gate,TST-v1-Gate,1024,100,ok,,9,0.6941601753234863,0.5,0.4975609756097561,0.326066807360725,0.4924322418214989,0.0024390243902439046,0.49107956886291504,9.27227083593607e-05,True,0.7310769557952881,0.7313951253890991,0.0,1,0.5024390243902439,0.5024390243902439,0.0,True,early_stopped_cleanly
synthetic_irrelevant_noise,42,classification,ablation,TST-v1-Gate,TST-v1-Gate,1024,100,ok,,10,0.6933465719223022,0.5,0.5024390243902439,0.15805834979469813,0.3094030427344724,-0.0024390243902439046,0.5010278820991516,9.345661237603053e-05,True,0.7310605645179749,0.7313848733901978,0.0,1,0.5024390243902439,0.5024390243902439,0.0,True,early_stopped_cleanly
synthetic_irrelevant_noise,42,classification,ablation,TST-v1-Gate,TST-v1-Gate,1024,100,ok,,11,0.693530011177063,0.5,0.5024390243902439,0.23528146496179364,0.38379243650922107,-0.0024390243902439046,0.5052480101585388,9.434705862076953e-05,True,0.7310426831245422,0.7313714623451233,0.0,1,0.5024390243902439,0.5024390243902439,0.0,True,early_stopped_cleanly
synthetic_irrelevant_noise,42,classification,ablation,TST-v2-GateFourier,TST-v2-GateFourier,1024,100,ok,,1,1.254678475856781,0.5,0.4975609756097561,6.352712886898348,8.572162828756763,0.0024390243902439046,0.4556144177913666,0.00014145018940325826,True,0.7308497428894043,0.7309056520462036,0.0,3,0.5024390243902439,0.5024390243902439,0.0,True,early_stopped_cleanly
synthetic_irrelevant_noise,42,classification,ablation,TST-v2-GateFourier,TST-v2-GateFourier,1024,100,ok,,2,0.7503839492797851,0.5,0.4975609756097561,1.7973548333336307,2.0629028861676995,0.0024390243902439046,0.3663268983364105,5.8439967688173056e-05,True,0.7306636571884155,0.7307040691375732,0.0,3,0.5024390243902439,0.5024390243902439,0.0,True,early_stopped_cleanly
synthetic_irrelevant_noise,42,classification,ablation,TST-v2-GateFourier,TST-v2-GateFourier,1024,100,ok,,3,0.7143071293830872,0.5,0.5024390243902439,1.026103413257045,1.5230206155031103,-0.0024390243902439046,0.5999220013618469,3.0855640943627805e-05,True,0.7305300831794739,0.7305468320846558,0.0,3,0.5024390243902439,0.5024390243902439,0.0,True,early_stopped_cleanly
synthetic_irrelevant_noise,42,classification,ablation,TST-v2-GateFourier,TST-v2-GateFourier,1024,100,ok,,4,0.7117729187011719,0.5,0.5024390243902439,0.8824033415487269,1.663632591208723,-0.0024390243902439046,0.5402032136917114,1.4735721379111055e-05,True,0.7304169535636902,0.7304449677467346,0.0,3,0.5024390243902439,0.5024390243902439,0.0,True,early_stopped_cleanly
synthetic_irrelevant_noise,42,classification,ablation,TST-v2-GateFourier,TST-v2-GateFourier,1024,100,ok,,5,0.6953764200210572,0.5,0.4975609756097561,0.3352169722445601,0.6913661153516907,0.0024390243902439046,0.4508834779262543,9.683210919320118e-06,True,0.7303268909454346,0.7303450107574463,0.0,3,0.5024390243902439,0.5024390243902439,0.0,True,early_stopped_cleanly
synthetic_irrelevant_noise,42,classification,ablation,TST-v2-GateFourier,TST-v2-GateFourier,1024,100,ok,,6,0.6986866950988769,0.5,0.4975609756097561,0.471717604171598,0.6957991237763114,0.0024390243902439046,0.46238434314727783,8.473507477901876e-06,True,0.7302535176277161,0.7302680611610413,0.0,3,0.5024390243902439,0.5024390243902439,0.0,True,early_stopped_cleanly
synthetic_irrelevant_noise,42,classification,ablation,TST-v2-GateFourier,TST-v2-GateFourier,1024,100,ok,,7,0.694780969619751,0.5,0.5024390243902439,0.3807552817592515,0.5508330876767638,-0.0024390243902439046,0.512602686882019,8.781968062976375e-06,True,0.7301900386810303,0.7302107810974121,0.0,3,0.5024390243902439,0.5024390243902439,0.0,True,early_stopped_cleanly
synthetic_irrelevant_noise,42,classification,ablation,TST-v2-GateFourier,TST-v2-GateFourier,1024,100,ok,,8,0.6974364042282104,0.5,0.5024390243902439,0.6099230111608976,1.2330585298772707,-0.0024390243902439046,0.538148820400238,9.212352779286448e-06,True,0.7301332950592041,0.7301595211029053,0.0,3,0.5024390243902439,0.5024390243902439,0.0,True,early_stopped_cleanly
synthetic_irrelevant_noise,42,classification,ablation,TST-v2-GateFourier,TST-v2-GateFourier,1024,100,ok,,9,0.6942208647727967,0.5,0.4975609756097561,0.21710952592601068,0.7893542642811062,0.0024390243902439046,0.4974280297756195,8.713909664948005e-06,True,0.7300807237625122,0.7301146388053894,0.0,3,0.5024390243902439,0.5024390243902439,0.0,True,early_stopped_cleanly
synthetic_irrelevant_noise,42,classification,ablation,TST-v2-GateFourier,TST-v2-GateFourier,1024,100,ok,,10,0.6939841389656067,0.5,0.4975609756097561,0.23210574908505616,0.4456505476450104,0.0024390243902439046,0.47835859656333923,8.653653821966145e-06,True,0.7300295233726501,0.7300713062286377,0.0,3,0.5024390243902439,0.5024390243902439,0.0,True,early_stopped_cleanly
synthetic_irrelevant_noise,42,classification,ablation,TST-v2-GateFourier,TST-v2-GateFourier,1024,100,ok,,11,0.6940361976623535,0.5,0.4975609756097561,0.37673338437808895,0.7630575762630792,0.0024390243902439046,0.49290919303894043,9.300063538830727e-06,True,0.7299785017967224,0.73002028465271,0.0,3,0.5024390243902439,0.5024390243902439,0.0,True,early_stopped_cleanly
synthetic_irrelevant_noise,42,classification,ablation,TST-v2-GateFourier,TST-v2-GateFourier,1024,100,ok,,12,0.6931881427764892,0.5,0.5024390243902439,0.23296431789887392,0.6896442018254509,-0.0024390243902439046,0.5043532848358154,9.991804290621076e-06,True,0.7299272418022156,0.7299643754959106,0.0,3,0.5024390243902439,0.5024390243902439,0.0,True,early_stopped_cleanly
synthetic_irrelevant_noise,42,classification,ablation,TST-v2-GateFourier,TST-v2-GateFourier,1024,100,ok,,13,0.6935755252838135,0.5,0.5024390243902439,0.15330653565980734,0.4108077291446294,-0.0024390243902439046,0.5158906579017639,1.07391924757394e-05,True,0.7298756241798401,0.729906439781189,0.0,3,0.5024390243902439,0.5024390243902439,0.0,True,early_stopped_cleanly
synthetic_irrelevant_noise,42,classification,ablation,TST-v3-MoE,TST-v3-MoE,1024,100,ok,,1,0.7580995082855224,0.5,0.5024390243902439,1.5149723507537962,5.2900340547081734,-0.0024390243902439046,0.5808500051498413,0.00019122319645248353,True,0.7309010028839111,0.7309002876281738,0.0,1,0.5024390243902439,0.4975609756097561,0.004878048780487809,True,early_stopped_cleanly
synthetic_irrelevant_noise,42,classification,ablation,TST-v3-MoE,TST-v3-MoE,1024,100,ok,,2,0.7068774700164795,0.5,0.5024390243902439,0.8054180810989345,1.496111673090485,-0.0024390243902439046,0.5090674161911011,0.00010876286251004785,True,0.7307673096656799,0.730717658996582,0.0,1,0.5024390243902439,0.4975609756097561,0.004878048780487809,True,early_stopped_cleanly
synthetic_irrelevant_noise,42,classification,ablation,TST-v3-MoE,TST-v3-MoE,1024,100,ok,,3,0.7034978151321412,0.5,0.5024390243902439,0.555537322344223,1.1852082922239362,-0.0024390243902439046,0.5297436118125916,6.891658995300531e-05,True,0.7306661009788513,0.7305911779403687,0.0,1,0.5024390243902439,0.4975609756097561,0.004878048780487809,True,early_stopped_cleanly
synthetic_irrelevant_noise,42,classification,ablation,TST-v3-MoE,TST-v3-MoE,1024,100,ok,,4,0.6998409986495971,0.5,0.4975609756097561,0.47963037843217193,0.6949682243074063,0.0024390243902439046,0.44448673725128174,5.235334538156167e-05,True,0.7305869460105896,0.7304810881614685,0.0,1,0.5024390243902439,0.4975609756097561,0.004878048780487809,True,early_stopped_cleanly
synthetic_irrelevant_noise,42,classification,ablation,TST-v3-MoE,TST-v3-MoE,1024,100,ok,,5,0.6942830324172974,0.5,0.5024390243902439,0.2812324179026005,0.683140032618514,-0.0024390243902439046,0.5282532572746277,4.981625534128398e-05,True,0.7305139899253845,0.7303604483604431,0.0,1,0.5024390243902439,0.4975609756097561,0.004878048780487809,True,early_stopped_cleanly
synthetic_irrelevant_noise,42,classification,ablation,TST-v3-MoE,TST-v3-MoE,1024,100,ok,,6,0.7027430534362793,0.5,0.5024390243902439,0.6255217995026743,1.1929367165686346,-0.0024390243902439046,0.5424508452415466,4.8197016440099105e-05,True,0.7304471731185913,0.7302709817886353,0.0,1,0.5024390243902439,0.4975609756097561,0.004878048780487809,True,early_stopped_cleanly
synthetic_irrelevant_noise,42,classification,ablation,TST-v3-MoE,TST-v3-MoE,1024,100,ok,,7,0.6948202848434448,0.5,0.4975609756097561,0.4512209117912184,0.7979935020119013,0.0024390243902439046,0.4564843475818634,4.615034777089022e-05,True,0.7303853034973145,0.7301968336105347,0.0,1,0.5024390243902439,0.4975609756097561,0.004878048780487809,True,early_stopped_cleanly
synthetic_irrelevant_noise,42,classification,ablation,TST-v3-MoE,TST-v3-MoE,1024,100,ok,,8,0.7002199769020081,0.5,0.4975609756097561,0.4572743869727457,1.039542354749842,0.0024390243902439046,0.465183287858963,4.696421092376113e-05,True,0.7303224205970764,0.730135977268219,0.0,1,0.5024390243902439,0.4975609756097561,0.004878048780487809,True,early_stopped_cleanly
synthetic_irrelevant_noise,42,classification,ablation,TST-v3-MoE,TST-v3-MoE,1024,100,ok,,9,0.6932901620864869,0.5,0.5024390243902439,0.1750432726807452,0.3591024166401506,-0.0024390243902439046,0.5433733463287354,4.907549009658396e-05,True,0.7302562594413757,0.7301028966903687,0.0,1,0.5024390243902439,0.4975609756097561,0.004878048780487809,True,early_stopped_cleanly
synthetic_irrelevant_noise,42,classification,ablation,TST-v3-MoE,TST-v3-MoE,1024,100,ok,,10,0.698090922832489,0.5,0.5024390243902439,0.3371096536570907,0.7033459490143282,-0.0024390243902439046,0.5361656546592712,5.130559657118283e-05,True,0.7301931977272034,0.7300493717193604,0.0,1,0.5024390243902439,0.4975609756097561,0.004878048780487809,True,early_stopped_cleanly
synthetic_irrelevant_noise,42,classification,ablation,TST-v3-MoE,TST-v3-MoE,1024,100,ok,,11,0.6940128445625305,0.5,0.4975609756097561,0.23057155256288567,0.42206405952378034,0.0024390243902439046,0.4782472848892212,5.295039591146633e-05,True,0.730131208896637,0.7299791574478149,0.0,1,0.5024390243902439,0.4975609756097561,0.004878048780487809,True,early_stopped_cleanly
synthetic_rotated,42,classification,ablation,TST-v0,TST-v0,1024,20,ok,,1,0.9696719646453857,0.6270358306188925,0.624390243902439,9.080492235978605,27.343597906219674,0.0026455867164534297,0.18533596396446228,0.0024034404195845127,False,,,,1,0.624390243902439,0.624390243902439,0.0,True,early_stopped_cleanly
synthetic_rotated,42,classification,ablation,TST-v0,TST-v0,1024,20,ok,,2,0.6772174835205078,0.6270358306188925,0.624390243902439,0.8164434236141392,1.4211721490298486,0.0026455867164534297,0.45030075311660767,0.0015046079643070698,False,,,,1,0.624390243902439,0.624390243902439,0.0,True,early_stopped_cleanly
synthetic_rotated,42,classification,ablation,TST-v0,TST-v0,1024,20,ok,,3,0.6843518257141114,0.4022801302931596,0.40487804878048783,0.9925654510588146,1.2121812426392702,-0.00259791848732821,0.501615047454834,0.0008966145105659962,False,,,,1,0.624390243902439,0.624390243902439,0.0,True,early_stopped_cleanly
synthetic_rotated,42,classification,ablation,TST-v0,TST-v0,1024,20,ok,,4,0.6795239329338074,0.6270358306188925,0.624390243902439,0.7582265255278423,1.472803806363307,0.0026455867164534297,0.408357709646225,0.0006406813627108932,False,,,,1,0.624390243902439,0.624390243902439,0.0,True,early_stopped_cleanly
synthetic_rotated,42,classification,ablation,TST-v0,TST-v0,1024,20,ok,,5,0.6622222423553467,0.6270358306188925,0.624390243902439,0.35401889158310035,0.7966624553324462,0.0026455867164534297,0.3402408957481384,0.0005497157108038664,False,,,,1,0.624390243902439,0.624390243902439,0.0,True,early_stopped_cleanly
synthetic_rotated,42,classification,ablation,TST-v0,TST-v0,1024,20,ok,,6,0.6627281069755554,0.6270358306188925,0.624390243902439,0.3622782274181421,0.6657038385902033,0.0026455867164534297,0.3337312340736389,0.0005568114574998617,False,,,,1,0.624390243902439,0.624390243902439,0.0,True,early_stopped_cleanly
synthetic_rotated,42,classification,ablation,TST-v0,TST-v0,1024,20,ok,,7,0.6628458499908447,0.6270358306188925,0.624390243902439,0.314447780986839,0.4189321126834009,0.0026455867164534297,0.3559093475341797,0.0006181912031024694,False,,,,1,0.624390243902439,0.624390243902439,0.0,True,early_stopped_cleanly
synthetic_rotated,42,classification,ablation,TST-v0,TST-v0,1024,20,ok,,8,0.6592073678970337,0.6270358306188925,0.624390243902439,0.1781312699887935,0.26630714934415356,0.0026455867164534297,0.3834121823310852,0.0007057419861666858,False,,,,1,0.624390243902439,0.624390243902439,0.0,True,early_stopped_cleanly
synthetic_rotated,42,classification,ablation,TST-v0,TST-v0,1024,20,ok,,9,0.6617719411849976,0.6270358306188925,0.624390243902439,0.38838521975803314,0.9965887909262731,0.0026455867164534297,0.4023052453994751,0.0007995257619768381,False,,,,1,0.624390243902439,0.624390243902439,0.0,True,early_stopped_cleanly
synthetic_rotated,42,classification,ablation,TST-v0,TST-v0,1024,20,ok,,10,0.6609753251075745,0.6270358306188925,0.624390243902439,0.25586152768344816,0.5991615378927703,0.0026455867164534297,0.3859364688396454,0.0008903525304049253,False,,,,1,0.624390243902439,0.624390243902439,0.0,True,early_stopped_cleanly
synthetic_rotated,42,classification,ablation,TST-v0,TST-v0,1024,20,ok,,11,0.6590823888778686,0.6270358306188925,0.624390243902439,0.15192736924470346,0.36745708889425216,0.0026455867164534297,0.37627989053726196,0.0010061125503852963,False,,,,1,0.624390243902439,0.624390243902439,0.0,True,early_stopped_cleanly
synthetic_rotated,42,classification,ablation,TST-v1-Gate,TST-v1-Gate,1024,20,ok,,1,0.9707030773162841,0.6270358306188925,0.624390243902439,11.357667751410553,35.67582084735384,0.0026455867164534297,0.1860472857952118,0.002271161647513509,True,0.7310985922813416,0.7311705350875854,0.0,1,0.624390243902439,0.624390243902439,0.0,True,early_stopped_cleanly
synthetic_rotated,42,classification,ablation,TST-v1-Gate,TST-v1-Gate,1024,20,ok,,2,0.6770915269851685,0.6270358306188925,0.624390243902439,0.8268483896982473,1.4689347822605645,0.0026455867164534297,0.45101168751716614,0.001386645482853055,True,0.7310971021652222,0.7312976717948914,0.0,1,0.624390243902439,0.624390243902439,0.0,True,early_stopped_cleanly
synthetic_rotated,42,classification,ablation,TST-v1-Gate,TST-v1-Gate,1024,20,ok,,3,0.6845636963844299,0.48697068403908794,0.4926829268292683,0.9973931268032622,1.2143131563729193,-0.005712242790180344,0.5009532570838928,0.0008090970804914832,True,0.7311046123504639,0.7313987016677856,0.0,1,0.624390243902439,0.624390243902439,0.0,True,early_stopped_cleanly
synthetic_rotated,42,classification,ablation,TST-v1-Gate,TST-v1-Gate,1024,20,ok,,4,0.6794434189796448,0.6270358306188925,0.624390243902439,0.7536521799083806,1.4699306199375828,0.0026455867164534297,0.40726161003112793,0.0005677845911122859,True,0.7311291694641113,0.7314862012863159,0.0,1,0.624390243902439,0.624390243902439,0.0,True,early_stopped_cleanly
synthetic_rotated,42,classification,ablation,TST-v1-Gate,TST-v1-Gate,1024,20,ok,,5,0.6623937487602234,0.6270358306188925,0.624390243902439,0.35581708744915913,0.7881737754708434,0.0026455867164534297,0.3397067189216614,0.00048264377983286977,True,0.7311444282531738,0.731558620929718,0.0,1,0.624390243902439,0.624390243902439,0.0,True,early_stopped_cleanly
synthetic_rotated,42,classification,ablation,TST-v1-Gate,TST-v1-Gate,1024,20,ok,,6,0.6629597783088684,0.6270358306188925,0.624390243902439,0.3646120834098981,0.6665154416719461,0.0026455867164534297,0.3340259790420532,0.00048313630395568907,True,0.7311497330665588,0.7316197156906128,0.0,1,0.624390243902439,0.624390243902439,0.0,True,early_stopped_cleanly
synthetic_rotated,42,classification,ablation,TST-v1-Gate,TST-v1-Gate,1024,20,ok,,7,0.6629655241966248,0.6270358306188925,0.624390243902439,0.3117879532230831,0.41428065074523335,0.0026455867164534297,0.3565952479839325,0.0005303089856170118,True,0.7311488389968872,0.7316761016845703,0.0,1,0.624390243902439,0.624390243902439,0.0,True,early_stopped_cleanly
synthetic_rotated,42,classification,ablation,TST-v1-Gate,TST-v1-Gate,1024,20,ok,,8,0.6593905568122864,0.6270358306188925,0.624390243902439,0.17521129861322154,0.26132786852746726,0.0026455867164534297,0.3838684856891632,0.0005990068893879652,True,0.7311444282531738,0.7317330837249756,0.0,1,0.624390243902439,0.624390243902439,0.0,True,early_stopped_cleanly
synthetic_rotated,42,classification,ablation,TST-v1-Gate,TST-v1-Gate,1024,20,ok,,9,0.6620041370391846,0.6270358306188925,0.624390243902439,0.38913075766384014,0.9988081142876484,0.0026455867164534297,0.40224671363830566,0.0006731503526680171,True,0.7311388850212097,0.7317932844161987,0.0,1,0.624390243902439,0.624390243902439,0.0,True,early_stopped_cleanly
synthetic_rotated,42,classification,ablation,TST-v1-Gate,TST-v1-Gate,1024,20,ok,,10,0.6612227320671081,0.6270358306188925,0.624390243902439,0.2556970313774284,0.5992123643359328,0.0026455867164534297,0.38555216789245605,0.0007426739321090281,True,0.7311347723007202,0.7318596839904785,0.0,1,0.624390243902439,0.624390243902439,0.0,True,early_stopped_cleanly
synthetic_rotated,42,classification,ablation,TST-v1-Gate,TST-v1-Gate,1024,20,ok,,11,0.6593498229980469,0.6270358306188925,0.624390243902439,0.15211529852195751,0.36561604467550785,0.0026455867164534297,0.3760291635990143,0.0008303216891363263,True,0.73112952709198,0.7319342494010925,0.0,1,0.624390243902439,0.624390243902439,0.0,True,early_stopped_cleanly
synthetic_rotated,42,classification,ablation,TST-v2-GateFourier,TST-v2-GateFourier,1024,20,ok,,1,1.195611870288849,0.6270358306188925,0.624390243902439,8.251511639414051,13.376414368886735,0.0026455867164534297,0.33752885460853577,0.0001977320935111493,True,0.7308603525161743,0.7308554649353027,0.0,1,0.624390243902439,0.624390243902439,0.0,True,early_stopped_cleanly
synthetic_rotated,42,classification,ablation,TST-v2-GateFourier,TST-v2-GateFourier,1024,20,ok,,2,0.7161903262138367,0.6270358306188925,0.624390243902439,1.4194167448377928,2.1959825294117965,0.0026455867164534297,0.230638787150383,5.365747711039148e-05,True,0.73067706823349,0.7307683229446411,0.0,1,0.624390243902439,0.624390243902439,0.0,True,early_stopped_cleanly
synthetic_rotated,42,classification,ablation,TST-v2-GateFourier,TST-v2-GateFourier,1024,20,ok,,3,0.6967223763465882,0.6270358306188925,0.624390243902439,1.2167934363383324,2.414185095939094,0.0026455867164534297,0.4325089156627655,0.00013916660100221634,True,0.7305563688278198,0.7306652069091797,0.0,1,0.624390243902439,0.624390243902439,0.0,True,early_stopped_cleanly
synthetic_rotated,42,classification,ablation,TST-v2-GateFourier,TST-v2-GateFourier,1024,20,ok,,4,0.668735682964325,0.6270358306188925,0.624390243902439,0.5696307924478535,1.0987828387269762,0.0026455867164534297,0.41381728649139404,9.934645640896633e-05,True,0.7304614782333374,0.7305768728256226,0.0,1,0.624390243902439,0.624390243902439,0.0,True,early_stopped_cleanly
synthetic_rotated,42,classification,ablation,TST-v2-GateFourier,TST-v2-GateFourier,1024,20,ok,,5,0.6612432599067688,0.6270358306188925,0.624390243902439,0.25539762265237476,0.6182330392485575,0.0026455867164534297,0.3586720824241638,7.561518577858806e-05,True,0.7303928136825562,0.7305215001106262,0.0,1,0.624390243902439,0.624390243902439,0.0,True,early_stopped_cleanly
synthetic_rotated,42,classification,ablation,TST-v2-GateFourier,TST-v2-GateFourier,1024,20,ok,,6,0.6631066083908081,0.6270358306188925,0.624390243902439,0.38737208583164673,0.6214676504842708,0.0026455867164534297,0.34622928500175476,7.019790064077824e-05,True,0.7303452491760254,0.7305548191070557,0.0,1,0.624390243902439,0.624390243902439,0.0,True,early_stopped_cleanly
synthetic_rotated,42,classification,ablation,TST-v2-GateFourier,TST-v2-GateFourier,1024,20,ok,,7,0.6617945909500123,0.6270358306188925,0.624390243902439,0.22076437975293403,0.6996451722333535,0.0026455867164534297,0.37388625741004944,8.048908784985542e-05,True,0.7303120493888855,0.7305364608764648,0.0,1,0.624390243902439,0.624390243902439,0.0,True,early_stopped_cleanly
synthetic_rotated,42,classification,ablation,TST-v2-GateFourier,TST-v2-GateFourier,1024,20,ok,,8,0.6623843789100647,0.6270358306188925,0.624390243902439,0.32026699668724706,0.512650875928168,0.0026455867164534297,0.3788908123970032,8.781785436440259e-05,True,0.7302885055541992,0.730502724647522,0.0,1,0.624390243902439,0.624390243902439,0.0,True,early_stopped_cleanly
synthetic_rotated,42,classification,ablation,TST-v2-GateFourier,TST-v2-GateFourier,1024,20,ok,,9,0.6606539964675904,0.6270358306188925,0.624390243902439,0.21250729321035317,0.4382362546470994,0.0026455867164534297,0.38332974910736084,9.775889338925481e-05,True,0.7302722334861755,0.7304717898368835,0.0,1,0.624390243902439,0.624390243902439,0.0,True,early_stopped_cleanly
synthetic_rotated,42,classification,ablation,TST-v2-GateFourier,TST-v2-GateFourier,1024,20,ok,,10,0.6616711616516113,0.6270358306188925,0.624390243902439,0.34432605883891915,0.5612426981627355,0.0026455867164534297,0.37561899423599243,0.00010921638022409752,True,0.7302619814872742,0.7304437756538391,0.0,1,0.624390243902439,0.624390243902439,0.0,True,early_stopped_cleanly
synthetic_rotated,42,classification,ablation,TST-v2-GateFourier,TST-v2-GateFourier,1024,20,ok,,11,0.6599729299545288,0.6270358306188925,0.624390243902439,0.18511508920557285,0.3995692799757093,0.0026455867164534297,0.37698817253112793,0.00012773727939929813,True,0.7302574515342712,0.730415940284729,0.0,1,0.624390243902439,0.624390243902439,0.0,True,early_stopped_cleanly
synthetic_rotated,42,classification,ablation,TST-v3-MoE,TST-v3-MoE,1024,20,ok,,1,0.690607738494873,0.6270358306188925,0.624390243902439,1.0385739571631303,2.488340609514283,0.0026455867164534297,0.32492122054100037,0.0002721008495427668,True,0.7313086986541748,0.7312891483306885,0.0,1,0.624390243902439,0.624390243902439,0.0,True,early_stopped_cleanly
synthetic_rotated,42,classification,ablation,TST-v3-MoE,TST-v3-MoE,1024,20,ok,,2,0.6762577295303345,0.6270358306188925,0.624390243902439,0.6492686183606352,1.5109980680393351,0.0026455867164534297,0.4260611832141876,0.00022680585971102118,True,0.7313814163208008,0.7315331697463989,0.0,1,0.624390243902439,0.624390243902439,0.0,True,early_stopped_cleanly
synthetic_rotated,42,classification,ablation,TST-v3-MoE,TST-v3-MoE,1024,20,ok,,3,0.6649289846420288,0.6270358306188925,0.624390243902439,0.3683013220634091,0.8634305875984252,0.0026455867164534297,0.3747873306274414,0.00016287740436382592,True,0.7314153909683228,0.731545090675354,0.0,1,0.624390243902439,0.624390243902439,0.0,True,early_stopped_cleanly
synthetic_rotated,42,classification,ablation,TST-v3-MoE,TST-v3-MoE,1024,20,ok,,4,0.6608487963676453,0.6270358306188925,0.624390243902439,0.15444094700097205,0.28626134125697345,0.0026455867164534297,0.3295685648918152,0.0001391987898387015,True,0.7314344644546509,0.7314716577529907,0.0,1,0.624390243902439,0.624390243902439,0.0,True,early_stopped_cleanly
synthetic_rotated,42,classification,ablation,TST-v3-MoE,TST-v3-MoE,1024,20,ok,,5,0.6626113176345825,0.6270358306188925,0.624390243902439,0.3066625453051616,0.5885708474147078,0.0026455867164534297,0.36829859018325806,0.0001729294308461249,True,0.7314287424087524,0.7314320206642151,0.0,1,0.624390243902439,0.624390243902439,0.0,True,early_stopped_cleanly
synthetic_rotated,42,classification,ablation,TST-v3-MoE,TST-v3-MoE,1024,20,ok,,6,0.6617242574691773,0.6270358306188925,0.624390243902439,0.13638171401900703,0.2811330164412345,0.0026455867164534297,0.3885876536369324,0.00021190400002524257,True,0.7314280867576599,0.7314071655273438,0.0,1,0.624390243902439,0.624390243902439,0.0,True,early_stopped_cleanly
synthetic_rotated,42,classification,ablation,TST-v3-MoE,TST-v3-MoE,1024,20,ok,,7,0.6623151302337646,0.6270358306188925,0.624390243902439,0.4323893764468044,0.7369615421026305,0.0026455867164534297,0.37927892804145813,0.000250299897743389,True,0.7314371466636658,0.731327474117279,0.0,1,0.624390243902439,0.624390243902439,0.0,True,early_stopped_cleanly
synthetic_rotated,42,classification,ablation,TST-v3-MoE,TST-v3-MoE,1024,20,ok,,8,0.6602311134338379,0.6270358306188925,0.624390243902439,0.23732298663167092,0.43213917552382103,0.0026455867164534297,0.3380666673183441,0.0002747496182564646,True,0.7314590215682983,0.7312473654747009,0.0,1,0.624390243902439,0.624390243902439,0.0,True,early_stopped_cleanly
synthetic_rotated,42,classification,ablation,TST-v3-MoE,TST-v3-MoE,1024,20,ok,,9,0.6643414258956909,0.6270358306188925,0.624390243902439,0.3053179831786862,0.9040341237001388,0.0026455867164534297,0.3496299982070923,0.00037231764872558415,True,0.7314849495887756,0.7310999035835266,0.0,1,0.624390243902439,0.624390243902439,0.0,True,early_stopped_cleanly
synthetic_rotated,42,classification,ablation,TST-v3-MoE,TST-v3-MoE,1024,20,ok,,10,0.6627291440963745,0.6270358306188925,0.624390243902439,0.29695338404203075,0.5014098648423146,0.0026455867164534297,0.3977176547050476,0.0005591082735918462,True,0.7315272092819214,0.7309141159057617,0.0,1,0.624390243902439,0.624390243902439,0.0,True,early_stopped_cleanly
synthetic_rotated,42,classification,ablation,TST-v3-MoE,TST-v3-MoE,1024,20,ok,,11,0.6635533571243286,0.6270358306188925,0.624390243902439,0.23316413793343987,0.5566746084259537,0.0026455867164534297,0.3825666010379791,0.0007766131311655045,True,0.7316268682479858,0.7308052778244019,0.0,1,0.624390243902439,0.624390243902439,0.0,True,early_stopped_cleanly
synthetic_regime,42,regression,ablation,TST-v0,TST-v0,1024,20,ok,,1,2.2913347363471983,0.6967103815014599,0.6935804632452082,51.06372503639808,122.32560979016783,-0.0031299182562517514,0.3429122269153595,0.011068925261497498,False,,,,15,0.6075634070849664,0.6074748614098142,-8.854567515215184e-05,False,underfit
synthetic_regime,42,regression,ablation,TST-v0,TST-v0,1024,20,ok,,2,0.4542076289653778,0.7522092308769209,0.747190976838782,3.52070591581597,6.2934885873400574,-0.005018254038138936,-0.4303353726863861,0.0035208624321967363,False,,,,15,0.6075634070849664,0.6074748614098142,-8.854567515215184e-05,False,underfit
synthetic_regime,42,regression,ablation,TST-v0,TST-v0,1024,20,ok,,3,0.5403367280960083,0.692349044342219,0.6872886853145225,5.211179097828028,6.6393862608540735,-0.005060359027696526,-0.31611454486846924,0.0017145288875326514,False,,,,15,0.6075634070849664,0.6074748614098142,-8.854567515215184e-05,False,underfit
synthetic_regime,42,regression,ablation,TST-v0,TST-v0,1024,20,ok,,4,0.4149362564086914,0.615436847612429,0.6106352612151574,2.6331293856542173,4.1844971103058946,-0.004801586397271573,-0.05591379106044769,0.0011572398943826556,False,,,,15,0.6075634070849664,0.6074748614098142,-8.854567515215184e-05,False,underfit
synthetic_regime,42,regression,ablation,TST-v0,TST-v0,1024,20,ok,,5,0.3758133232593536,0.6224523356393633,0.618286458172576,0.6931377306082727,1.769245223825261,-0.0041658774667873155,0.12012474983930588,0.0010151584865525365,False,,,,15,0.6075634070849664,0.6074748614098142,-8.854567515215184e-05,False,underfit
synthetic_regime,42,regression,ablation,TST-v0,TST-v0,1024,20,ok,,6,0.39437305331230166,0.6299547021339283,0.6259748247571799,1.7544365247694345,2.2805963464494217,-0.003979877376748431,0.15609920024871826,0.0009300229721702635,False,,,,15,0.6075634070849664,0.6074748614098142,-8.854567515215184e-05,False,underfit
synthetic_regime,42,regression,ablation,TST-v0,TST-v0,1024,20,ok,,7,0.3912919402122498,0.617968391196512,0.6137316076782058,1.6373100815536161,2.328090897228441,-0.004236783518306253,0.09190963208675385,0.0008526692981831729,False,,,,15,0.6075634070849664,0.6074748614098142,-8.854567515215184e-05,False,underfit
synthetic_regime,42,regression,ablation,TST-v0,TST-v0,1024,20,ok,,8,0.3787669062614441,0.6122433572379987,0.6076831071901431,0.6133351380138878,1.3888436470878551,-0.004560250047855652,-0.001075188280083239,0.0008088250760920346,False,,,,15,0.6075634070849664,0.6074748614098142,-8.854567515215184e-05,False,underfit
synthetic_regime,42,regression,ablation,TST-v0,TST-v0,1024,20,ok,,9,0.37716096043586733,0.6151658277320705,0.6104699348104289,0.39609812300605246,0.8034116801494908,-0.004695892921641631,-0.052978627383708954,0.0007949601276777685,False,,,,15,0.6075634070849664,0.6074748614098142,-8.854567515215184e-05,False,underfit
synthetic_regime,42,regression,ablation,TST-v0,TST-v0,1024,20,ok,,10,0.3737354189157486,0.6151538372307382,0.6104599269036997,0.7018157122312216,1.0425588024333967,-0.004693910327038586,-0.052978258579969406,0.0007933934684842825,False,,,,15,0.6075634070849664,0.6074748614098142,-8.854567515215184e-05,False,underfit
synthetic_regime,42,regression,ablation,TST-v0,TST-v0,1024,20,ok,,11,0.37650175094604493,0.6127711805140472,0.6081639016892582,0.6997615298030317,1.0379956870968363,-0.004607278824789063,-0.02001909539103508,0.0007967096171341836,False,,,,15,0.6075634070849664,0.6074748614098142,-8.854567515215184e-05,False,underfit
synthetic_regime,42,regression,ablation,TST-v0,TST-v0,1024,20,ok,,12,0.37225266098976134,0.6121819964906811,0.6076824451155081,0.21708525023113517,0.34216006042422686,-0.004499551375172994,0.01548809465020895,0.0008051425684243441,False,,,,15,0.6075634070849664,0.6074748614098142,-8.854567515215184e-05,False,underfit
synthetic_regime,42,regression,ablation,TST-v0,TST-v0,1024,20,ok,,13,0.3754476964473724,0.6125070824505571,0.608053682228635,0.36121695254292774,0.9438829819006388,-0.004453400221922088,0.029532041400671005,0.0008177111158147454,False,,,,15,0.6075634070849664,0.6074748614098142,-8.854567515215184e-05,False,underfit
synthetic_regime,42,regression,ablation,TST-v0,TST-v0,1024,20,ok,,14,0.37860938906669617,0.6121095775416464,0.607594431809997,0.7174596527410495,1.757217493130056,-0.004515145731649461,0.011228813789784908,0.0008362990920431912,False,,,,15,0.6075634070849664,0.6074748614098142,-8.854567515215184e-05,False,underfit
synthetic_regime,42,regression,ablation,TST-v0,TST-v0,1024,20,ok,,15,0.373353385925293,0.6121098453249704,0.6075634070849664,0.2727854865359251,0.6505613932508182,-0.004546438240004003,0.0016394795384258032,0.0008583489106968045,False,,,,15,0.6075634070849664,0.6074748614098142,-8.854567515215184e-05,False,underfit
synthetic_regime,42,regression,ablation,TST-v0,TST-v0,1024,20,ok,,16,0.3756731450557709,0.6121665640615489,0.6076024023333755,0.5452069859162186,0.802341097970826,-0.0045641617281734215,-0.0037404238246381283,0.0008829231956042349,False,,,,15,0.6075634070849664,0.6074748614098142,-8.854567515215184e-05,False,underfit
synthetic_regime,42,regression,ablation,TST-v0,TST-v0,1024,20,ok,,17,0.3798138916492462,0.6122384164772829,0.6076590758709418,0.5539262615009231,1.0417942686050337,-0.004579340606341131,-0.007972098886966705,0.0009123145719058812,False,,,,15,0.6075634070849664,0.6074748614098142,-8.854567515215184e-05,False,underfit
synthetic_regime,42,regression,ablation,TST-v0,TST-v0,1024,20,ok,,18,0.374332195520401,0.612045427888095,0.6074922036428131,0.2520856054977444,0.7221387954705839,-0.004553224245281928,0.0015814857324585319,0.000943942170124501,False,,,,15,0.6075634070849664,0.6074748614098142,-8.854567515215184e-05,False,underfit
synthetic_regime,42,regression,ablation,TST-v0,TST-v0,1024,20,ok,,19,0.3777632534503937,0.6119966842633228,0.6074681893014511,0.43742870188283794,0.5567947558002438,-0.004528494961871687,0.010487045161426067,0.0009799590334296227,False,,,,15,0.6075634070849664,0.6074748614098142,-8.854567515215184e-05,False,underfit
synthetic_regime,42,regression,ablation,TST-v0,TST-v0,1024,20,ok,,20,0.3756794571876526,0.6119955885827885,0.6074748614098142,0.46838170174764243,0.8731678404671865,-0.004520727172974248,0.013834844343364239,0.0010188573505729437,False,,,,15,0.6075634070849664,0.6074748614098142,-8.854567515215184e-05,False,underfit
synthetic_regime,42,regression,ablation,TST-v1-Gate,TST-v1-Gate,1024,20,ok,,1,2.2988688588142394,0.6970227670741262,0.6938680582718061,63.07641355030861,159.69641271283578,-0.003154708802320161,0.34338831901550293,0.010421992279589176,True,0.7310494780540466,0.7309896945953369,0.0,14,0.6076351416941557,0.6075439575759429,-9.118411821273931e-05,False,underfit
synthetic_regime,42,regression,ablation,TST-v1-Gate,TST-v1-Gate,1024,20,ok,,2,0.45413243770599365,0.7516967732799598,0.7466919982038994,3.5499315649626197,6.296094489207839,-0.0050047750760603416,-0.4293515086174011,0.0032446514815092087,True,0.7310341596603394,0.7309216260910034,0.0,14,0.6076351416941557,0.6075439575759429,-9.118411821273931e-05,False,underfit
synthetic_regime,42,regression,ablation,TST-v1-Gate,TST-v1-Gate,1024,20,ok,,3,0.5395348727703094,0.6918742864065789,0.6868327544170637,5.203827615504467,6.638236651137778,-0.00504153198951518,-0.3150162100791931,0.0015729113947600126,True,0.731033980846405,0.7309514284133911,0.0,14,0.6076351416941557,0.6075439575759429,-9.118411821273931e-05,False,underfit
synthetic_regime,42,regression,ablation,TST-v1-Gate,TST-v1-Gate,1024,20,ok,,4,0.4144864618778229,0.6153035200712389,0.6105252194362305,2.6179261829303613,4.1718850282364945,-0.004778300635008392,-0.05434245616197586,0.0010770735098049045,True,0.7310348749160767,0.7309693694114685,0.0,14,0.6076351416941557,0.6075439575759429,-9.118411821273931e-05,False,underfit
synthetic_regime,42,regression,ablation,TST-v1-Gate,TST-v1-Gate,1024,20,ok,,5,0.3759965479373932,0.6227092007243537,0.6185693843289247,0.7049854002557872,1.7899863909608236,-0.00413981639542893,0.12145320326089859,0.0009495686972513795,True,0.7310323119163513,0.730977475643158,0.0,14,0.6076351416941557,0.6075439575759429,-9.118411821273931e-05,False,underfit
synthetic_regime,42,regression,ablation,TST-v1-Gate,TST-v1-Gate,1024,20,ok,,6,0.3947093904018402,0.6299173035160659,0.625955233158456,1.766599446101051,2.2970595432081673,-0.00396207035760987,0.1558859497308731,0.000867385882884264,True,0.7310269474983215,0.7309771776199341,0.0,14,0.6076351416941557,0.6075439575759429,-9.118411821273931e-05,False,underfit
synthetic_regime,42,regression,ablation,TST-v1-Gate,TST-v1-Gate,1024,20,ok,,7,0.39113819003105166,0.6177331468080985,0.6135060329700237,1.6282557450485569,2.3240473432427664,-0.004227113838074836,0.09004040062427521,0.000790942634921521,True,0.7310199737548828,0.7309712171554565,0.0,14,0.6076351416941557,0.6075439575759429,-9.118411821273931e-05,False,underfit
synthetic_regime,42,regression,ablation,TST-v1-Gate,TST-v1-Gate,1024,20,ok,,8,0.37866504192352296,0.6123022295402096,0.6077501201245069,0.5894574144013898,1.367939115527653,-0.004552109415702721,-0.0034176099579781294,0.0007492293952964246,True,0.7310118079185486,0.7309622764587402,0.0,14,0.6076351416941557,0.6075439575759429,-9.118411821273931e-05,False,underfit
synthetic_regime,42,regression,ablation,TST-v1-Gate,TST-v1-Gate,1024,20,ok,,9,0.3773550271987915,0.6153073464367176,0.6106240358608603,0.40261271491173856,0.8293269281902481,-0.004683310575857247,-0.05417471006512642,0.0007329165237024426,True,0.731002926826477,0.7309527397155762,0.0,14,0.6076351416941557,0.6075439575759429,-9.118411821273931e-05,False,underfit
synthetic_regime,42,regression,ablation,TST-v1-Gate,TST-v1-Gate,1024,20,ok,,10,0.37390805780887604,0.6151319145987637,0.6104546787894717,0.7077965327759934,1.048534995158594,-0.004677235809292024,-0.05250733718276024,0.000729161431081593,True,0.7309939861297607,0.7309434413909912,0.0,14,0.6076351416941557,0.6075439575759429,-9.118411821273931e-05,False,underfit
synthetic_regime,42,regression,ablation,TST-v1-Gate,TST-v1-Gate,1024,20,ok,,11,0.3765263020992279,0.61273363289672,0.6081460150511212,0.694418412085514,1.026538725562303,-0.0045876178455988015,-0.01858905702829361,0.000731559528503567,True,0.7309848070144653,0.7309341430664062,0.0,14,0.6076351416941557,0.6075439575759429,-9.118411821273931e-05,False,underfit
synthetic_regime,42,regression,ablation,TST-v1-Gate,TST-v1-Gate,1024,20,ok,,12,0.37234753370285034,0.6122252977122425,0.607745167354073,0.21041336330478658,0.34841843908141423,-0.004480130358169521,0.016683343797922134,0.000738580129109323,True,0.730975329875946,0.7309244275093079,0.0,14,0.6076351416941557,0.6075439575759429,-9.118411821273931e-05,False,underfit
synthetic_regime,42,regression,ablation,TST-v1-Gate,TST-v1-Gate,1024,20,ok,,13,0.37557445764541625,0.6125424058987267,0.6081052413506279,0.36384672189890754,0.9524325354934853,-0.0044371645480987265,0.02971361204981804,0.0007481345091946423,True,0.730965793132782,0.7309142351150513,0.0,14,0.6076351416941557,0.6075439575759429,-9.118411821273931e-05,False,underfit
synthetic_regime,42,regression,ablation,TST-v1-Gate,TST-v1-Gate,1024,20,ok,,14,0.37872515320777894,0.6121368178087025,0.6076351416941557,0.7204070471951034,1.7580498487565523,-0.004501676114546882,0.010448377579450607,0.0007625996950082481,True,0.7309560179710388,0.7309030294418335,0.0,14,0.6076351416941557,0.6075439575759429,-9.118411821273931e-05,False,underfit
synthetic_regime,42,regression,ablation,TST-v1-Gate,TST-v1-Gate,1024,20,ok,,15,0.3734555959701538,0.6121520805919897,0.6076195692593849,0.271062995223211,0.6413216193713811,-0.004532511332604794,0.0008429175359196961,0.000780247210059315,True,0.7309463024139404,0.7308918237686157,0.0,14,0.6076351416941557,0.6075439575759429,-9.118411821273931e-05,False,underfit
synthetic_regime,42,regression,ablation,TST-v1-Gate,TST-v1-Gate,1024,20,ok,,16,0.3757975399494171,0.6122074567142529,0.6076593456155128,0.5441055607776207,0.8107605962149779,-0.004548111098740093,-0.0039655729196965694,0.0008001103415153921,True,0.7309367656707764,0.730880618095398,0.0,14,0.6076351416941557,0.6075439575759429,-9.118411821273931e-05,False,underfit
synthetic_regime,42,regression,ablation,TST-v1-Gate,TST-v1-Gate,1024,20,ok,,17,0.37992013096809385,0.6122706158906615,0.6077095160234687,0.5533855317352836,1.0396901431316161,-0.004561099867192775,-0.0076774912886321545,0.0008239363087341189,True,0.7309271097183228,0.7308694124221802,0.0,14,0.6076351416941557,0.6075439575759429,-9.118411821273931e-05,False,underfit
synthetic_regime,42,regression,ablation,TST-v1-Gate,TST-v1-Gate,1024,20,ok,,18,0.374442332983017,0.612084113246697,0.6075501383196953,0.2514922691095142,0.7172426908083573,-0.004533974927001694,0.002054302953183651,0.0008496482623741031,True,0.7309178113937378,0.730858325958252,0.0,14,0.6076351416941557,0.6075439575759429,-9.118411821273931e-05,False,underfit
synthetic_regime,42,regression,ablation,TST-v1-Gate,TST-v1-Gate,1024,20,ok,,19,0.3778929948806763,0.6120450139975333,0.6075360353402158,0.4388615068799309,0.5515569229177764,-0.004508978657317475,0.010719047859311104,0.0008780043572187424,True,0.7309083342552185,0.7308470010757446,0.0,14,0.6076351416941557,0.6075439575759429,-9.118411821273931e-05,False,underfit
synthetic_regime,42,regression,ablation,TST-v1-Gate,TST-v1-Gate,1024,20,ok,,20,0.37579638957977296,0.61204557396705,0.6075439575759429,0.4689889586796391,0.8718163931514342,-0.004501616391107022,0.013714813627302647,0.0009095081477425992,True,0.7308987379074097,0.7308357954025269,0.0,14,0.6076351416941557,0.6075439575759429,-9.118411821273931e-05,False,underfit
synthetic_regime,42,regression,ablation,TST-v2-GateFourier,TST-v2-GateFourier,1024,20,ok,,1,2.7917754471302034,0.647568729685462,0.6439563383501198,43.02155876906032,76.1547902993369,-0.003612391335342191,0.21822494268417358,0.0009701292729005218,True,0.7308564782142639,0.7308608293533325,0.0,13,0.6079292018618572,0.6078588502367486,-7.035162510860005e-05,False,underfit
synthetic_regime,42,regression,ablation,TST-v2-GateFourier,TST-v2-GateFourier,1024,20,ok,,2,0.6062155961990356,0.6711629598720594,0.6679915039470172,7.316850855719292,9.680211616853104,-0.003171455925042199,0.2825033664703369,0.000328556023305282,True,0.7306877374649048,0.7307393550872803,0.0,13,0.6079292018618572,0.6078588502367486,-7.035162510860005e-05,False,underfit
synthetic_regime,42,regression,ablation,TST-v2-GateFourier,TST-v2-GateFourier,1024,20,ok,,3,0.4088319599628448,0.701956668392657,0.6972059336524695,2.6485289715922065,5.349880814792517,-0.004750734740187501,-0.33541446924209595,0.0005899680545553565,True,0.7305834293365479,0.7306262254714966,0.0,13,0.6079292018618572,0.6078588502367486,-7.035162510860005e-05,False,underfit
synthetic_regime,42,regression,ablation,TST-v2-GateFourier,TST-v2-GateFourier,1024,20,ok,,4,0.43556636571884155,0.6126392186820099,0.608359640240688,3.022279040807477,6.66747486047447,-0.004279578441321874,0.027923649176955223,0.0002646165667101741,True,0.7304927110671997,0.7304803729057312,0.0,13,0.6079292018618572,0.6078588502367486,-7.035162510860005e-05,False,underfit
synthetic_regime,42,regression,ablation,TST-v2-GateFourier,TST-v2-GateFourier,1024,20,ok,,5,0.38879085779190065,0.6330596535372287,0.6293521982284467,1.4778122475443203,2.511347733363137,-0.003707455308782026,0.16849586367607117,0.00014502534759230912,True,0.7304293513298035,0.7304142713546753,0.0,13,0.6079292018618572,0.6078588502367486,-7.035162510860005e-05,False,underfit
synthetic_regime,42,regression,ablation,TST-v2-GateFourier,TST-v2-GateFourier,1024,20,ok,,6,0.396588408946991,0.6123749907073693,0.6080602253822225,1.655866491489681,3.47845104267797,-0.004314765325146852,0.01717737875878811,0.00015120388707146049,True,0.7303824424743652,0.7303642630577087,0.0,13,0.6079292018618572,0.6078588502367486,-7.035162510860005e-05,False,underfit
synthetic_regime,42,regression,ablation,TST-v2-GateFourier,TST-v2-GateFourier,1024,20,ok,,7,0.37487168312072755,0.6166646891854344,0.6121173188668428,0.38620884394638477,0.758768730709079,-0.004547370318591537,-0.06553927063941956,0.00015975465066730976,True,0.7303484678268433,0.7303282022476196,0.0,13,0.6079292018618572,0.6078588502367486,-7.035162510860005e-05,False,underfit
synthetic_regime,42,regression,ablation,TST-v2-GateFourier,TST-v2-GateFourier,1024,20,ok,,8,0.3788176953792572,0.6128580613539079,0.6084325790010343,0.9029229777507242,1.411567847238455,-0.004425482352873544,-0.01852782443165779,0.000144294070196338,True,0.730323314666748,0.7303023338317871,0.0,13,0.6079292018618572,0.6078588502367486,-7.035162510860005e-05,False,underfit
synthetic_regime,42,regression,ablation,TST-v2-GateFourier,TST-v2-GateFourier,1024,20,ok,,9,0.3738789618015289,0.6124323174975306,0.6081285934498895,0.3536717113506082,1.188657931430106,-0.004303724047641122,0.0208049975335598,0.00013958977069705725,True,0.7303031086921692,0.7302813529968262,0.0,13,0.6079292018618572,0.6078588502367486,-7.035162510860005e-05,False,underfit
synthetic_regime,42,regression,ablation,TST-v2-GateFourier,TST-v2-GateFourier,1024,20,ok,,10,0.37883527874946593,0.6135189543332187,0.6093045462937242,0.7398084470313732,1.8037437250897053,-0.004214408039494466,0.046545326709747314,0.00013795969425700605,True,0.7302857637405396,0.7302634119987488,0.0,13,0.6079292018618572,0.6078588502367486,-7.035162510860005e-05,False,underfit
synthetic_regime,42,regression,ablation,TST-v2-GateFourier,TST-v2-GateFourier,1024,20,ok,,11,0.3725081205368042,0.6125101964452176,0.6081117349414812,0.4592420451422258,0.8172341749424111,-0.004398461503736462,-0.008909104391932487,0.00014900759560987353,True,0.730269730091095,0.7302459478378296,0.0,13,0.6079292018618572,0.6078588502367486,-7.035162510860005e-05,False,underfit
synthetic_regime,42,regression,ablation,TST-v2-GateFourier,TST-v2-GateFourier,1024,20,ok,,12,0.3724192678928375,0.61328008372202,0.6088279567284084,0.5306907704444216,0.9646703762917903,-0.004452126993611638,-0.027307268232107162,0.00015566560614388436,True,0.730255663394928,0.7302303314208984,0.0,13,0.6079292018618572,0.6078588502367486,-7.035162510860005e-05,False,underfit
synthetic_regime,42,regression,ablation,TST-v2-GateFourier,TST-v2-GateFourier,1024,20,ok,,13,0.37561230063438417,0.6122930546922538,0.6079292018618572,0.6357088400637805,1.388904130601267,-0.004363852830396642,0.002857896499335766,0.00016058118490036577,True,0.7302436232566833,0.730216383934021,0.0,13,0.6079292018618572,0.6078588502367486,-7.035162510860005e-05,False,underfit
synthetic_regime,42,regression,ablation,TST-v2-GateFourier,TST-v2-GateFourier,1024,20,ok,,14,0.3741715610027313,0.6122987737780735,0.6079693010965446,0.18792588951661487,0.5027078815712437,-0.004329472681528945,0.013915671035647392,0.0001698788837529719,True,0.7302321195602417,0.7302054166793823,0.0,13,0.6079292018618572,0.6078588502367486,-7.035162510860005e-05,False,underfit
synthetic_regime,42,regression,ablation,TST-v2-GateFourier,TST-v2-GateFourier,1024,20,ok,,15,0.37329842448234557,0.6122614405689695,0.6079151812119754,0.5107441685055318,1.055915291473279,-0.004346259356994064,0.009016805328428745,0.00018202673527412117,True,0.730221152305603,0.7302017211914062,0.0,13,0.6079292018618572,0.6078588502367486,-7.035162510860005e-05,False,underfit
synthetic_regime,42,regression,ablation,TST-v2-GateFourier,TST-v2-GateFourier,1024,20,ok,,16,0.3742956221103668,0.612448229840072,0.6080490015025316,0.28352230905832415,0.5017552669779554,-0.004399228337540362,-0.00776315201073885,0.0001944765099324286,True,0.7302110195159912,0.7301994562149048,0.0,13,0.6079292018618572,0.6078588502367486,-7.035162510860005e-05,False,underfit
synthetic_regime,42,regression,ablation,TST-v2-GateFourier,TST-v2-GateFourier,1024,20,ok,,17,0.3722713589668274,0.6122517783441725,0.6078905707578558,0.26912926860844794,0.5275061008602053,-0.004361207586316751,0.004923565778881311,0.00020482564286794513,True,0.7302020788192749,0.7301988005638123,0.0,13,0.6079292018618572,0.6078588502367486,-7.035162510860005e-05,False,underfit
synthetic_regime,42,regression,ablation,TST-v2-GateFourier,TST-v2-GateFourier,1024,20,ok,,18,0.3749954104423523,0.6122661864421841,0.6079324863729479,0.4701772374950363,0.7937610415379451,-0.004333700069236168,0.01370606105774641,0.00021724079851992428,True,0.7301939725875854,0.7301884889602661,0.0,13,0.6079292018618572,0.6078588502367486,-7.035162510860005e-05,False,underfit
synthetic_regime,42,regression,ablation,TST-v2-GateFourier,TST-v2-GateFourier,1024,20,ok,,19,0.37535849809646604,0.6127600186064713,0.6083290709603146,0.8182068986751017,1.8225789374107892,-0.004430947646156702,-0.01790427975356579,0.00024047114129643887,True,0.730185866355896,0.7301732897758484,0.0,13,0.6079292018618572,0.6078588502367486,-7.035162510860005e-05,False,underfit
synthetic_regime,42,regression,ablation,TST-v2-GateFourier,TST-v2-GateFourier,1024,20,ok,,20,0.37762056589126586,0.6122143935897083,0.6078588502367486,0.8662849879078071,1.470330060195896,-0.004355543352959734,0.007338258903473616,0.00025479611940681934,True,0.7301799654960632,0.7301557064056396,0.0,13,0.6079292018618572,0.6078588502367486,-7.035162510860005e-05,False,underfit
synthetic_regime,42,regression,ablation,TST-v3-MoE,TST-v3-MoE,1024,20,ok,,1,0.6021423161029815,0.6335767910683244,0.630083061146897,5.815260434491276,18.91705772777877,-0.00349372992142738,0.1710698902606964,0.0009718149085529149,True,0.7308034300804138,0.7308579683303833,0.0,20,0.5080082736073726,0.5080082736073726,0.0,False,underfit
synthetic_regime,42,regression,ablation,TST-v3-MoE,TST-v3-MoE,1024,20,ok,,2,0.38817809224128724,0.6362595569814651,0.6316120157739856,1.2880285818473656,2.150241164696334,-0.004647541207479455,-0.16541893780231476,0.0008686993969604373,True,0.7306526899337769,0.7306102514266968,0.0,20,0.5080082736073726,0.5080082736073726,0.0,False,underfit
synthetic_regime,42,regression,ablation,TST-v3-MoE,TST-v3-MoE,1024,20,ok,,3,0.38530498147010805,0.6235498054713317,0.6197116997899524,1.2250383011460297,1.8022978996560557,-0.0038381056813792114,0.1263105571269989,0.0003099403402302414,True,0.7305485010147095,0.7304880619049072,0.0,20,0.5080082736073726,0.5080082736073726,0.0,False,underfit
synthetic_regime,42,regression,ablation,TST-v3-MoE,TST-v3-MoE,1024,20,ok,,4,0.38148065805435183,0.6122411667578723,0.6079070432039393,0.8580436988181692,1.8766726330145675,-0.004334123553933034,0.0004436270974110812,0.0002579574065748602,True,0.7304836511611938,0.7303410768508911,0.0,20,0.5080082736073726,0.5080082736073726,0.0,False,underfit
synthetic_regime,42,regression,ablation,TST-v3-MoE,TST-v3-MoE,1024,20,ok,,5,0.37478834986686704,0.6122114241298369,0.6078810841912649,0.350621179948437,0.7301310105385925,-0.004330339938572014,0.0031113168224692345,0.000252559402724728,True,0.7304500341415405,0.730260968208313,0.0,20,0.5080082736073726,0.5080082736073726,0.0,False,underfit
synthetic_regime,42,regression,ablation,TST-v3-MoE,TST-v3-MoE,1024,20,ok,,6,0.3751845180988312,0.6126553445511159,0.608421141566674,0.1784968219476756,0.31827462621034375,-0.004234202984441882,0.03198887035250664,0.00027731258887797594,True,0.7304357290267944,0.7302111983299255,0.0,20,0.5080082736073726,0.5080082736073726,0.0,False,underfit
synthetic_regime,42,regression,ablation,TST-v3-MoE,TST-v3-MoE,1024,20,ok,,7,0.3767790079116821,0.6131195049447946,0.6089253355994225,0.4516255403223761,0.7486768253050772,-0.00419416934537209,0.04222845286130905,0.0003216597833670676,True,0.7304385900497437,0.7301726341247559,0.0,20,0.5080082736073726,0.5080082736073726,0.0,False,underfit
synthetic_regime,42,regression,ablation,TST-v3-MoE,TST-v3-MoE,1024,20,ok,,8,0.3737256467342377,0.6121157852158542,0.6078041566408501,0.3809591052198821,1.0488679315433278,-0.004311628575004112,0.006714384537190199,0.00038638091064058244,True,0.7304528951644897,0.7301362752914429,0.0,20,0.5080082736073726,0.5080082736073726,0.0,False,underfit
synthetic_regime,42,regression,ablation,TST-v3-MoE,TST-v3-MoE,1024,20,ok,,9,0.3702674150466919,0.6122022966015299,0.607946629176947,0.3746759779526759,0.6421627990046535,-0.004255667424582943,0.02090064249932766,0.0004796873836312443,True,0.7304825186729431,0.7301082611083984,0.0,20,0.5080082736073726,0.5080082736073726,0.0,False,underfit
synthetic_regime,42,regression,ablation,TST-v3-MoE,TST-v3-MoE,1024,20,ok,,10,0.37167617678642273,0.6120540464867842,0.6077963358634645,0.3787368243837504,0.8354491324316122,-0.004257710623319699,0.016736241057515144,0.0006125848740339279,True,0.7305279970169067,0.7300821542739868,0.0,20,0.5080082736073726,0.5080082736073726,0.0,False,underfit
synthetic_regime,42,regression,ablation,TST-v3-MoE,TST-v3-MoE,1024,20,ok,,11,0.3782483458518982,0.6118972858816376,0.6076147625689919,0.4887865825831422,1.3062410167423193,-0.00428252331264567,0.005341824144124985,0.0007873752620071173,True,0.7305927872657776,0.7300820350646973,0.0,20,0.5080082736073726,0.5080082736073726,0.0,False,underfit
synthetic_regime,42,regression,ablation,TST-v3-MoE,TST-v3-MoE,1024,20,ok,,12,0.37123342156410216,0.6131467489493413,0.6090456977589567,0.3744449405952544,0.8718995222662449,-0.004101051190384619,0.049130771309137344,0.001027681864798069,True,0.7306937575340271,0.730114221572876,0.0,20,0.5080082736073726,0.5080082736073726,0.0,False,underfit
synthetic_regime,42,regression,ablation,TST-v3-MoE,TST-v3-MoE,1024,20,ok,,13,0.3745648443698883,0.6115216080020816,0.6072954493994268,0.45296481429397434,0.8709612691878829,-0.004226158602654739,0.004756395239382982,0.0014745781663805246,True,0.7308204770088196,0.7301682233810425,0.0,20,0.5080082736073726,0.5080082736073726,0.0,False,underfit
synthetic_regime,42,regression,ablation,TST-v3-MoE,TST-v3-MoE,1024,20,ok,,14,0.37487987279891966,0.6112638689585715,0.6071576589495062,0.15393070396698255,0.3018868638446,-0.004106210009065303,0.020898060873150826,0.0021700880024582148,True,0.7309907078742981,0.730251669883728,0.0,20,0.5080082736073726,0.5080082736073726,0.0,False,underfit
synthetic_regime,42,regression,ablation,TST-v3-MoE,TST-v3-MoE,1024,20,ok,,15,0.3779596447944641,0.6107955416463584,0.6068544834962966,0.6235273118592236,1.0782653341441777,-0.003941058150061849,0.030085159465670586,0.003482774132862687,True,0.7312231659889221,0.7304013967514038,0.0,20,0.5080082736073726,0.5080082736073726,0.0,False,underfit
synthetic_regime,42,regression,ablation,TST-v3-MoE,TST-v3-MoE,1024,20,ok,,16,0.37753166556358336,0.6100899341606364,0.6061442391081296,0.34771189374222,0.5148841486434322,-0.003945695052506748,-0.03224869817495346,0.006551157683134079,True,0.7315232753753662,0.7306160926818848,0.0,20,0.5080082736073726,0.5080082736073726,0.0,False,underfit
synthetic_regime,42,regression,ablation,TST-v3-MoE,TST-v3-MoE,1024,20,ok,,17,0.37501274347305297,0.6051508653530706,0.6021456678477142,0.33396454233272316,0.7240761257226168,-0.0030051975053564384,0.03383670002222061,0.01375257782638073,True,0.7319077849388123,0.7309357523918152,0.0,20,0.5080082736073726,0.5080082736073726,0.0,False,underfit
synthetic_regime,42,regression,ablation,TST-v3-MoE,TST-v3-MoE,1024,20,ok,,18,0.35949407815933226,0.586353052919484,0.5851131744216584,0.38769620472910127,0.4868441982723886,-0.0012398784978255861,-0.050235021859407425,0.053857434540987015,True,0.7322843074798584,0.7310349941253662,0.0,20,0.5080082736073726,0.5080082736073726,0.0,False,underfit
synthetic_regime,42,regression,ablation,TST-v3-MoE,TST-v3-MoE,1024,20,ok,,19,0.32623990178108214,0.5329840353208442,0.5351222507786675,0.9545862647682519,1.4782347793836583,0.0021382154578233337,0.1156684160232544,0.2067360132932663,True,0.7323709726333618,0.7309200763702393,0.0,20,0.5080082736073726,0.5080082736073726,0.0,False,underfit
synthetic_regime,42,regression,ablation,TST-v3-MoE,TST-v3-MoE,1024,20,ok,,20,0.29195619821548463,0.5054610462574501,0.5080082736073726,2.741858849862308,4.550961073725942,0.0025472273499224096,0.01424113567918539,0.44122448563575745,True,0.7322723865509033,0.7308427691459656,0.0,20,0.5080082736073726,0.5080082736073726,0.0,False,underfit
synthetic_sparse_high_order,42,classification,ablation,TST-v0,TST-v0,1024,50,ok,,1,0.18681458979845048,0.9674267100977199,0.9658536585365853,4.804232749995281,23.250680544114665,0.0015730515611345197,0.031033923849463463,0.00018358785018790513,False,,,,1,0.9658536585365853,0.9658536585365853,0.0,True,early_stopped_cleanly
synthetic_sparse_high_order,42,classification,ablation,TST-v0,TST-v0,1024,50,ok,,2,0.14714003801345826,0.9674267100977199,0.9658536585365853,0.10453607282978399,0.22771475813005565,0.0015730515611345197,0.033302947878837585,0.0001218551115016453,False,,,,1,0.9658536585365853,0.9658536585365853,0.0,True,early_stopped_cleanly
synthetic_sparse_high_order,42,classification,ablation,TST-v0,TST-v0,1024,50,ok,,3,0.14313820824027063,0.9674267100977199,0.9658536585365853,0.09432561500434913,0.2208614039671677,0.0015730515611345197,0.03515706583857536,0.00010328354255761951,False,,,,1,0.9658536585365853,0.9658536585365853,0.0,True,early_stopped_cleanly
synthetic_sparse_high_order,42,classification,ablation,TST-v0,TST-v0,1024,50,ok,,4,0.1447504624724388,0.9674267100977199,0.9658536585365853,0.1547397773825553,0.30103791677080016,0.0015730515611345197,0.03529011085629463,8.985628664959222e-05,False,,,,1,0.9658536585365853,0.9658536585365853,0.0,True,early_stopped_cleanly
synthetic_sparse_high_order,42,classification,ablation,TST-v0,TST-v0,1024,50,ok,,5,0.14590013325214385,0.9674267100977199,0.9658536585365853,0.06536945643606988,0.12676275163299183,0.0015730515611345197,0.03386102616786957,7.72552884882316e-05,False,,,,1,0.9658536585365853,0.9658536585365853,0.0,True,early_stopped_cleanly
synthetic_sparse_high_order,42,classification,ablation,TST-v0,TST-v0,1024,50,ok,,6,0.14882152378559113,0.9674267100977199,0.9658536585365853,0.11580035338203531,0.31248886378670576,0.0015730515611345197,0.031768716871738434,6.632193981204182e-05,False,,,,1,0.9658536585365853,0.9658536585365853,0.0,True,early_stopped_cleanly
synthetic_sparse_high_order,42,classification,ablation,TST-v0,TST-v0,1024,50,ok,,7,0.14449623078107834,0.9674267100977199,0.9658536585365853,0.11839345699980967,0.18980309661868341,0.0015730515611345197,0.03281503915786743,7.01799726812169e-05,False,,,,1,0.9658536585365853,0.9658536585365853,0.0,True,early_stopped_cleanly
synthetic_sparse_high_order,42,classification,ablation,TST-v0,TST-v0,1024,50,ok,,8,0.14685605466365814,0.9674267100977199,0.9658536585365853,0.1046529571168449,0.2178774610102375,0.0015730515611345197,0.03306124731898308,7.28129962226376e-05,False,,,,1,0.9658536585365853,0.9658536585365853,0.0,True,early_stopped_cleanly
synthetic_sparse_high_order,42,classification,ablation,TST-v0,TST-v0,1024,50,ok,,9,0.14053853675723077,0.9674267100977199,0.9658536585365853,0.17996191886655014,0.2909949592901765,0.0015730515611345197,0.03415264934301376,8.037779480218887e-05,False,,,,1,0.9658536585365853,0.9658536585365853,0.0,True,early_stopped_cleanly
synthetic_sparse_high_order,42,classification,ablation,TST-v0,TST-v0,1024,50,ok,,10,0.1393036037683487,0.9674267100977199,0.9658536585365853,0.13959512112479966,0.29086578919536865,0.0015730515611345197,0.03371955081820488,8.271267870441079e-05,False,,,,1,0.9658536585365853,0.9658536585365853,0.0,True,early_stopped_cleanly
synthetic_sparse_high_order,42,classification,ablation,TST-v0,TST-v0,1024,50,ok,,11,0.14300933480262756,0.9674267100977199,0.9658536585365853,0.09992894722529397,0.17576852935602588,0.0015730515611345197,0.03268517926335335,8.303323556901887e-05,False,,,,1,0.9658536585365853,0.9658536585365853,0.0,True,early_stopped_cleanly
synthetic_sparse_high_order,42,classification,ablation,TST-v1-Gate,TST-v1-Gate,1024,50,ok,,1,0.18688396066427232,0.9674267100977199,0.9658536585365853,6.317312915700058,30.745344359922612,0.0015730515611345197,0.031012242659926414,0.00017521418340038508,True,0.7309669256210327,0.7305035591125488,0.0,1,0.9658536585365853,0.9658536585365853,0.0,True,early_stopped_cleanly
synthetic_sparse_high_order,42,classification,ablation,TST-v1-Gate,TST-v1-Gate,1024,50,ok,,2,0.14721579998731613,0.9674267100977199,0.9658536585365853,0.1062007451591509,0.23067565390665293,0.0015730515611345197,0.03328317403793335,0.00011504297435749322,True,0.7309215664863586,0.7302708625793457,0.0,1,0.9658536585365853,0.9658536585365853,0.0,True,early_stopped_cleanly
synthetic_sparse_high_order,42,classification,ablation,TST-v1-Gate,TST-v1-Gate,1024,50,ok,,3,0.14321362003684043,0.9674267100977199,0.9658536585365853,0.0951749954827161,0.22276198600103378,0.0015730515611345197,0.0351547934114933,9.696065535536036e-05,True,0.7308881282806396,0.7301332354545593,0.0,1,0.9658536585365853,0.9658536585365853,0.0,True,early_stopped_cleanly
synthetic_sparse_high_order,42,classification,ablation,TST-v1-Gate,TST-v1-Gate,1024,50,ok,,4,0.1448266439139843,0.9674267100977199,0.9658536585365853,0.15547380634803018,0.30242726742138615,0.0015730515611345197,0.035296790301799774,8.39472995721735e-05,True,0.7308580875396729,0.7300364375114441,0.0,1,0.9658536585365853,0.9658536585365853,0.0,True,early_stopped_cleanly
synthetic_sparse_high_order,42,classification,ablation,TST-v1-Gate,TST-v1-Gate,1024,50,ok,,5,0.14597979336977004,0.9674267100977199,0.9658536585365853,0.06565489188433786,0.12719604524762085,0.0015730515611345197,0.033862728625535965,7.18224691809155e-05,True,0.7308301329612732,0.7299633622169495,0.0,1,0.9658536585365853,0.9658536585365853,0.0,True,early_stopped_cleanly
synthetic_sparse_high_order,42,classification,ablation,TST-v1-Gate,TST-v1-Gate,1024,50,ok,,6,0.1489022344350815,0.9674267100977199,0.9658536585365853,0.11612451569722967,0.31333994662232867,0.0015730515611345197,0.0317632220685482,6.134764407761395e-05,True,0.7308017015457153,0.7299090623855591,0.0,1,0.9658536585365853,0.9658536585365853,0.0,True,early_stopped_cleanly
synthetic_sparse_high_order,42,classification,ablation,TST-v1-Gate,TST-v1-Gate,1024,50,ok,,7,0.14457904398441315,0.9674267100977199,0.9658536585365853,0.11872285031929994,0.19041216714887205,0.0015730515611345197,0.03281041607260704,6.466496415669098e-05,True,0.7307755947113037,0.7298685312271118,0.0,1,0.9658536585365853,0.9658536585365853,0.0,True,early_stopped_cleanly
synthetic_sparse_high_order,42,classification,ablation,TST-v1-Gate,TST-v1-Gate,1024,50,ok,,8,0.14694084525108336,0.9674267100977199,0.9658536585365853,0.10491019752493587,0.2184972605405444,0.0015730515611345197,0.03305669501423836,6.679024227196351e-05,True,0.7307491898536682,0.7298538684844971,0.0,1,0.9658536585365853,0.9658536585365853,0.0,True,early_stopped_cleanly
synthetic_sparse_high_order,42,classification,ablation,TST-v1-Gate,TST-v1-Gate,1024,50,ok,,9,0.14062278643250464,0.9674267100977199,0.9658536585365853,0.1804523667271481,0.29170534538708526,0.0015730515611345197,0.03414842486381531,7.340192678384483e-05,True,0.7307232022285461,0.7298480272293091,0.0,1,0.9658536585365853,0.9658536585365853,0.0,True,early_stopped_cleanly
synthetic_sparse_high_order,42,classification,ablation,TST-v1-Gate,TST-v1-Gate,1024,50,ok,,10,0.1393883265554905,0.9674267100977199,0.9658536585365853,0.13994384579875,0.29156549059084047,0.0015730515611345197,0.03371338173747063,7.513564196415246e-05,True,0.7306962013244629,0.7297928929328918,0.0,1,0.9658536585365853,0.9658536585365853,0.0,True,early_stopped_cleanly
synthetic_sparse_high_order,42,classification,ablation,TST-v1-Gate,TST-v1-Gate,1024,50,ok,,11,0.14309779852628707,0.9674267100977199,0.9658536585365853,0.10014618171310392,0.17626043990533388,0.0015730515611345197,0.032677434384822845,7.498302147723734e-05,True,0.7306678295135498,0.7297744750976562,0.0,1,0.9658536585365853,0.9658536585365853,0.0,True,early_stopped_cleanly
synthetic_sparse_high_order,42,classification,ablation,TST-v2-GateFourier,TST-v2-GateFourier,1024,50,ok,,1,0.18096057549118996,0.9674267100977199,0.9658536585365853,1.3120822134765107,5.706282151995529,0.0015730515611345197,0.04799119010567665,5.774891178589314e-05,True,0.7309927940368652,0.7304863333702087,0.0,1,0.9658536585365853,0.9658536585365853,0.0,True,early_stopped_cleanly
synthetic_sparse_high_order,42,classification,ablation,TST-v2-GateFourier,TST-v2-GateFourier,1024,50,ok,,2,0.14903886169195174,0.9674267100977199,0.9658536585365853,0.1683476501044469,0.35144932550059765,0.0015730515611345197,0.03158200532197952,8.764029189478606e-06,True,0.7308864593505859,0.7302353382110596,0.0,1,0.9658536585365853,0.9658536585365853,0.0,True,early_stopped_cleanly
synthetic_sparse_high_order,42,classification,ablation,TST-v2-GateFourier,TST-v2-GateFourier,1024,50,ok,,3,0.14366151988506318,0.9674267100977199,0.9658536585365853,0.08307923580332557,0.159880123861606,0.0015730515611345197,0.030501263216137886,6.751673026883509e-06,True,0.7307840585708618,0.7300817966461182,0.0,1,0.9658536585365853,0.9658536585365853,0.0,True,early_stopped_cleanly
synthetic_sparse_high_order,42,classification,ablation,TST-v2-GateFourier,TST-v2-GateFourier,1024,50,ok,,4,0.14103842824697493,0.9674267100977199,0.9658536585365853,0.08605637759619031,0.22120730989222234,0.0015730515611345197,0.03453473746776581,8.078980499703903e-06,True,0.730685293674469,0.7299587726593018,0.0,1,0.9658536585365853,0.9658536585365853,0.0,True,early_stopped_cleanly
synthetic_sparse_high_order,42,classification,ablation,TST-v2-GateFourier,TST-v2-GateFourier,1024,50,ok,,5,0.14337555766105653,0.9674267100977199,0.9658536585365853,0.06301567367285206,0.11088627789224037,0.0015730515611345197,0.0331687405705452,7.674484550079796e-06,True,0.7305837869644165,0.7298833131790161,0.0,1,0.9658536585365853,0.9658536585365853,0.0,True,early_stopped_cleanly
synthetic_sparse_high_order,42,classification,ablation,TST-v2-GateFourier,TST-v2-GateFourier,1024,50,ok,,6,0.14307944476604462,0.9674267100977199,0.9658536585365853,0.045341627432162815,0.07716336466186384,0.0015730515611345197,0.03141404688358307,7.394888598355465e-06,True,0.7304801344871521,0.7298107147216797,0.0,1,0.9658536585365853,0.9658536585365853,0.0,True,early_stopped_cleanly
synthetic_sparse_high_order,42,classification,ablation,TST-v2-GateFourier,TST-v2-GateFourier,1024,50,ok,,7,0.14228760600090026,0.9674267100977199,0.9658536585365853,0.08052625147924976,0.22127839540500957,0.0015730515611345197,0.030131135135889053,7.530976290581748e-06,True,0.7303733825683594,0.7297641038894653,0.0,1,0.9658536585365853,0.9658536585365853,0.0,True,early_stopped_cleanly
synthetic_sparse_high_order,42,classification,ablation,TST-v2-GateFourier,TST-v2-GateFourier,1024,50,ok,,8,0.1434316173195839,0.9674267100977199,0.9658536585365853,0.049762187182587694,0.15044554566969437,0.0015730515611345197,0.031162448227405548,8.827824785839766e-06,True,0.7302647233009338,0.7297236919403076,0.0,1,0.9658536585365853,0.9658536585365853,0.0,True,early_stopped_cleanly
synthetic_sparse_high_order,42,classification,ablation,TST-v2-GateFourier,TST-v2-GateFourier,1024,50,ok,,9,0.14193447828292846,0.9674267100977199,0.9658536585365853,0.15761787141245023,0.23998966444028236,0.0015730515611345197,0.03652341291308403,1.2920363587909378e-05,True,0.7301576733589172,0.7296545505523682,0.0,1,0.9658536585365853,0.9658536585365853,0.0,True,early_stopped_cleanly
synthetic_sparse_high_order,42,classification,ablation,TST-v2-GateFourier,TST-v2-GateFourier,1024,50,ok,,10,0.14638222083449365,0.9674267100977199,0.9658536585365853,0.13965967371518517,0.30879421561190207,0.0015730515611345197,0.03255994990468025,1.1675218047457747e-05,True,0.7300494313240051,0.7296172976493835,0.0,1,0.9658536585365853,0.9658536585365853,0.0,True,early_stopped_cleanly
synthetic_sparse_high_order,42,classification,ablation,TST-v2-GateFourier,TST-v2-GateFourier,1024,50,ok,,11,0.14175575524568557,0.9674267100977199,0.9658536585365853,0.07554959853006986,0.13654194750942172,0.0015730515611345197,0.0307771023362875,1.1965153134951834e-05,True,0.7299435138702393,0.7295829057693481,0.0,1,0.9658536585365853,0.9658536585365853,0.0,True,early_stopped_cleanly
synthetic_sparse_high_order,42,classification,ablation,TST-v3-MoE,TST-v3-MoE,1024,50,ok,,1,0.22324296832084656,0.9674267100977199,0.9658536585365853,1.8029567679895842,8.308905483786926,0.0015730515611345197,0.03498077392578125,1.2287502613617107e-05,True,0.7310502529144287,0.7310779094696045,0.0,1,0.9658536585365853,0.9658536585365853,0.0,True,early_stopped_cleanly
synthetic_sparse_high_order,42,classification,ablation,TST-v3-MoE,TST-v3-MoE,1024,50,ok,,2,0.14194806963205336,0.9674267100977199,0.9658536585365853,0.047525801989647544,0.102626322627537,0.0015730515611345197,0.028979936614632607,5.765668447565986e-06,True,0.7310208082199097,0.7310514450073242,0.0,1,0.9658536585365853,0.9658536585365853,0.0,True,early_stopped_cleanly
synthetic_sparse_high_order,42,classification,ablation,TST-v3-MoE,TST-v3-MoE,1024,50,ok,,3,0.14046767801046373,0.9674267100977199,0.9658536585365853,0.08177257059922964,0.14690329952477424,0.0015730515611345197,0.026506207883358,4.121076017327141e-06,True,0.7309755086898804,0.7309754490852356,0.0,1,0.9658536585365853,0.9658536585365853,0.0,True,early_stopped_cleanly
synthetic_sparse_high_order,42,classification,ablation,TST-v3-MoE,TST-v3-MoE,1024,50,ok,,4,0.14348131865262986,0.9674267100977199,0.9658536585365853,0.04505023347506367,0.12979950124122944,0.0015730515611345197,0.02493494376540184,3.5630184811452636e-06,True,0.7309188842773438,0.7308354377746582,0.0,1,0.9658536585365853,0.9658536585365853,0.0,True,early_stopped_cleanly
synthetic_sparse_high_order,42,classification,ablation,TST-v3-MoE,TST-v3-MoE,1024,50,ok,,5,0.1437197670340538,0.9674267100977199,0.9658536585365853,0.03908998107879315,0.126046185832232,0.0015730515611345197,0.02768617868423462,3.139523187201121e-06,True,0.7308545112609863,0.7306697964668274,0.0,1,0.9658536585365853,0.9658536585365853,0.0,True,early_stopped_cleanly
synthetic_sparse_high_order,42,classification,ablation,TST-v3-MoE,TST-v3-MoE,1024,50,ok,,6,0.1428422212600708,0.9674267100977199,0.9658536585365853,0.09257380126721149,0.14599645747236034,0.0015730515611345197,0.031674034893512726,3.135389079034212e-06,True,0.7307814955711365,0.7304784059524536,0.0,1,0.9658536585365853,0.9658536585365853,0.0,True,early_stopped_cleanly
synthetic_sparse_high_order,42,classification,ablation,TST-v3-MoE,TST-v3-MoE,1024,50,ok,,7,0.14218820482492447,0.9674267100977199,0.9658536585365853,0.060868989382656294,0.09694788782037295,0.0015730515611345197,0.02928628772497177,3.265517307227128e-06,True,0.7307025194168091,0.7302617430686951,0.0,1,0.9658536585365853,0.9658536585365853,0.0,True,early_stopped_cleanly
synthetic_sparse_high_order,42,classification,ablation,TST-v3-MoE,TST-v3-MoE,1024,50,ok,,8,0.14481698274612426,0.9674267100977199,0.9658536585365853,0.0751564056691638,0.11706287837827507,0.0015730515611345197,0.026046082377433777,3.6067365272174357e-06,True,0.7306194305419922,0.7300371527671814,0.0,1,0.9658536585365853,0.9658536585365853,0.0,True,early_stopped_cleanly
synthetic_sparse_high_order,42,classification,ablation,TST-v3-MoE,TST-v3-MoE,1024,50,ok,,9,0.1448523849248886,0.9674267100977199,0.9658536585365853,0.07591405457635826,0.16643545902312878,0.0015730515611345197,0.026803597807884216,3.930852017219877e-06,True,0.7305317521095276,0.7297984957695007,0.0,1,0.9658536585365853,0.9658536585365853,0.0,True,early_stopped_cleanly
synthetic_sparse_high_order,42,classification,ablation,TST-v3-MoE,TST-v3-MoE,1024,50,ok,,10,0.14177179634571074,0.9674267100977199,0.9658536585365853,0.07921165249522974,0.1542739417674252,0.0015730515611345197,0.02842269465327263,4.337447535363026e-06,True,0.7304403781890869,0.7296645641326904,0.0,1,0.9658536585365853,0.9658536585365853,0.0,True,early_stopped_cleanly
synthetic_sparse_high_order,42,classification,ablation,TST-v3-MoE,TST-v3-MoE,1024,50,ok,,11,0.14778393507003784,0.9674267100977199,0.9658536585365853,0.10165195781451133,0.18248989450378808,0.0015730515611345197,0.026955928653478622,4.682600774685852e-06,True,0.7303480505943298,0.7296431064605713,0.0,1,0.9658536585365853,0.9658536585365853,0.0,True,early_stopped_cleanly
synthetic_axis_aligned,43,classification,ablation,TST-v0,TST-v0,1024,20,ok,,1,0.40686229169368743,0.9022801302931596,0.9024390243902439,9.178466909208568,42.297685008001295,-0.00015889409708436109,0.04162396118044853,0.0007102930103428662,False,,,,1,0.9024390243902439,0.9024390243902439,0.0,True,early_stopped_cleanly
synthetic_axis_aligned,43,classification,ablation,TST-v0,TST-v0,1024,20,ok,,2,0.33591195940971375,0.9022801302931596,0.9024390243902439,0.41681394861378995,0.669733442004743,-0.00015889409708436109,0.07382045686244965,0.0005079807015135884,False,,,,1,0.9024390243902439,0.9024390243902439,0.0,True,early_stopped_cleanly
synthetic_axis_aligned,43,classification,ablation,TST-v0,TST-v0,1024,20,ok,,3,0.3204604029655457,0.9022801302931596,0.9024390243902439,0.13997239966249256,0.1978823129066042,-0.00015889409708436109,0.10935057699680328,0.0004537896020337939,False,,,,1,0.9024390243902439,0.9024390243902439,0.0,True,early_stopped_cleanly
synthetic_axis_aligned,43,classification,ablation,TST-v0,TST-v0,1024,20,ok,,4,0.32669287025928495,0.9022801302931596,0.9024390243902439,0.294298743846487,0.5834289277145512,-0.00015889409708436109,0.12098623067140579,0.0004038179467897862,False,,,,1,0.9024390243902439,0.9024390243902439,0.0,True,early_stopped_cleanly
synthetic_axis_aligned,43,classification,ablation,TST-v0,TST-v0,1024,20,ok,,5,0.3231861352920532,0.9022801302931596,0.9024390243902439,0.18311451926735203,0.365819355714498,-0.00015889409708436109,0.11685363948345184,0.00036865557194687426,False,,,,1,0.9024390243902439,0.9024390243902439,0.0,True,early_stopped_cleanly
synthetic_axis_aligned,43,classification,ablation,TST-v0,TST-v0,1024,20,ok,,6,0.3206644177436829,0.9022801302931596,0.9024390243902439,0.17352683636463143,0.32136758228228457,-0.00015889409708436109,0.10482432693243027,0.00033997147693298757,False,,,,1,0.9024390243902439,0.9024390243902439,0.0,True,early_stopped_cleanly
synthetic_axis_aligned,43,classification,ablation,TST-v0,TST-v0,1024,20,ok,,7,0.32246133685112,0.9022801302931596,0.9024390243902439,0.16965369092619725,0.2822340437962986,-0.00015889409708436109,0.09438115358352661,0.00032443617237731814,False,,,,1,0.9024390243902439,0.9024390243902439,0.0,True,early_stopped_cleanly
synthetic_axis_aligned,43,classification,ablation,TST-v0,TST-v0,1024,20,ok,,8,0.3175262749195099,0.9022801302931596,0.9024390243902439,0.11329896906449559,0.14849959182252398,-0.00015889409708436109,0.09298261255025864,0.0003407576004974544,False,,,,1,0.9024390243902439,0.9024390243902439,0.0,True,early_stopped_cleanly
synthetic_axis_aligned,43,classification,ablation,TST-v0,TST-v0,1024,20,ok,,9,0.320259290933609,0.9022801302931596,0.9024390243902439,0.1780321127403875,0.34601387366498904,-0.00015889409708436109,0.09618274122476578,0.0003788751200772822,False,,,,1,0.9024390243902439,0.9024390243902439,0.0,True,early_stopped_cleanly
synthetic_axis_aligned,43,classification,ablation,TST-v0,TST-v0,1024,20,ok,,10,0.3179755389690399,0.9022801302931596,0.9024390243902439,0.1935679752757668,0.5440826032433373,-0.00015889409708436109,0.09559545665979385,0.0004103229148313403,False,,,,1,0.9024390243902439,0.9024390243902439,0.0,True,early_stopped_cleanly
synthetic_axis_aligned,43,classification,ablation,TST-v0,TST-v0,1024,20,ok,,11,0.32305029332637786,0.9022801302931596,0.9024390243902439,0.20704644852604664,0.3511485347204542,-0.00015889409708436109,0.09841568768024445,0.00046064855996519327,False,,,,1,0.9024390243902439,0.9024390243902439,0.0,True,early_stopped_cleanly
synthetic_axis_aligned,43,classification,ablation,TST-v1-Gate,TST-v1-Gate,1024,20,ok,,1,0.40709479749202726,0.9022801302931596,0.9024390243902439,11.912756119068105,55.36176890848286,-0.00015889409708436109,0.04158727079629898,0.000681936158798635,True,0.7311416864395142,0.7314966320991516,0.0,1,0.9024390243902439,0.9024390243902439,0.0,True,early_stopped_cleanly
synthetic_axis_aligned,43,classification,ablation,TST-v1-Gate,TST-v1-Gate,1024,20,ok,,2,0.3360300838947296,0.9022801302931596,0.9024390243902439,0.42783442455365456,0.6893588578488946,-0.00015889409708436109,0.07388604432344437,0.0004805987700819969,True,0.7311870455741882,0.7316032648086548,0.0,1,0.9024390243902439,0.9024390243902439,0.0,True,early_stopped_cleanly
synthetic_axis_aligned,43,classification,ablation,TST-v1-Gate,TST-v1-Gate,1024,20,ok,,3,0.3205613732337952,0.9022801302931596,0.9024390243902439,0.1411301904186787,0.19842594432238114,-0.00015889409708436109,0.10946512222290039,0.000423916062572971,True,0.7312097549438477,0.7316529750823975,0.0,1,0.9024390243902439,0.9024390243902439,0.0,True,early_stopped_cleanly
synthetic_axis_aligned,43,classification,ablation,TST-v1-Gate,TST-v1-Gate,1024,20,ok,,4,0.3268251270055771,0.9022801302931596,0.9024390243902439,0.29590812525886384,0.5869699506818522,-0.00015889409708436109,0.12102636694908142,0.0003728249575942755,True,0.731221616268158,0.7316862344741821,0.0,1,0.9024390243902439,0.9024390243902439,0.0,True,early_stopped_cleanly
synthetic_axis_aligned,43,classification,ablation,TST-v1-Gate,TST-v1-Gate,1024,20,ok,,5,0.3233019709587097,0.9022801302931596,0.9024390243902439,0.18357788633177013,0.3669652506902545,-0.00015889409708436109,0.11681732535362244,0.00033651277772150934,True,0.7312284111976624,0.7317103147506714,0.0,1,0.9024390243902439,0.9024390243902439,0.0,True,early_stopped_cleanly
synthetic_axis_aligned,43,classification,ablation,TST-v1-Gate,TST-v1-Gate,1024,20,ok,,6,0.32076873183250426,0.9022801302931596,0.9024390243902439,0.1736564438964147,0.32175943265654233,-0.00015889409708436109,0.10477028042078018,0.00030716496985405684,True,0.7312326431274414,0.7317286729812622,0.0,1,0.9024390243902439,0.9024390243902439,0.0,True,early_stopped_cleanly
synthetic_axis_aligned,43,classification,ablation,TST-v1-Gate,TST-v1-Gate,1024,20,ok,,7,0.3225874662399292,0.9022801302931596,0.9024390243902439,0.16988683986207528,0.2830278403051866,-0.00015889409708436109,0.0943547710776329,0.00029090524185448885,True,0.7312340140342712,0.7317438125610352,0.0,1,0.9024390243902439,0.9024390243902439,0.0,True,early_stopped_cleanly
synthetic_axis_aligned,43,classification,ablation,TST-v1-Gate,TST-v1-Gate,1024,20,ok,,8,0.31765894293785096,0.9022801302931596,0.9024390243902439,0.11347133992038645,0.14892376475761415,-0.00015889409708436109,0.09299346059560776,0.00030392734333872795,True,0.7312318086624146,0.731757640838623,0.0,1,0.9024390243902439,0.9024390243902439,0.0,True,early_stopped_cleanly
synthetic_axis_aligned,43,classification,ablation,TST-v1-Gate,TST-v1-Gate,1024,20,ok,,9,0.3203924596309662,0.9022801302931596,0.9024390243902439,0.1783247062863856,0.34650370160949456,-0.00015889409708436109,0.09621679037809372,0.0003363513096701354,True,0.7312285900115967,0.7317726612091064,0.0,1,0.9024390243902439,0.9024390243902439,0.0,True,early_stopped_cleanly
synthetic_axis_aligned,43,classification,ablation,TST-v1-Gate,TST-v1-Gate,1024,20,ok,,10,0.3181252121925354,0.9022801302931596,0.9024390243902439,0.19396924118332587,0.544770070557724,-0.00015889409708436109,0.0956316664814949,0.0003624640521593392,True,0.7312260866165161,0.73179030418396,0.0,1,0.9024390243902439,0.9024390243902439,0.0,True,early_stopped_cleanly
synthetic_axis_aligned,43,classification,ablation,TST-v1-Gate,TST-v1-Gate,1024,20,ok,,11,0.3232096999883652,0.9022801302931596,0.9024390243902439,0.20737350536977037,0.35147346628713105,-0.00015889409708436109,0.09843550622463226,0.0004048398113809526,True,0.731224536895752,0.731812596321106,0.0,1,0.9024390243902439,0.9024390243902439,0.0,True,early_stopped_cleanly
synthetic_axis_aligned,43,classification,ablation,TST-v2-GateFourier,TST-v2-GateFourier,1024,20,ok,,1,0.5005016565322876,0.9022801302931596,0.9024390243902439,3.648204987971669,14.201080140641205,-0.00015889409708436109,0.05153374373912811,0.00010417366866022348,True,0.7309859991073608,0.7308770418167114,0.0,1,0.9024390243902439,0.9024390243902439,0.0,True,early_stopped_cleanly
synthetic_axis_aligned,43,classification,ablation,TST-v2-GateFourier,TST-v2-GateFourier,1024,20,ok,,2,0.3247604250907898,0.9022801302931596,0.9024390243902439,0.44128534569873024,0.8098040068060383,-0.00015889409708436109,0.1534743458032608,0.00024370737082790583,True,0.7309180498123169,0.7306694984436035,0.0,1,0.9024390243902439,0.9024390243902439,0.0,True,early_stopped_cleanly
synthetic_axis_aligned,43,classification,ablation,TST-v2-GateFourier,TST-v2-GateFourier,1024,20,ok,,3,0.3175440847873688,0.9022801302931596,0.9024390243902439,0.23871402209462528,0.3781777549200881,-0.00015889409708436109,0.07936634123325348,4.421516860020347e-05,True,0.7308517694473267,0.7305920720100403,0.0,1,0.9024390243902439,0.9024390243902439,0.0,True,early_stopped_cleanly
synthetic_axis_aligned,43,classification,ablation,TST-v2-GateFourier,TST-v2-GateFourier,1024,20,ok,,4,0.321613609790802,0.9022801302931596,0.9024390243902439,0.24390633207245327,0.43535254600290074,-0.00015889409708436109,0.0721990317106247,2.9046865165582858e-05,True,0.730798602104187,0.7305187582969666,0.0,1,0.9024390243902439,0.9024390243902439,0.0,True,early_stopped_cleanly
synthetic_axis_aligned,43,classification,ablation,TST-v2-GateFourier,TST-v2-GateFourier,1024,20,ok,,5,0.3258505165576935,0.9022801302931596,0.9024390243902439,0.21048054424214896,0.5062278379499802,-0.00015889409708436109,0.09169892221689224,4.329305738792755e-05,True,0.7307525873184204,0.7304356694221497,0.0,1,0.9024390243902439,0.9024390243902439,0.0,True,early_stopped_cleanly
synthetic_axis_aligned,43,classification,ablation,TST-v2-GateFourier,TST-v2-GateFourier,1024,20,ok,,6,0.31937339901924133,0.9022801302931596,0.9024390243902439,0.21269812660809087,0.4082397359440658,-0.00015889409708436109,0.11617405712604523,6.972066330490634e-05,True,0.7307135462760925,0.730384111404419,0.0,1,0.9024390243902439,0.9024390243902439,0.0,True,early_stopped_cleanly
synthetic_axis_aligned,43,classification,ablation,TST-v2-GateFourier,TST-v2-GateFourier,1024,20,ok,,7,0.3172827661037445,0.9022801302931596,0.9024390243902439,0.36533682275924645,0.7588937775615846,-0.00015889409708436109,0.11525632441043854,7.640209514647722e-05,True,0.7306843400001526,0.7303921580314636,0.0,1,0.9024390243902439,0.9024390243902439,0.0,True,early_stopped_cleanly
synthetic_axis_aligned,43,classification,ablation,TST-v2-GateFourier,TST-v2-GateFourier,1024,20,ok,,8,0.3245484530925751,0.9022801302931596,0.9024390243902439,0.20544913925178862,0.418414901652216,-0.00015889409708436109,0.08540400117635727,5.356301335268654e-05,True,0.7306596636772156,0.7304204702377319,0.0,1,0.9024390243902439,0.9024390243902439,0.0,True,early_stopped_cleanly
synthetic_axis_aligned,43,classification,ablation,TST-v2-GateFourier,TST-v2-GateFourier,1024,20,ok,,9,0.3211327850818634,0.9022801302931596,0.9024390243902439,0.14804874556033493,0.2391930282784177,-0.00015889409708436109,0.08890234678983688,6.392629438778386e-05,True,0.7306385636329651,0.730457067489624,0.0,1,0.9024390243902439,0.9024390243902439,0.0,True,early_stopped_cleanly
synthetic_axis_aligned,43,classification,ablation,TST-v2-GateFourier,TST-v2-GateFourier,1024,20,ok,,10,0.3208370178937912,0.9022801302931596,0.9024390243902439,0.2107625023388962,0.39350522974794594,-0.00015889409708436109,0.1022389680147171,8.94490658538416e-05,True,0.7306231260299683,0.7305088043212891,0.0,1,0.9024390243902439,0.9024390243902439,0.0,True,early_stopped_cleanly
synthetic_axis_aligned,43,classification,ablation,TST-v2-GateFourier,TST-v2-GateFourier,1024,20,ok,,11,0.32206064462661743,0.9022801302931596,0.9024390243902439,0.12770848684328856,0.24319261504530698,-0.00015889409708436109,0.10296428203582764,0.00010526401456445456,True,0.7306156158447266,0.7304086685180664,0.0,1,0.9024390243902439,0.9024390243902439,0.0,True,early_stopped_cleanly
synthetic_axis_aligned,43,classification,ablation,TST-v3-MoE,TST-v3-MoE,1024,20,ok,,1,0.414255166053772,0.9022801302931596,0.9024390243902439,1.8740071656068706,7.78990713535529,-0.00015889409708436109,0.0764772817492485,4.1754075937205926e-05,True,0.731251060962677,0.7315949201583862,0.0,1,0.9024390243902439,0.9024390243902439,0.0,True,early_stopped_cleanly
synthetic_axis_aligned,43,classification,ablation,TST-v3-MoE,TST-v3-MoE,1024,20,ok,,2,0.3171639710664749,0.9022801302931596,0.9024390243902439,0.230712456702803,0.4915574831386359,-0.00015889409708436109,0.09416762739419937,6.911363016115502e-05,True,0.7312964200973511,0.7317954301834106,0.0,1,0.9024390243902439,0.9024390243902439,0.0,True,early_stopped_cleanly
synthetic_axis_aligned,43,classification,ablation,TST-v3-MoE,TST-v3-MoE,1024,20,ok,,3,0.32130292654037473,0.9022801302931596,0.9024390243902439,0.10985044224290727,0.1720157093769716,-0.00015889409708436109,0.08397650718688965,3.317813025205396e-05,True,0.7312761545181274,0.7318726778030396,0.0,1,0.9024390243902439,0.9024390243902439,0.0,True,early_stopped_cleanly
synthetic_axis_aligned,43,classification,ablation,TST-v3-MoE,TST-v3-MoE,1024,20,ok,,4,0.3249620348215103,0.9022801302931596,0.9024390243902439,0.12933345293152057,0.3418764597223003,-0.00015889409708436109,0.088131844997406,3.477972131804563e-05,True,0.7312403321266174,0.7318980693817139,0.0,1,0.9024390243902439,0.9024390243902439,0.0,True,early_stopped_cleanly
synthetic_axis_aligned,43,classification,ablation,TST-v3-MoE,TST-v3-MoE,1024,20,ok,,5,0.31965451836586,0.9022801302931596,0.9024390243902439,0.08747570267026727,0.10573636436661708,-0.00015889409708436109,0.09765883535146713,5.011323082726449e-05,True,0.7311999201774597,0.7318985462188721,0.0,1,0.9024390243902439,0.9024390243902439,0.0,True,early_stopped_cleanly
synthetic_axis_aligned,43,classification,ablation,TST-v3-MoE,TST-v3-MoE,1024,20,ok,,6,0.31878155171871186,0.9022801302931596,0.9024390243902439,0.1475884040190197,0.25185935349828803,-0.00015889409708436109,0.0950675755739212,5.264490391709842e-05,True,0.7311538457870483,0.7318576574325562,0.0,1,0.9024390243902439,0.9024390243902439,0.0,True,early_stopped_cleanly
synthetic_axis_aligned,43,classification,ablation,TST-v3-MoE,TST-v3-MoE,1024,20,ok,,7,0.31942808628082275,0.9022801302931596,0.9024390243902439,0.044125923031422376,0.06892483288323263,-0.00015889409708436109,0.09272849559783936,6.016546467435546e-05,True,0.7311133146286011,0.7318054437637329,0.0,1,0.9024390243902439,0.9024390243902439,0.0,True,early_stopped_cleanly
synthetic_axis_aligned,43,classification,ablation,TST-v3-MoE,TST-v3-MoE,1024,20,ok,,8,0.32194665670394895,0.9022801302931596,0.9024390243902439,0.08434707434925533,0.13627840816547923,-0.00015889409708436109,0.08780547976493835,6.4444488089066e-05,True,0.7310803532600403,0.7317409515380859,0.0,1,0.9024390243902439,0.9024390243902439,0.0,True,early_stopped_cleanly
synthetic_axis_aligned,43,classification,ablation,TST-v3-MoE,TST-v3-MoE,1024,20,ok,,9,0.31897118091583254,0.9022801302931596,0.9024390243902439,0.0725982975718325,0.13408236143131524,-0.00015889409708436109,0.09049691259860992,9.39854871830903e-05,True,0.7310658097267151,0.7316607236862183,0.0,1,0.9024390243902439,0.9024390243902439,0.0,True,early_stopped_cleanly
synthetic_axis_aligned,43,classification,ablation,TST-v3-MoE,TST-v3-MoE,1024,20,ok,,10,0.31857497692108155,0.9022801302931596,0.9024390243902439,0.15678617268187078,0.2998265687415916,-0.00015889409708436109,0.0966949611902237,0.00015093803813215345,True,0.7310749292373657,0.7315601706504822,0.0,1,0.9024390243902439,0.9024390243902439,0.0,True,early_stopped_cleanly
synthetic_axis_aligned,43,classification,ablation,TST-v3-MoE,TST-v3-MoE,1024,20,ok,,11,0.31532506346702577,0.9022801302931596,0.9024390243902439,0.16187917107641941,0.30487052495630984,-0.00015889409708436109,0.09220391511917114,0.0001988820149563253,True,0.7311103940010071,0.7314581274986267,0.0,1,0.9024390243902439,0.9024390243902439,0.0,True,early_stopped_cleanly
synthetic_xor,43,classification,ablation,TST-v0,TST-v0,1024,20,ok,,1,1.1168446302413941,0.5244299674267101,0.526829268292683,6.619760082554855,10.607912292486285,-0.002399300865972842,0.5520886778831482,0.0029302649199962616,False,,,,1,0.526829268292683,0.526829268292683,0.0,True,early_stopped_cleanly
synthetic_xor,43,classification,ablation,TST-v0,TST-v0,1024,20,ok,,2,0.7197921276092529,0.4755700325732899,0.47317073170731705,1.0377248445864795,1.551537617728696,0.002399300865972842,0.3629993796348572,0.0008102121064439416,False,,,,1,0.526829268292683,0.526829268292683,0.0,True,early_stopped_cleanly
synthetic_xor,43,classification,ablation,TST-v0,TST-v0,1024,20,ok,,3,0.7170286774635315,0.5244299674267101,0.526829268292683,0.876365255667284,1.738555418980007,-0.002399300865972842,0.5232583284378052,0.0005841701058670878,False,,,,1,0.526829268292683,0.526829268292683,0.0,True,early_stopped_cleanly
synthetic_xor,43,classification,ablation,TST-v0,TST-v0,1024,20,ok,,4,0.6977320194244385,0.5244299674267101,0.526829268292683,0.4636179904677598,0.9695942826023796,-0.002399300865972842,0.598712682723999,0.00047043635277077556,False,,,,1,0.526829268292683,0.526829268292683,0.0,True,early_stopped_cleanly
synthetic_xor,43,classification,ablation,TST-v0,TST-v0,1024,20,ok,,5,0.7004865169525146,0.5244299674267101,0.526829268292683,0.6680758268306661,1.1201363356159906,-0.002399300865972842,0.5620086789131165,0.0003513315168675035,False,,,,1,0.526829268292683,0.526829268292683,0.0,True,early_stopped_cleanly
synthetic_xor,43,classification,ablation,TST-v0,TST-v0,1024,20,ok,,6,0.694224727153778,0.5244299674267101,0.526829268292683,0.33683436290921626,0.6614512587316338,-0.002399300865972842,0.5123265981674194,0.0002723814104683697,False,,,,1,0.526829268292683,0.526829268292683,0.0,True,early_stopped_cleanly
synthetic_xor,43,classification,ablation,TST-v0,TST-v0,1024,20,ok,,7,0.6924839615821838,0.5244299674267101,0.526829268292683,0.42752276018950763,0.7585012628059007,-0.002399300865972842,0.505133867263794,0.00024835229851305485,False,,,,1,0.526829268292683,0.526829268292683,0.0,True,early_stopped_cleanly
synthetic_xor,43,classification,ablation,TST-v0,TST-v0,1024,20,ok,,8,0.6937694311141968,0.5244299674267101,0.526829268292683,0.4392516074579036,0.5682113067771507,-0.002399300865972842,0.5051509737968445,0.00023842138762120157,False,,,,1,0.526829268292683,0.526829268292683,0.0,True,early_stopped_cleanly
synthetic_xor,43,classification,ablation,TST-v0,TST-v0,1024,20,ok,,9,0.6926793813705444,0.5244299674267101,0.526829268292683,0.2671783596018392,0.49623156801568796,-0.002399300865972842,0.5332428216934204,0.00024009100161492825,False,,,,1,0.526829268292683,0.526829268292683,0.0,True,early_stopped_cleanly
synthetic_xor,43,classification,ablation,TST-v0,TST-v0,1024,20,ok,,10,0.6930981040000915,0.5244299674267101,0.526829268292683,0.2973359586905941,0.4440949922101458,-0.002399300865972842,0.5352315306663513,0.00024063816817943007,False,,,,1,0.526829268292683,0.526829268292683,0.0,True,early_stopped_cleanly
synthetic_xor,43,classification,ablation,TST-v0,TST-v0,1024,20,ok,,11,0.6924373149871826,0.5244299674267101,0.526829268292683,0.24839708969982682,0.3274605490780782,-0.002399300865972842,0.5226119756698608,0.00024621744523756206,False,,,,1,0.526829268292683,0.526829268292683,0.0,True,early_stopped_cleanly
synthetic_xor,43,classification,ablation,TST-v1-Gate,TST-v1-Gate,1024,20,ok,,1,1.1190096020698548,0.5244299674267101,0.526829268292683,7.983585105694182,13.852815490730338,-0.002399300865972842,0.5541144013404846,0.0028010602109134197,True,0.7311674356460571,0.7312476634979248,0.0,1,0.526829268292683,0.526829268292683,0.0,True,early_stopped_cleanly
synthetic_xor,43,classification,ablation,TST-v1-Gate,TST-v1-Gate,1024,20,ok,,2,0.7195878863334656,0.4755700325732899,0.47317073170731705,1.0354393529956183,1.5541944194605155,0.002399300865972842,0.3628789782524109,0.0007712923688814044,True,0.7311939001083374,0.7313835620880127,0.0,1,0.526829268292683,0.526829268292683,0.0,True,early_stopped_cleanly
synthetic_xor,43,classification,ablation,TST-v1-Gate,TST-v1-Gate,1024,20,ok,,3,0.7171375155448914,0.5244299674267101,0.526829268292683,0.8775212673722992,1.7426165808461611,-0.002399300865972842,0.523658812046051,0.0005564012681134045,True,0.7312420606613159,0.7314856052398682,0.0,1,0.526829268292683,0.526829268292683,0.0,True,early_stopped_cleanly
synthetic_xor,43,classification,ablation,TST-v1-Gate,TST-v1-Gate,1024,20,ok,,4,0.6979262590408325,0.5244299674267101,0.526829268292683,0.46564183901927925,0.9759687754837469,-0.002399300865972842,0.5989497900009155,0.0004437809402588755,True,0.7312664985656738,0.7315558791160583,0.0,1,0.526829268292683,0.526829268292683,0.0,True,early_stopped_cleanly
synthetic_xor,43,classification,ablation,TST-v1-Gate,TST-v1-Gate,1024,20,ok,,5,0.7005714535713196,0.5244299674267101,0.526829268292683,0.668412746243272,1.1237578368971919,-0.002399300865972842,0.561065673828125,0.00032644515158608556,True,0.7312785387039185,0.7315819263458252,0.0,1,0.526829268292683,0.526829268292683,0.0,True,early_stopped_cleanly
synthetic_xor,43,classification,ablation,TST-v1-Gate,TST-v1-Gate,1024,20,ok,,6,0.694257116317749,0.5244299674267101,0.526829268292683,0.3352232059937557,0.6540956833675946,-0.002399300865972842,0.5113336443901062,0.0002465320285409689,True,0.7312796115875244,0.7315835952758789,0.0,1,0.526829268292683,0.526829268292683,0.0,True,early_stopped_cleanly
synthetic_xor,43,classification,ablation,TST-v1-Gate,TST-v1-Gate,1024,20,ok,,7,0.6926226019859314,0.5244299674267101,0.526829268292683,0.4300769626993787,0.7670823842724236,-0.002399300865972842,0.5051255226135254,0.00022197034559212625,True,0.7312725782394409,0.7315754890441895,0.0,1,0.526829268292683,0.526829268292683,0.0,True,early_stopped_cleanly
synthetic_xor,43,classification,ablation,TST-v1-Gate,TST-v1-Gate,1024,20,ok,,8,0.6937915682792664,0.5244299674267101,0.526829268292683,0.4369694328732387,0.5683770068430218,-0.002399300865972842,0.5057561993598938,0.0002113974915118888,True,0.7312605977058411,0.7315621376037598,0.0,1,0.526829268292683,0.526829268292683,0.0,True,early_stopped_cleanly
synthetic_xor,43,classification,ablation,TST-v1-Gate,TST-v1-Gate,1024,20,ok,,9,0.6927435278892518,0.5244299674267101,0.526829268292683,0.2662057934019114,0.49115568954934635,-0.002399300865972842,0.5338091850280762,0.00021274386381264776,True,0.7312454581260681,0.731544017791748,0.0,1,0.526829268292683,0.526829268292683,0.0,True,early_stopped_cleanly
synthetic_xor,43,classification,ablation,TST-v1-Gate,TST-v1-Gate,1024,20,ok,,10,0.6931845188140869,0.5244299674267101,0.526829268292683,0.2976315197177932,0.4482871273899921,-0.002399300865972842,0.5351642966270447,0.0002119209966622293,True,0.731228232383728,0.7315194606781006,0.0,1,0.526829268292683,0.526829268292683,0.0,True,early_stopped_cleanly
synthetic_xor,43,classification,ablation,TST-v1-Gate,TST-v1-Gate,1024,20,ok,,11,0.6925226807594299,0.5244299674267101,0.526829268292683,0.2489345192860586,0.3307927898435731,-0.002399300865972842,0.5221474170684814,0.00021432612265925854,True,0.7312095165252686,0.7314921617507935,0.0,1,0.526829268292683,0.526829268292683,0.0,True,early_stopped_cleanly
synthetic_xor,43,classification,ablation,TST-v2-GateFourier,TST-v2-GateFourier,1024,20,ok,,1,1.1813506603240966,0.5244299674267101,0.526829268292683,5.228382286786397,9.327820161624011,-0.002399300865972842,0.6657808423042297,0.0003712670295499265,True,0.730735182762146,0.7307589650154114,0.0,1,0.526829268292683,0.526829268292683,0.0,True,early_stopped_cleanly
synthetic_xor,43,classification,ablation,TST-v2-GateFourier,TST-v2-GateFourier,1024,20,ok,,2,0.7803205370903015,0.5244299674267101,0.526829268292683,2.208088548840155,2.842399382940986,-0.002399300865972842,0.620429277420044,0.00015386633458547294,True,0.7305021286010742,0.7304256558418274,0.0,1,0.526829268292683,0.526829268292683,0.0,True,early_stopped_cleanly
synthetic_xor,43,classification,ablation,TST-v2-GateFourier,TST-v2-GateFourier,1024,20,ok,,3,0.6983466029167176,0.4755700325732899,0.47317073170731705,0.7219770160031789,1.2219091562780025,0.002399300865972842,0.4047503173351288,0.00015360808174591511,True,0.7303553819656372,0.730237603187561,0.0,1,0.526829268292683,0.526829268292683,0.0,True,early_stopped_cleanly
synthetic_xor,43,classification,ablation,TST-v2-GateFourier,TST-v2-GateFourier,1024,20,ok,,4,0.712593412399292,0.4755700325732899,0.47317073170731705,0.9142168786110865,1.487272068375487,0.002399300865972842,0.49851736426353455,9.421503636986017e-05,True,0.7302103042602539,0.7300976514816284,0.0,1,0.526829268292683,0.526829268292683,0.0,True,early_stopped_cleanly
synthetic_xor,43,classification,ablation,TST-v2-GateFourier,TST-v2-GateFourier,1024,20,ok,,5,0.6902197957038879,0.5244299674267101,0.526829268292683,0.33103348887399786,0.6794418320278173,-0.002399300865972842,0.5647205710411072,6.907383067300543e-05,True,0.7300885915756226,0.7300122976303101,0.0,1,0.526829268292683,0.526829268292683,0.0,True,early_stopped_cleanly
synthetic_xor,43,classification,ablation,TST-v2-GateFourier,TST-v2-GateFourier,1024,20,ok,,6,0.698074209690094,0.5244299674267101,0.526829268292683,0.5106269495644951,1.2381788560688405,-0.002399300865972842,0.5630849003791809,5.657419023918919e-05,True,0.7299747467041016,0.7299432754516602,0.0,1,0.526829268292683,0.526829268292683,0.0,True,early_stopped_cleanly
synthetic_xor,43,classification,ablation,TST-v2-GateFourier,TST-v2-GateFourier,1024,20,ok,,7,0.6936650156974793,0.5244299674267101,0.526829268292683,0.3119676036193385,0.8566857859538582,-0.002399300865972842,0.515009343624115,4.873957368545234e-05,True,0.7298609018325806,0.7298423051834106,0.0,1,0.526829268292683,0.526829268292683,0.0,True,early_stopped_cleanly
synthetic_xor,43,classification,ablation,TST-v2-GateFourier,TST-v2-GateFourier,1024,20,ok,,8,0.6930429458618164,0.4755700325732899,0.47317073170731705,0.30491828666794546,0.37113238137667187,0.002399300865972842,0.49640801548957825,4.638334212359041e-05,True,0.7297643423080444,0.7297608256340027,0.0,1,0.526829268292683,0.526829268292683,0.0,True,early_stopped_cleanly
synthetic_xor,43,classification,ablation,TST-v2-GateFourier,TST-v2-GateFourier,1024,20,ok,,9,0.6939774870872497,0.5244299674267101,0.526829268292683,0.3726735772637195,0.7413244891368738,-0.002399300865972842,0.5141222476959229,4.842851194553077e-05,True,0.7296833992004395,0.7296948432922363,0.0,1,0.526829268292683,0.526829268292683,0.0,True,early_stopped_cleanly
synthetic_xor,43,classification,ablation,TST-v2-GateFourier,TST-v2-GateFourier,1024,20,ok,,10,0.6918016791343689,0.5244299674267101,0.526829268292683,0.3751995383145592,0.4948013591705269,-0.002399300865972842,0.5376291871070862,5.341081850929186e-05,True,0.7296091914176941,0.7296331524848938,0.0,1,0.526829268292683,0.526829268292683,0.0,True,early_stopped_cleanly
synthetic_xor,43,classification,ablation,TST-v2-GateFourier,TST-v2-GateFourier,1024,20,ok,,11,0.6931695699691772,0.5244299674267101,0.526829268292683,0.35108874483720504,0.41006542180403566,-0.002399300865972842,0.5312508940696716,5.61628257855773e-05,True,0.7295299768447876,0.729590117931366,0.0,1,0.526829268292683,0.526829268292683,0.0,True,early_stopped_cleanly
synthetic_xor,43,classification,ablation,TST-v3-MoE,TST-v3-MoE,1024,20,ok,,1,0.7602868437767029,0.5244299674267101,0.526829268292683,1.8683114370346492,3.1960905552779177,-0.002399300865972842,0.6748223900794983,0.00026423161034472287,True,0.7311023473739624,0.7311655282974243,0.0,1,0.526829268292683,0.526829268292683,0.0,True,early_stopped_cleanly
synthetic_xor,43,classification,ablation,TST-v3-MoE,TST-v3-MoE,1024,20,ok,,2,0.7002726316452026,0.4755700325732899,0.47317073170731705,0.4125335796604161,1.5355376608474594,0.002399300865972842,0.446220725774765,0.0002596442645881325,True,0.7309455275535583,0.7311750650405884,0.0,1,0.526829268292683,0.526829268292683,0.0,True,early_stopped_cleanly
synthetic_xor,43,classification,ablation,TST-v3-MoE,TST-v3-MoE,1024,20,ok,,3,0.701480221748352,0.5244299674267101,0.526829268292683,0.48861813544474914,0.9808283833810292,-0.002399300865972842,0.5426912307739258,7.801154424669221e-05,True,0.7307482957839966,0.7310959696769714,0.0,1,0.526829268292683,0.526829268292683,0.0,True,early_stopped_cleanly
synthetic_xor,43,classification,ablation,TST-v3-MoE,TST-v3-MoE,1024,20,ok,,4,0.6914326906204223,0.5244299674267101,0.526829268292683,0.32912586367298835,0.8555705883880025,-0.002399300865972842,0.5683307647705078,4.373118281364441e-05,True,0.7305831909179688,0.7309865951538086,0.0,1,0.526829268292683,0.526829268292683,0.0,True,early_stopped_cleanly
synthetic_xor,43,classification,ablation,TST-v3-MoE,TST-v3-MoE,1024,20,ok,,5,0.6944116115570068,0.5244299674267101,0.526829268292683,0.2477697754314358,0.7857411504241348,-0.002399300865972842,0.5434163212776184,3.4618115023477e-05,True,0.7304434776306152,0.7308876514434814,0.0,1,0.526829268292683,0.526829268292683,0.0,True,early_stopped_cleanly
synthetic_xor,43,classification,ablation,TST-v3-MoE,TST-v3-MoE,1024,20,ok,,6,0.6920708656311035,0.5244299674267101,0.526829268292683,0.27001035760965697,0.49761712522029844,-0.002399300865972842,0.5257999897003174,3.2339157769456506e-05,True,0.7303128242492676,0.7307929992675781,0.0,1,0.526829268292683,0.526829268292683,0.0,True,early_stopped_cleanly
synthetic_xor,43,classification,ablation,TST-v3-MoE,TST-v3-MoE,1024,20,ok,,7,0.6921844005584716,0.5244299674267101,0.526829268292683,0.2709558073316901,0.5713303554184912,-0.002399300865972842,0.5182801485061646,3.257011485402472e-05,True,0.7301875352859497,0.7306814789772034,0.0,1,0.526829268292683,0.526829268292683,0.0,True,early_stopped_cleanly
synthetic_xor,43,classification,ablation,TST-v3-MoE,TST-v3-MoE,1024,20,ok,,8,0.6931685447692871,0.5244299674267101,0.526829268292683,0.23227920421157028,0.4253585042287906,-0.002399300865972842,0.5282353758811951,3.4715721994871274e-05,True,0.7300610542297363,0.7305726408958435,0.0,1,0.526829268292683,0.526829268292683,0.0,True,early_stopped_cleanly
synthetic_xor,43,classification,ablation,TST-v3-MoE,TST-v3-MoE,1024,20,ok,,9,0.6925408601760864,0.5244299674267101,0.526829268292683,0.26157539310993727,0.392661791053125,-0.002399300865972842,0.5346493124961853,3.793601717916317e-05,True,0.7299340963363647,0.730461835861206,0.0,1,0.526829268292683,0.526829268292683,0.0,True,early_stopped_cleanly
synthetic_xor,43,classification,ablation,TST-v3-MoE,TST-v3-MoE,1024,20,ok,,10,0.6935779452323914,0.5244299674267101,0.526829268292683,0.23314315528458968,0.6544432947617195,-0.002399300865972842,0.5383681058883667,4.302067100070417e-05,True,0.7298035621643066,0.7303510904312134,0.0,1,0.526829268292683,0.526829268292683,0.0,True,early_stopped_cleanly
synthetic_xor,43,classification,ablation,TST-v3-MoE,TST-v3-MoE,1024,20,ok,,11,0.6924386739730835,0.5244299674267101,0.526829268292683,0.3638999544982854,0.5679554071239927,-0.002399300865972842,0.5250250101089478,4.930812428938225e-05,True,0.7296723127365112,0.730238139629364,0.0,1,0.526829268292683,0.526829268292683,0.0,True,early_stopped_cleanly
synthetic_piecewise,43,regression,ablation,TST-v0,TST-v0,1024,20,ok,,1,2.300209438800812,0.8901820168658754,0.8381730250652618,26.266214249183243,58.851251989155955,-0.05200899180061358,-0.023378495126962662,0.008096273057162762,False,,,,6,0.8002950169069848,0.8033478334972827,0.00305281659029788,True,early_stopped_cleanly
synthetic_piecewise,43,regression,ablation,TST-v0,TST-v0,1024,20,ok,,2,0.9534754276275634,0.9132967945143285,0.8581006745560176,6.802277823607669,8.065840745058626,-0.055196119958310974,-0.08052234351634979,0.003438617568463087,False,,,,6,0.8002950169069848,0.8033478334972827,0.00305281659029788,True,early_stopped_cleanly
synthetic_piecewise,43,regression,ablation,TST-v0,TST-v0,1024,20,ok,,3,0.7414299726486206,0.8487039937850063,0.8260172886436173,2.3379740744349498,4.272731414183823,-0.02268670514138893,0.4341256022453308,0.00270752958022058,False,,,,6,0.8002950169069848,0.8033478334972827,0.00305281659029788,True,early_stopped_cleanly
synthetic_piecewise,43,regression,ablation,TST-v0,TST-v0,1024,20,ok,,4,0.7382043361663818,0.8724684196375079,0.857422952499234,2.5913555140788027,3.3676227130280116,-0.015045467138273927,0.5373601913452148,0.0021439334377646446,False,,,,6,0.8002950169069848,0.8033478334972827,0.00305281659029788,True,early_stopped_cleanly
synthetic_piecewise,43,regression,ablation,TST-v0,TST-v0,1024,20,ok,,5,0.7333903193473816,0.8413908437241108,0.8145537828774984,2.299559294502896,3.1532781896642015,-0.026837060846612415,0.3816030025482178,0.0015607436653226614,False,,,,6,0.8002950169069848,0.8033478334972827,0.00305281659029788,True,early_stopped_cleanly
synthetic_piecewise,43,regression,ablation,TST-v0,TST-v0,1024,20,ok,,6,0.7064975619316101,0.8391538758488472,0.8002950169069848,0.8847584149155704,2.068537997773986,-0.03885885894186236,0.2179594486951828,0.001140643609687686,False,,,,6,0.8002950169069848,0.8033478334972827,0.00305281659029788,True,early_stopped_cleanly
synthetic_piecewise,43,regression,ablation,TST-v0,TST-v0,1024,20,ok,,7,0.7114940524101258,0.8415466786458031,0.8010074575103231,1.180129549945041,1.6070690484219343,-0.04053922113548003,0.19337600469589233,0.001008009654469788,False,,,,6,0.8002950169069848,0.8033478334972827,0.00305281659029788,True,early_stopped_cleanly
synthetic_piecewise,43,regression,ablation,TST-v0,TST-v0,1024,20,ok,,8,0.7085011243820191,0.8364774439723985,0.8009168556580165,2.145229726729976,3.550200724631985,-0.035560588314382024,0.26428014039993286,0.0010084662353619933,False,,,,6,0.8002950169069848,0.8033478334972827,0.00305281659029788,True,early_stopped_cleanly
synthetic_piecewise,43,regression,ablation,TST-v0,TST-v0,1024,20,ok,,9,0.6951312899589539,0.8365867090266993,0.8049142758709492,0.4862412234809123,1.266172939222173,-0.03167243315575008,0.3170762360095978,0.001026478479616344,False,,,,6,0.8002950169069848,0.8033478334972827,0.00305281659029788,True,early_stopped_cleanly
synthetic_piecewise,43,regression,ablation,TST-v0,TST-v0,1024,20,ok,,10,0.7025283694267273,0.8373720569527558,0.8070808668661824,0.7953257366275011,1.3592848019792705,-0.03029119008657344,0.3352867066860199,0.0010505988029763103,False,,,,6,0.8002950169069848,0.8033478334972827,0.00305281659029788,True,early_stopped_cleanly
synthetic_piecewise,43,regression,ablation,TST-v0,TST-v0,1024,20,ok,,11,0.6996730685234069,0.8362904454188245,0.8041064562682217,0.7057642911452627,1.8036133023548195,-0.03218398915060272,0.3095952570438385,0.0010776394046843052,False,,,,6,0.8002950169069848,0.8033478334972827,0.00305281659029788,True,early_stopped_cleanly
synthetic_piecewise,43,regression,ablation,TST-v0,TST-v0,1024,20,ok,,12,0.6997464060783386,0.8360812696374852,0.801421267911127,0.7711032557800295,1.457276297869221,-0.03466000172635819,0.27556222677230835,0.0011207201750949025,False,,,,6,0.8002950169069848,0.8033478334972827,0.00305281659029788,True,early_stopped_cleanly
synthetic_piecewise,43,regression,ablation,TST-v0,TST-v0,1024,20,ok,,13,0.6970773577690125,0.8359351113543743,0.8021489071153818,0.608431467120382,1.4579238951825828,-0.03378620423899248,0.2871181070804596,0.0012010501231998205,False,,,,6,0.8002950169069848,0.8033478334972827,0.00305281659029788,True,early_stopped_cleanly
synthetic_piecewise,43,regression,ablation,TST-v0,TST-v0,1024,20,ok,,14,0.7034167170524597,0.8358968564429502,0.8025890877850475,0.5367108519444788,1.0400340187610233,-0.03330776865790275,0.2931877374649048,0.001288392930291593,False,,,,6,0.8002950169069848,0.8033478334972827,0.00305281659029788,True,early_stopped_cleanly
synthetic_piecewise,43,regression,ablation,TST-v0,TST-v0,1024,20,ok,,15,0.6991985678672791,0.8358429472025865,0.8025384742807075,0.5039835020095522,1.1604185894322596,-0.03330447292187899,0.29277893900871277,0.0013749070931226015,False,,,,6,0.8002950169069848,0.8033478334972827,0.00305281659029788,True,early_stopped_cleanly
synthetic_piecewise,43,regression,ablation,TST-v0,TST-v0,1024,20,ok,,16,0.6952599287033081,0.8358914014993547,0.8033478334972827,0.4219864609482464,0.9603435020733562,-0.03254356800207203,0.3025621175765991,0.0014911642065271735,False,,,,6,0.8002950169069848,0.8033478334972827,0.00305281659029788,True,early_stopped_cleanly
synthetic_piecewise,43,regression,ablation,TST-v1-Gate,TST-v1-Gate,1024,20,ok,,1,2.3070165634155275,0.8881088653215609,0.836361144909333,31.449625179630875,70.93252478000883,-0.05174772041222786,-0.01691114343702793,0.007670259568840265,True,0.7310515642166138,0.7310519218444824,0.0,6,0.8003540760518215,0.8033493915973662,0.0029953155455446634,True,early_stopped_cleanly
synthetic_piecewise,43,regression,ablation,TST-v1-Gate,TST-v1-Gate,1024,20,ok,,2,0.9519172310829163,0.9137245923017983,0.8584417998348903,6.830653918875387,8.114594162106275,-0.055282792466907926,-0.0813765749335289,0.003213857300579548,True,0.7310370206832886,0.7310529947280884,0.0,6,0.8003540760518215,0.8033493915973662,0.0029953155455446634,True,early_stopped_cleanly
synthetic_piecewise,43,regression,ablation,TST-v1-Gate,TST-v1-Gate,1024,20,ok,,3,0.7417719841003418,0.8490800633753297,0.8265160819795051,2.3501937183748396,4.297938462780603,-0.022563981395824606,0.4361318349838257,0.002557697705924511,True,0.7310295701026917,0.731050431728363,0.0,6,0.8003540760518215,0.8033493915973662,0.0029953155455446634,True,early_stopped_cleanly
synthetic_piecewise,43,regression,ablation,TST-v1-Gate,TST-v1-Gate,1024,20,ok,,4,0.7389373660087586,0.8723209785497079,0.8572107980686194,2.616148522928075,3.380020287003652,-0.015110180481088475,0.5367879867553711,0.0020081528928130865,True,0.7310299873352051,0.7310503721237183,0.0,6,0.8003540760518215,0.8033493915973662,0.0029953155455446634,True,early_stopped_cleanly
synthetic_piecewise,43,regression,ablation,TST-v1-Gate,TST-v1-Gate,1024,20,ok,,5,0.7327802062034607,0.840935746796764,0.8137513940919341,2.276253363303403,3.153197763540978,-0.027184352704829884,0.3772720694541931,0.0014420192455872893,True,0.7310402989387512,0.7310558557510376,0.0,6,0.8003540760518215,0.8033493915973662,0.0029953155455446634,True,early_stopped_cleanly
synthetic_piecewise,43,regression,ablation,TST-v1-Gate,TST-v1-Gate,1024,20,ok,,6,0.7065201282501221,0.8394661342771947,0.8003540760518215,0.8937275892648838,2.0203516945753726,-0.039112058225373225,0.21457722783088684,0.0010429325047880411,True,0.7310473918914795,0.7310580015182495,0.0,6,0.8003540760518215,0.8033493915973662,0.0029953155455446634,True,early_stopped_cleanly
synthetic_piecewise,43,regression,ablation,TST-v1-Gate,TST-v1-Gate,1024,20,ok,,7,0.7119815230369568,0.8415259259333275,0.8009940632208412,1.2024936822507855,1.6300666661613539,-0.04053186271248632,0.19379550218582153,0.0009188755066134036,True,0.7310459613800049,0.7310543060302734,0.0,6,0.8003540760518215,0.8033493915973662,0.0029953155455446634,True,early_stopped_cleanly
synthetic_piecewise,43,regression,ablation,TST-v1-Gate,TST-v1-Gate,1024,20,ok,,8,0.7084800362586975,0.8364311970782048,0.801052029116457,2.141744392849188,3.531884669761004,-0.03537916796174778,0.2671041786670685,0.0009185410453937948,True,0.7310394048690796,0.7310460805892944,0.0,6,0.8003540760518215,0.8033493915973662,0.0029953155455446634,True,early_stopped_cleanly
synthetic_piecewise,43,regression,ablation,TST-v1-Gate,TST-v1-Gate,1024,20,ok,,9,0.6952758193016052,0.8366928253289311,0.8051484648707365,0.49341354986098995,1.235344686387496,-0.03154436045819453,0.31911560893058777,0.0009296927019022405,True,0.7310308218002319,0.7310360670089722,0.0,6,0.8003540760518215,0.8033493915973662,0.0029953155455446634,True,early_stopped_cleanly
synthetic_piecewise,43,regression,ablation,TST-v1-Gate,TST-v1-Gate,1024,20,ok,,10,0.7027398705482483,0.8373992119110532,0.8070645453794125,0.8018434053274515,1.3690942935969888,-0.03033466653164063,0.3350674510002136,0.0009439553832635283,True,0.7310211658477783,0.7310256958007812,0.0,6,0.8003540760518215,0.8033493915973662,0.0029953155455446634,True,early_stopped_cleanly
synthetic_piecewise,43,regression,ablation,TST-v1-Gate,TST-v1-Gate,1024,20,ok,,11,0.6997497797012329,0.8362968599336456,0.8039565238395178,0.7034814182876739,1.7936807077387604,-0.032340336094127786,0.3079149127006531,0.0009590921108610928,True,0.7310115098953247,0.731017529964447,0.0,6,0.8003540760518215,0.8033493915973662,0.0029953155455446634,True,early_stopped_cleanly
synthetic_piecewise,43,regression,ablation,TST-v1-Gate,TST-v1-Gate,1024,20,ok,,12,0.6999363541603089,0.8361564064394984,0.801369725297019,0.7674951926644102,1.4771145027280779,-0.0347866811424794,0.2743254005908966,0.000988035462796688,True,0.7310014963150024,0.7310105562210083,0.0,6,0.8003540760518215,0.8033493915973662,0.0029953155455446634,True,early_stopped_cleanly
synthetic_piecewise,43,regression,ablation,TST-v1-Gate,TST-v1-Gate,1024,20,ok,,13,0.697298014163971,0.8359977843036219,0.8021930066385208,0.6093043538034377,1.4691752877221576,-0.03380477766510115,0.28743019700050354,0.0010521806543692946,True,0.7309900522232056,0.7310022115707397,0.0,6,0.8003540760518215,0.8033493915973662,0.0029953155455446634,True,early_stopped_cleanly
synthetic_piecewise,43,regression,ablation,TST-v1-Gate,TST-v1-Gate,1024,20,ok,,14,0.703598141670227,0.8359748974572259,0.8026886344556508,0.5349103457528792,1.0473920664785499,-0.03328626300157511,0.29412198066711426,0.0011202378664165735,True,0.7309780120849609,0.7309930920600891,0.0,6,0.8003540760518215,0.8033493915973662,0.0029953155455446634,True,early_stopped_cleanly
synthetic_piecewise,43,regression,ablation,TST-v1-Gate,TST-v1-Gate,1024,20,ok,,15,0.699400806427002,0.8359271610369322,0.8025949918671021,0.505366947943078,1.1544037192679595,-0.03333216916983006,0.2931327521800995,0.0011858368525281549,True,0.7309666872024536,0.7309843301773071,0.0,6,0.8003540760518215,0.8033493915973662,0.0029953155455446634,True,early_stopped_cleanly
synthetic_piecewise,43,regression,ablation,TST-v1-Gate,TST-v1-Gate,1024,20,ok,,16,0.6954565048217773,0.8359797101638676,0.8033493915973662,0.4231670596860452,0.9602065511634954,-0.03263031856650145,0.302217960357666,0.0012778391828760505,True,0.7309562563896179,0.730971097946167,0.0,6,0.8003540760518215,0.8033493915973662,0.0029953155455446634,True,early_stopped_cleanly
synthetic_piecewise,43,regression,ablation,TST-v2-GateFourier,TST-v2-GateFourier,1024,20,ok,,1,1.9036049962043762,0.9006547188868763,0.8462402188793743,21.50150872777824,38.56513985804588,-0.05441450000750203,-0.04556109756231308,0.00099401012994349,True,0.730837881565094,0.7309602499008179,0.0,11,0.8002774398256002,0.8033528416653685,0.003075401839768288,False,underfit
synthetic_piecewise,43,regression,ablation,TST-v2-GateFourier,TST-v2-GateFourier,1024,20,ok,,2,0.917146360874176,0.862859804320539,0.8147913095747704,6.742357236864331,10.63978508680395,-0.048068494745768575,0.07620169222354889,0.00048394809709861875,True,0.7306440472602844,0.730751097202301,0.0,11,0.8002774398256002,0.8033528416653685,0.003075401839768288,False,underfit
synthetic_piecewise,43,regression,ablation,TST-v2-GateFourier,TST-v2-GateFourier,1024,20,ok,,3,0.7270426273345947,0.8745104919118278,0.859770111807139,1.7859407526203728,3.1858101041603133,-0.01474038010468881,0.5441428422927856,0.00035274302354082465,True,0.7305361032485962,0.7307150959968567,0.0,11,0.8002774398256002,0.8033528416653685,0.003075401839768288,False,underfit
synthetic_piecewise,43,regression,ablation,TST-v2-GateFourier,TST-v2-GateFourier,1024,20,ok,,4,0.7567938446998597,0.8427546245999163,0.8166425810071277,3.0878508518629166,4.20413394336797,-0.026112043592788625,0.39275267720222473,0.0001834018767112866,True,0.7304222583770752,0.7306220531463623,0.0,11,0.8002774398256002,0.8033528416653685,0.003075401839768288,False,underfit
synthetic_piecewise,43,regression,ablation,TST-v2-GateFourier,TST-v2-GateFourier,1024,20,ok,,5,0.6971367001533508,0.8432785059015037,0.8017306026994414,0.5703670268864707,1.5484847512122868,-0.04154790320206225,0.18006625771522522,0.0001141557440860197,True,0.7303289175033569,0.7305263876914978,0.0,11,0.8002774398256002,0.8033528416653685,0.003075401839768288,False,underfit
synthetic_piecewise,43,regression,ablation,TST-v2-GateFourier,TST-v2-GateFourier,1024,20,ok,,6,0.7194272518157959,0.8445198291214525,0.8023558232217177,1.544022194562625,2.274801080901217,-0.04216400589973479,0.17078891396522522,9.808403410715982e-05,True,0.730270266532898,0.7304688692092896,0.0,11,0.8002774398256002,0.8033528416653685,0.003075401839768288,False,underfit
synthetic_piecewise,43,regression,ablation,TST-v2-GateFourier,TST-v2-GateFourier,1024,20,ok,,7,0.7017349004745483,0.836497288735437,0.8011537383364126,1.0700500615253317,2.0190402704103496,-0.03534355039902448,0.2689657509326935,0.00010071231372421607,True,0.7302334308624268,0.7304348349571228,0.0,11,0.8002774398256002,0.8033528416653685,0.003075401839768288,False,underfit
synthetic_piecewise,43,regression,ablation,TST-v2-GateFourier,TST-v2-GateFourier,1024,20,ok,,8,0.7049414873123169,0.8384505670633263,0.8090364653994521,0.5689440798335964,1.014027996319674,-0.02941410166387426,0.34900233149528503,0.00010079740604851395,True,0.7302059531211853,0.7304105758666992,0.0,11,0.8002774398256002,0.8033528416653685,0.003075401839768288,False,underfit
synthetic_piecewise,43,regression,ablation,TST-v2-GateFourier,TST-v2-GateFourier,1024,20,ok,,9,0.7076957941055297,0.8380284407234609,0.808155327955829,0.7677082231239367,1.425369607894432,-0.029873112767631937,0.3428812026977539,0.00010254828521283343,True,0.7301806807518005,0.7303872108459473,0.0,11,0.8002774398256002,0.8033528416653685,0.003075401839768288,False,underfit
synthetic_piecewise,43,regression,ablation,TST-v2-GateFourier,TST-v2-GateFourier,1024,20,ok,,10,0.7017240762710572,0.8363771441159511,0.8034934286075532,0.6752051605897332,2.2098296024781456,-0.03288371550839786,0.302493691444397,0.00010583687981124967,True,0.730157732963562,0.7303659915924072,0.0,11,0.8002774398256002,0.8033528416653685,0.003075401839768288,False,underfit
synthetic_piecewise,43,regression,ablation,TST-v2-GateFourier,TST-v2-GateFourier,1024,20,ok,,11,0.70708327293396,0.8375683500382941,0.8002774398256002,0.8208425419841934,1.5683657162715936,-0.03729091021269393,0.2416849583387375,0.00010811789252329618,True,0.7301361560821533,0.7303472757339478,0.0,11,0.8002774398256002,0.8033528416653685,0.003075401839768288,False,underfit
synthetic_piecewise,43,regression,ablation,TST-v2-GateFourier,TST-v2-GateFourier,1024,20,ok,,12,0.7024522423744202,0.8364917664518862,0.8011310092690528,0.6633776894142953,1.2898482732960845,-0.03536075718283338,0.2685779333114624,0.00011551395436981693,True,0.7301214337348938,0.7303351759910583,0.0,11,0.8002774398256002,0.8033528416653685,0.003075401839768288,False,underfit
synthetic_piecewise,43,regression,ablation,TST-v2-GateFourier,TST-v2-GateFourier,1024,20,ok,,13,0.7011491179466247,0.8365648001581147,0.8043555899221827,1.2382364170516584,1.713354005625957,-0.03220921023593204,0.3114908039569855,0.00012494949623942375,True,0.7301090955734253,0.7303242683410645,0.0,11,0.8002774398256002,0.8033528416653685,0.003075401839768288,False,underfit
synthetic_piecewise,43,regression,ablation,TST-v2-GateFourier,TST-v2-GateFourier,1024,20,ok,,14,0.6951027870178222,0.836286097775249,0.801780003415972,0.6142969450306858,1.3607264186545691,-0.034506094359276984,0.2802543640136719,0.0001326227793470025,True,0.7300940752029419,0.7303104996681213,0.0,11,0.8002774398256002,0.8033528416653685,0.003075401839768288,False,underfit
synthetic_piecewise,43,regression,ablation,TST-v2-GateFourier,TST-v2-GateFourier,1024,20,ok,,15,0.7004005074501037,0.8362429052031984,0.8021621706641283,0.277708154177542,0.4295693726332814,-0.03408073453907012,0.286016047000885,0.0001460845087422058,True,0.7300829887390137,0.7302994728088379,0.0,11,0.8002774398256002,0.8033528416653685,0.003075401839768288,False,underfit
synthetic_piecewise,43,regression,ablation,TST-v2-GateFourier,TST-v2-GateFourier,1024,20,ok,,16,0.7033416390419006,0.8363015282440545,0.8016222375690992,1.3101692406448324,1.9498211738106488,-0.03467929067495523,0.27775338292121887,0.000160917203174904,True,0.7300723195075989,0.7302880883216858,0.0,11,0.8002774398256002,0.8033528416653685,0.003075401839768288,False,underfit
synthetic_piecewise,43,regression,ablation,TST-v2-GateFourier,TST-v2-GateFourier,1024,20,ok,,17,0.7035419583320618,0.8367639182158136,0.8050970128049575,0.3430875211933623,0.6013762917229981,-0.03166690541085615,0.31855177879333496,0.0001776168792275712,True,0.7300663590431213,0.7302801609039307,0.0,11,0.8002774398256002,0.8033528416653685,0.003075401839768288,False,underfit
synthetic_piecewise,43,regression,ablation,TST-v2-GateFourier,TST-v2-GateFourier,1024,20,ok,,18,0.6955324530601501,0.8362531689867494,0.8029477098168751,0.7364855145168834,1.9153087807693816,-0.03330545916987426,0.2963549494743347,0.00019556769984774292,True,0.7300590872764587,0.7302654981613159,0.0,11,0.8002774398256002,0.8033528416653685,0.003075401839768288,False,underfit
synthetic_piecewise,43,regression,ablation,TST-v2-GateFourier,TST-v2-GateFourier,1024,20,ok,,19,0.7016514778137207,0.8363308560408322,0.8014055749120935,0.5210248379328392,1.5380028653424906,-0.03492528112873872,0.2741239666938782,0.0002159880386898294,True,0.7300551533699036,0.7302474975585938,0.0,11,0.8002774398256002,0.8033528416653685,0.003075401839768288,False,underfit
synthetic_piecewise,43,regression,ablation,TST-v2-GateFourier,TST-v2-GateFourier,1024,20,ok,,20,0.7046496033668518,0.8362919421433501,0.8033528416653685,1.2840321062725302,2.5548674129278406,-0.03293910047798165,0.30113011598587036,0.00023900726228021085,True,0.730056881904602,0.7302320003509521,0.0,11,0.8002774398256002,0.8033528416653685,0.003075401839768288,False,underfit
synthetic_piecewise,43,regression,ablation,TST-v3-MoE,TST-v3-MoE,1024,20,ok,,1,1.1186061024665832,0.9042420669325798,0.8495904679222552,9.66289958798267,18.740708113429047,-0.05465159901032457,-0.05580594018101692,0.0008825297700241208,True,0.7306729555130005,0.7307670712471008,0.0,5,0.8004002478836987,0.8022595042839303,0.001859256400231657,True,early_stopped_cleanly
synthetic_piecewise,43,regression,ablation,TST-v3-MoE,TST-v3-MoE,1024,20,ok,,2,0.7340975761413574,0.868898851006102,0.8526939784436286,1.6606162599214827,4.359358053218429,-0.016204872562473382,0.5242699980735779,0.00018879982235375792,True,0.7304342985153198,0.7305114269256592,0.0,5,0.8004002478836987,0.8022595042839303,0.001859256400231657,True,early_stopped_cleanly
synthetic_piecewise,43,regression,ablation,TST-v3-MoE,TST-v3-MoE,1024,20,ok,,3,0.7327160477638245,0.8377155396680345,0.8073915399279666,1.6375943171651177,2.0140271016028435,-0.03032399974006783,0.33717381954193115,0.00012652661825995892,True,0.7302812933921814,0.7303636074066162,0.0,5,0.8004002478836987,0.8022595042839303,0.001859256400231657,True,early_stopped_cleanly
synthetic_piecewise,43,regression,ablation,TST-v3-MoE,TST-v3-MoE,1024,20,ok,,4,0.7106261849403381,0.8484749070943407,0.8046428705079637,1.0214530953238068,1.9273204403262145,-0.04383203658637702,0.14532151818275452,0.0001389591780025512,True,0.730175256729126,0.7302595973014832,0.0,5,0.8004002478836987,0.8022595042839303,0.001859256400231657,True,early_stopped_cleanly
synthetic_piecewise,43,regression,ablation,TST-v3-MoE,TST-v3-MoE,1024,20,ok,,5,0.7169992804527283,0.8372965665245026,0.8004002478836987,1.1013128788265767,1.960405538983236,-0.03689631864080389,0.2474980652332306,8.668364898767322e-05,True,0.7300980091094971,0.7301884293556213,0.0,5,0.8004002478836987,0.8022595042839303,0.001859256400231657,True,early_stopped_cleanly
synthetic_piecewise,43,regression,ablation,TST-v3-MoE,TST-v3-MoE,1024,20,ok,,6,0.6991474628448486,0.8381492375703131,0.8083822369939491,0.6691915402583406,1.302642024225688,-0.029767000576364055,0.34442219138145447,6.239430513232946e-05,True,0.7300386428833008,0.7301331758499146,0.0,5,0.8004002478836987,0.8022595042839303,0.001859256400231657,True,early_stopped_cleanly
synthetic_piecewise,43,regression,ablation,TST-v3-MoE,TST-v3-MoE,1024,20,ok,,7,0.7061389327049256,0.8388369535919696,0.8097944697069929,0.6818610568978555,1.148977386041838,-0.029042483884976766,0.3539947271347046,5.932060594204813e-05,True,0.7299906611442566,0.7300872802734375,0.0,5,0.8004002478836987,0.8022595042839303,0.001859256400231657,True,early_stopped_cleanly
synthetic_piecewise,43,regression,ablation,TST-v3-MoE,TST-v3-MoE,1024,20,ok,,8,0.6977327942848206,0.836377536074856,0.8034338954516773,0.5070933007390621,0.8476532727343885,-0.03294364062317867,0.3017561137676239,6.734223279636353e-05,True,0.7299503087997437,0.7300467491149902,0.0,5,0.8004002478836987,0.8022595042839303,0.001859256400231657,True,early_stopped_cleanly
synthetic_piecewise,43,regression,ablation,TST-v3-MoE,TST-v3-MoE,1024,20,ok,,9,0.7005509018898011,0.8368834375322212,0.8006405590490101,0.31015970925281594,0.43518810218010023,-0.03624287848321106,0.25645023584365845,7.314190588658676e-05,True,0.7299152612686157,0.7300089001655579,0.0,5,0.8004002478836987,0.8022595042839303,0.001859256400231657,True,early_stopped_cleanly
synthetic_piecewise,43,regression,ablation,TST-v3-MoE,TST-v3-MoE,1024,20,ok,,10,0.7029817581176758,0.8364410666223183,0.8012726555297864,0.39066004194384035,0.9605146884902788,-0.03516841109253188,0.271293580532074,8.097981481114402e-05,True,0.7298832535743713,0.7299748659133911,0.0,5,0.8004002478836987,0.8022595042839303,0.001859256400231657,True,early_stopped_cleanly
synthetic_piecewise,43,regression,ablation,TST-v3-MoE,TST-v3-MoE,1024,20,ok,,11,0.703924584388733,0.8364320165754707,0.8037757152163478,0.47949941222478126,0.970571968677344,-0.0326563013591229,0.30551958084106445,8.725102816242725e-05,True,0.7298527956008911,0.7299448847770691,0.0,5,0.8004002478836987,0.8022595042839303,0.001859256400231657,True,early_stopped_cleanly
synthetic_piecewise,43,regression,ablation,TST-v3-MoE,TST-v3-MoE,1024,20,ok,,12,0.6954698085784912,0.8373366794476297,0.8065879749175446,0.33176613480150446,0.9376238196133452,-0.030748704530085047,0.3310859501361847,9.653450979385525e-05,True,0.7298259139060974,0.7299144268035889,0.0,5,0.8004002478836987,0.8022595042839303,0.001859256400231657,True,early_stopped_cleanly
synthetic_piecewise,43,regression,ablation,TST-v3-MoE,TST-v3-MoE,1024,20,ok,,13,0.6991940617561341,0.8363360230430611,0.8015486227102097,0.7191764940922933,1.3795741504178218,-0.03478740033285144,0.2763924300670624,0.00010887732059927657,True,0.7298003435134888,0.7298835515975952,0.0,5,0.8004002478836987,0.8022595042839303,0.001859256400231657,True,early_stopped_cleanly
synthetic_piecewise,43,regression,ablation,TST-v3-MoE,TST-v3-MoE,1024,20,ok,,14,0.7015125274658203,0.836448691388936,0.8039197499853477,0.535476383642373,1.199904290984927,-0.03252894140358831,0.30708345770835876,0.00012012574006803334,True,0.7297754883766174,0.729878306388855,0.0,5,0.8004002478836987,0.8022595042839303,0.001859256400231657,True,early_stopped_cleanly
synthetic_piecewise,43,regression,ablation,TST-v3-MoE,TST-v3-MoE,1024,20,ok,,15,0.7011027216911316,0.8362360982494916,0.8022595042839303,0.46240958952396627,1.0068547587177958,-0.0339765939655613,0.2873646318912506,0.000136737828142941,True,0.7297536730766296,0.7299022674560547,0.0,5,0.8004002478836987,0.8022595042839303,0.001859256400231657,True,early_stopped_cleanly
synthetic_irrelevant_noise,43,classification,ablation,TST-v0,TST-v0,1024,100,ok,,1,1.7574156284332276,0.49022801302931596,0.4878048780487805,11.096360804702948,25.662019946718374,0.0024231349805354796,0.8361800909042358,0.0009011022630147636,False,,,,2,0.5121951219512195,0.4878048780487805,0.024390243902439046,True,early_stopped_cleanly
synthetic_irrelevant_noise,43,classification,ablation,TST-v0,TST-v0,1024,100,ok,,2,0.7704370021820068,0.509771986970684,0.5121951219512195,1.5705652514768822,4.0487995673116695,-0.0024231349805354796,0.29972875118255615,0.00046608588309027255,False,,,,2,0.5121951219512195,0.4878048780487805,0.024390243902439046,True,early_stopped_cleanly
synthetic_irrelevant_noise,43,classification,ablation,TST-v0,TST-v0,1024,100,ok,,3,0.7896214604377747,0.509771986970684,0.5121951219512195,1.9688662067135922,2.115071237124767,-0.0024231349805354796,0.3066621720790863,0.000232437058002688,False,,,,2,0.5121951219512195,0.4878048780487805,0.024390243902439046,True,early_stopped_cleanly
synthetic_irrelevant_noise,43,classification,ablation,TST-v0,TST-v0,1024,100,ok,,4,0.7241143703460693,0.509771986970684,0.5121951219512195,1.1042368044516495,1.6935268737113878,-0.0024231349805354796,0.4656469523906708,0.0002120268763974309,False,,,,2,0.5121951219512195,0.4878048780487805,0.024390243902439046,True,early_stopped_cleanly
synthetic_irrelevant_noise,43,classification,ablation,TST-v0,TST-v0,1024,100,ok,,5,0.7002777695655823,0.49022801302931596,0.4878048780487805,0.4601108847473074,1.072272882893557,0.0024231349805354796,0.578200101852417,0.00018856841779779643,False,,,,2,0.5121951219512195,0.4878048780487805,0.024390243902439046,True,early_stopped_cleanly
synthetic_irrelevant_noise,43,classification,ablation,TST-v0,TST-v0,1024,100,ok,,6,0.7106021404266357,0.49022801302931596,0.4878048780487805,0.8216617262142801,1.0425593258457106,0.0024231349805354796,0.5725507736206055,0.00015341604012064636,False,,,,2,0.5121951219512195,0.4878048780487805,0.024390243902439046,True,early_stopped_cleanly
synthetic_irrelevant_noise,43,classification,ablation,TST-v0,TST-v0,1024,100,ok,,7,0.701045298576355,0.49022801302931596,0.4878048780487805,0.5416936907984352,0.9075981764862607,0.0024231349805354796,0.5134961605072021,0.0001192025447380729,False,,,,2,0.5121951219512195,0.4878048780487805,0.024390243902439046,True,early_stopped_cleanly
synthetic_irrelevant_noise,43,classification,ablation,TST-v0,TST-v0,1024,100,ok,,8,0.6916257023811341,0.509771986970684,0.5121951219512195,0.4459363096886662,0.8243611143571845,-0.0024231349805354796,0.466947466135025,9.893432434182614e-05,False,,,,2,0.5121951219512195,0.4878048780487805,0.024390243902439046,True,early_stopped_cleanly
synthetic_irrelevant_noise,43,classification,ablation,TST-v0,TST-v0,1024,100,ok,,9,0.6956884384155273,0.509771986970684,0.5121951219512195,0.417516537614004,0.8239208342507331,-0.0024231349805354796,0.44667261838912964,9.039349242812023e-05,False,,,,2,0.5121951219512195,0.4878048780487805,0.024390243902439046,True,early_stopped_cleanly
synthetic_irrelevant_noise,43,classification,ablation,TST-v0,TST-v0,1024,100,ok,,10,0.695591926574707,0.509771986970684,0.5121951219512195,0.3134112403624539,0.6501570581771409,-0.0024231349805354796,0.4637252688407898,9.067021164810285e-05,False,,,,2,0.5121951219512195,0.4878048780487805,0.024390243902439046,True,early_stopped_cleanly
synthetic_irrelevant_noise,43,classification,ablation,TST-v0,TST-v0,1024,100,ok,,11,0.6936606049537659,0.509771986970684,0.5121951219512195,0.5813268992279078,1.020662906440714,-0.0024231349805354796,0.4856208860874176,9.282025712309405e-05,False,,,,2,0.5121951219512195,0.4878048780487805,0.024390243902439046,True,early_stopped_cleanly
synthetic_irrelevant_noise,43,classification,ablation,TST-v0,TST-v0,1024,100,ok,,12,0.6926306366920472,0.49022801302931596,0.4878048780487805,0.2928189388636937,0.36162520165774564,0.0024231349805354796,0.5035368800163269,9.538686572341248e-05,False,,,,2,0.5121951219512195,0.4878048780487805,0.024390243902439046,True,early_stopped_cleanly
synthetic_irrelevant_noise,43,classification,ablation,TST-v1-Gate,TST-v1-Gate,1024,100,ok,,1,1.7596559047698974,0.49022801302931596,0.4878048780487805,13.646809118448214,34.190032842715446,0.0024231349805354796,0.8377864360809326,0.0008412410970777273,True,0.7310579419136047,0.7311205863952637,0.0,2,0.5121951219512195,0.4878048780487805,0.024390243902439046,True,early_stopped_cleanly
synthetic_irrelevant_noise,43,classification,ablation,TST-v1-Gate,TST-v1-Gate,1024,100,ok,,2,0.7717845559120178,0.509771986970684,0.5121951219512195,1.6344489200617087,4.230062136472305,-0.0024231349805354796,0.30090999603271484,0.00043401148286648095,True,0.7309877276420593,0.7309204936027527,0.0,2,0.5121951219512195,0.4878048780487805,0.024390243902439046,True,early_stopped_cleanly
synthetic_irrelevant_noise,43,classification,ablation,TST-v1-Gate,TST-v1-Gate,1024,100,ok,,3,0.7891835689544677,0.509771986970684,0.5121951219512195,1.9687844917715651,2.116810268525978,-0.0024231349805354796,0.30673661828041077,0.0002124437305610627,True,0.7309674024581909,0.7309082746505737,0.0,2,0.5121951219512195,0.4878048780487805,0.024390243902439046,True,early_stopped_cleanly
synthetic_irrelevant_noise,43,classification,ablation,TST-v1-Gate,TST-v1-Gate,1024,100,ok,,4,0.7240394592285156,0.509771986970684,0.5121951219512195,1.102129019119532,1.692419127917902,-0.0024231349805354796,0.46648064255714417,0.0001983647234737873,True,0.7309670448303223,0.7308709621429443,0.0,2,0.5121951219512195,0.4878048780487805,0.024390243902439046,True,early_stopped_cleanly
synthetic_irrelevant_noise,43,classification,ablation,TST-v1-Gate,TST-v1-Gate,1024,100,ok,,5,0.7005090713500977,0.49022801302931596,0.4878048780487805,0.46278311169846775,1.0827467912276498,0.0024231349805354796,0.5790653228759766,0.0001752032694639638,True,0.7309641242027283,0.7308357954025269,0.0,2,0.5121951219512195,0.4878048780487805,0.024390243902439046,True,early_stopped_cleanly
synthetic_irrelevant_noise,43,classification,ablation,TST-v1-Gate,TST-v1-Gate,1024,100,ok,,6,0.7107956409454346,0.49022801302931596,0.4878048780487805,0.8248305229973536,1.040865392403602,0.0024231349805354796,0.5720329284667969,0.00014213137910701334,True,0.7309603691101074,0.7308166027069092,0.0,2,0.5121951219512195,0.4878048780487805,0.024390243902439046,True,early_stopped_cleanly
synthetic_irrelevant_noise,43,classification,ablation,TST-v1-Gate,TST-v1-Gate,1024,100,ok,,7,0.7008822560310364,0.49022801302931596,0.4878048780487805,0.5330938164397642,0.9032273420455567,0.0024231349805354796,0.5119906067848206,0.00011069123866036534,True,0.7309554219245911,0.7308064699172974,0.0,2,0.5121951219512195,0.4878048780487805,0.024390243902439046,True,early_stopped_cleanly
synthetic_irrelevant_noise,43,classification,ablation,TST-v1-Gate,TST-v1-Gate,1024,100,ok,,8,0.6916821479797364,0.509771986970684,0.5121951219512195,0.4438589807210228,0.8141146722504161,-0.0024231349805354796,0.46584442257881165,8.961279672803357e-05,True,0.7309475541114807,0.7307965755462646,0.0,2,0.5121951219512195,0.4878048780487805,0.024390243902439046,True,early_stopped_cleanly
synthetic_irrelevant_noise,43,classification,ablation,TST-v1-Gate,TST-v1-Gate,1024,100,ok,,9,0.6958706140518188,0.509771986970684,0.5121951219512195,0.41813836917985947,0.8318161126546405,-0.0024231349805354796,0.44661903381347656,8.070170588325709e-05,True,0.7309376001358032,0.7307858467102051,0.0,2,0.5121951219512195,0.4878048780487805,0.024390243902439046,True,early_stopped_cleanly
synthetic_irrelevant_noise,43,classification,ablation,TST-v1-Gate,TST-v1-Gate,1024,100,ok,,10,0.6956254124641419,0.509771986970684,0.5121951219512195,0.3104699272686681,0.6504826139172231,-0.0024231349805354796,0.46448758244514465,8.035916835069656e-05,True,0.7309262752532959,0.7307733297348022,0.0,2,0.5121951219512195,0.4878048780487805,0.024390243902439046,True,early_stopped_cleanly
synthetic_irrelevant_noise,43,classification,ablation,TST-v1-Gate,TST-v1-Gate,1024,100,ok,,11,0.6936808824539185,0.509771986970684,0.5121951219512195,0.5771792016232199,1.0282580503698107,-0.0024231349805354796,0.4863808751106262,8.191155939130113e-05,True,0.7309139966964722,0.7307604551315308,0.0,2,0.5121951219512195,0.4878048780487805,0.024390243902439046,True,early_stopped_cleanly
synthetic_irrelevant_noise,43,classification,ablation,TST-v1-Gate,TST-v1-Gate,1024,100,ok,,12,0.6927379012107849,0.49022801302931596,0.4878048780487805,0.2949776238079046,0.3576524377103431,0.0024231349805354796,0.5037510395050049,8.384864486288279e-05,True,0.7309010028839111,0.7307476997375488,0.0,2,0.5121951219512195,0.4878048780487805,0.024390243902439046,True,early_stopped_cleanly
synthetic_irrelevant_noise,43,classification,ablation,TST-v2-GateFourier,TST-v2-GateFourier,1024,100,ok,,1,1.019056499004364,0.509771986970684,0.5121951219512195,4.430402532304113,8.936082372815346,-0.0024231349805354796,0.3426901698112488,0.00015768002776894718,True,0.7309812903404236,0.7309637069702148,0.0,1,0.5121951219512195,0.5121951219512195,0.0,True,early_stopped_cleanly
synthetic_irrelevant_noise,43,classification,ablation,TST-v2-GateFourier,TST-v2-GateFourier,1024,100,ok,,2,0.7535415172576905,0.509771986970684,0.5121951219512195,1.6308458402091195,2.7139510956820754,-0.0024231349805354796,0.46203160285949707,5.2231971494620666e-05,True,0.7308370471000671,0.7307560443878174,0.0,1,0.5121951219512195,0.5121951219512195,0.0,True,early_stopped_cleanly
synthetic_irrelevant_noise,43,classification,ablation,TST-v2-GateFourier,TST-v2-GateFourier,1024,100,ok,,3,0.6979479789733887,0.49022801302931596,0.4878048780487805,0.4207612783665919,1.2182906258229966,0.0024231349805354796,0.5793423652648926,2.7600448447628878e-05,True,0.7307241559028625,0.7306160926818848,0.0,1,0.5121951219512195,0.5121951219512195,0.0,True,early_stopped_cleanly
synthetic_irrelevant_noise,43,classification,ablation,TST-v2-GateFourier,TST-v2-GateFourier,1024,100,ok,,4,0.703297746181488,0.509771986970684,0.5121951219512195,0.5383179024414556,1.305180532083716,-0.0024231349805354796,0.4923858642578125,1.9176210116711445e-05,True,0.7306298017501831,0.7305119037628174,0.0,1,0.5121951219512195,0.5121951219512195,0.0,True,early_stopped_cleanly
synthetic_irrelevant_noise,43,classification,ablation,TST-v2-GateFourier,TST-v2-GateFourier,1024,100,ok,,5,0.6926004409790039,0.509771986970684,0.5121951219512195,0.22891922302215456,0.48261449234692005,-0.0024231349805354796,0.4510214328765869,1.7491762264398858e-05,True,0.7305535674095154,0.7304345965385437,0.0,1,0.5121951219512195,0.5121951219512195,0.0,True,early_stopped_cleanly
synthetic_irrelevant_noise,43,classification,ablation,TST-v2-GateFourier,TST-v2-GateFourier,1024,100,ok,,6,0.6963476538658142,0.509771986970684,0.5121951219512195,0.4185017769087124,0.6053045741648397,-0.0024231349805354796,0.46070683002471924,1.6113028323161416e-05,True,0.7304875254631042,0.7303738594055176,0.0,1,0.5121951219512195,0.5121951219512195,0.0,True,early_stopped_cleanly
synthetic_irrelevant_noise,43,classification,ablation,TST-v2-GateFourier,TST-v2-GateFourier,1024,100,ok,,7,0.6940168976783753,0.49022801302931596,0.4878048780487805,0.3350882208019364,0.5535180563837433,0.0024231349805354796,0.5040228366851807,1.4992311662354041e-05,True,0.7304262518882751,0.7303283214569092,0.0,1,0.5121951219512195,0.5121951219512195,0.0,True,early_stopped_cleanly
synthetic_irrelevant_noise,43,classification,ablation,TST-v2-GateFourier,TST-v2-GateFourier,1024,100,ok,,8,0.6948291897773743,0.49022801302931596,0.4878048780487805,0.3755490445333529,0.6104743803295004,0.0024231349805354796,0.5165762305259705,1.4293337699200492e-05,True,0.7303701043128967,0.7302852869033813,0.0,1,0.5121951219512195,0.5121951219512195,0.0,True,early_stopped_cleanly
synthetic_irrelevant_noise,43,classification,ablation,TST-v2-GateFourier,TST-v2-GateFourier,1024,100,ok,,9,0.6932791113853455,0.509771986970684,0.5121951219512195,0.226196106911542,0.5946508058509778,-0.0024231349805354796,0.49064141511917114,1.4208606444299221e-05,True,0.7303175926208496,0.7302448749542236,0.0,1,0.5121951219512195,0.5121951219512195,0.0,True,early_stopped_cleanly
synthetic_irrelevant_noise,43,classification,ablation,TST-v2-GateFourier,TST-v2-GateFourier,1024,100,ok,,10,0.693610692024231,0.509771986970684,0.5121951219512195,0.2058018977600576,0.4648526912147856,-0.0024231349805354796,0.46617430448532104,1.4728901987837162e-05,True,0.7302655577659607,0.7302181720733643,0.0,1,0.5121951219512195,0.5121951219512195,0.0,True,early_stopped_cleanly
synthetic_irrelevant_noise,43,classification,ablation,TST-v2-GateFourier,TST-v2-GateFourier,1024,100,ok,,11,0.6935510754585266,0.509771986970684,0.5121951219512195,0.4004616134457647,0.8173142370935553,-0.0024231349805354796,0.4833831787109375,1.4938431377231609e-05,True,0.7302107214927673,0.7301697134971619,0.0,1,0.5121951219512195,0.5121951219512195,0.0,True,early_stopped_cleanly
synthetic_irrelevant_noise,43,classification,ablation,TST-v3-MoE,TST-v3-MoE,1024,100,ok,,1,0.8082916736602783,0.509771986970684,0.5121951219512195,1.7383573126710838,4.850522168964541,-0.0024231349805354796,0.3960690498352051,0.00013935133756604046,True,0.731110155582428,0.7311742305755615,0.0,1,0.5121951219512195,0.5121951219512195,0.0,True,early_stopped_cleanly
synthetic_irrelevant_noise,43,classification,ablation,TST-v3-MoE,TST-v3-MoE,1024,100,ok,,2,0.6995072484016418,0.49022801302931596,0.4878048780487805,0.5420205872949447,1.2023442278987932,0.0024231349805354796,0.5185156464576721,4.2730291170300916e-05,True,0.7310380339622498,0.7311896085739136,0.0,1,0.5121951219512195,0.5121951219512195,0.0,True,early_stopped_cleanly
synthetic_irrelevant_noise,43,classification,ablation,TST-v3-MoE,TST-v3-MoE,1024,100,ok,,3,0.6941788196563721,0.509771986970684,0.5121951219512195,0.36980423221663405,0.5544680411098248,-0.0024231349805354796,0.4902243912220001,2.5912668206728995e-05,True,0.730965256690979,0.7310824394226074,0.0,1,0.5121951219512195,0.5121951219512195,0.0,True,early_stopped_cleanly
synthetic_irrelevant_noise,43,classification,ablation,TST-v3-MoE,TST-v3-MoE,1024,100,ok,,4,0.6962273716926575,0.509771986970684,0.5121951219512195,0.3046129747798484,0.5007788066210156,-0.0024231349805354796,0.46543216705322266,2.0407038391567767e-05,True,0.7308900952339172,0.7310105562210083,0.0,1,0.5121951219512195,0.5121951219512195,0.0,True,early_stopped_cleanly
synthetic_irrelevant_noise,43,classification,ablation,TST-v3-MoE,TST-v3-MoE,1024,100,ok,,5,0.6928115844726562,0.49022801302931596,0.4878048780487805,0.2400932679410249,0.5477122654482859,0.0024231349805354796,0.5040596127510071,1.9393863112782128e-05,True,0.730812132358551,0.7309494018554688,0.0,1,0.5121951219512195,0.5121951219512195,0.0,True,early_stopped_cleanly
synthetic_irrelevant_noise,43,classification,ablation,TST-v3-MoE,TST-v3-MoE,1024,100,ok,,6,0.6945742130279541,0.49022801302931596,0.4878048780487805,0.35434634959852784,0.7487219343695958,0.0024231349805354796,0.513701856136322,1.9254437575000338e-05,True,0.7307317852973938,0.7308672666549683,0.0,1,0.5121951219512195,0.5121951219512195,0.0,True,early_stopped_cleanly
synthetic_irrelevant_noise,43,classification,ablation,TST-v3-MoE,TST-v3-MoE,1024,100,ok,,7,0.6941394686698914,0.509771986970684,0.5121951219512195,0.26867825583495836,0.4874477727946668,-0.0024231349805354796,0.47857820987701416,1.8735996491159312e-05,True,0.7306495904922485,0.7307847142219543,0.0,1,0.5121951219512195,0.5121951219512195,0.0,True,early_stopped_cleanly
synthetic_irrelevant_noise,43,classification,ablation,TST-v3-MoE,TST-v3-MoE,1024,100,ok,,8,0.6939499378204346,0.509771986970684,0.5121951219512195,0.15323347109500637,0.24948628313626964,-0.0024231349805354796,0.4750397205352783,1.9151380911353044e-05,True,0.7305636405944824,0.7306967377662659,0.0,1,0.5121951219512195,0.5121951219512195,0.0,True,early_stopped_cleanly
synthetic_irrelevant_noise,43,classification,ablation,TST-v3-MoE,TST-v3-MoE,1024,100,ok,,9,0.6942220687866211,0.509771986970684,0.5121951219512195,0.3606491321602828,0.7915748630996637,-0.0024231349805354796,0.49029964208602905,2.0388873963383958e-05,True,0.7304736375808716,0.7306007146835327,0.0,1,0.5121951219512195,0.5121951219512195,0.0,True,early_stopped_cleanly
synthetic_irrelevant_noise,43,classification,ablation,TST-v3-MoE,TST-v3-MoE,1024,100,ok,,10,0.6955500841140747,0.49022801302931596,0.4878048780487805,0.3232083672761539,0.47419513693823045,0.0024231349805354796,0.5305689573287964,2.2409771190723404e-05,True,0.7303805351257324,0.730485200881958,0.0,1,0.5121951219512195,0.5121951219512195,0.0,True,early_stopped_cleanly
synthetic_irrelevant_noise,43,classification,ablation,TST-v3-MoE,TST-v3-MoE,1024,100,ok,,11,0.6955411195755005,0.509771986970684,0.5121951219512195,0.2747263527821336,0.7988636828604316,-0.0024231349805354796,0.4774799346923828,2.1450327039929107e-05,True,0.7302870154380798,0.7304048538208008,0.0,1,0.5121951219512195,0.5121951219512195,0.0,True,early_stopped_cleanly
synthetic_rotated,43,classification,ablation,TST-v0,TST-v0,1024,20,ok,,1,0.8824554920196533,0.6368078175895765,0.6341463414634146,4.775335138892453,8.680694995891796,0.0026614761261618547,0.3856048583984375,0.004602550994604826,False,,,,1,0.6341463414634146,0.6341463414634146,0.0,True,early_stopped_cleanly
synthetic_rotated,43,classification,ablation,TST-v0,TST-v0,1024,20,ok,,2,0.6850107669830322,0.6368078175895765,0.6341463414634146,1.1637988185021386,1.9677964444580036,0.0026614761261618547,0.48205000162124634,0.0013547460548579693,False,,,,1,0.6341463414634146,0.6341463414634146,0.0,True,early_stopped_cleanly
synthetic_rotated,43,classification,ablation,TST-v0,TST-v0,1024,20,ok,,3,0.6592307925224304,0.6368078175895765,0.6341463414634146,0.5763082377568028,0.9504261510117554,0.0026614761261618547,0.3158247768878937,0.0009579701581969857,False,,,,1,0.6341463414634146,0.6341463414634146,0.0,True,early_stopped_cleanly
synthetic_rotated,43,classification,ablation,TST-v0,TST-v0,1024,20,ok,,4,0.6671468615531921,0.6368078175895765,0.6341463414634146,0.5939297659779527,0.824380555601602,0.0026614761261618547,0.29123878479003906,0.0007073396700434387,False,,,,1,0.6341463414634146,0.6341463414634146,0.0,True,early_stopped_cleanly
synthetic_rotated,43,classification,ablation,TST-v0,TST-v0,1024,20,ok,,5,0.6622606873512268,0.6368078175895765,0.6341463414634146,0.48623419054687256,0.6624835695376988,0.0026614761261618547,0.3443353474140167,0.0005923241260461509,False,,,,1,0.6341463414634146,0.6341463414634146,0.0,True,early_stopped_cleanly
synthetic_rotated,43,classification,ablation,TST-v0,TST-v0,1024,20,ok,,6,0.6557290315628052,0.6368078175895765,0.6341463414634146,0.454551248905946,0.8088238565314267,0.0026614761261618547,0.404854416847229,0.000586350099183619,False,,,,1,0.6341463414634146,0.6341463414634146,0.0,True,early_stopped_cleanly
synthetic_rotated,43,classification,ablation,TST-v0,TST-v0,1024,20,ok,,7,0.6596417427062988,0.6368078175895765,0.6341463414634146,0.5919689346526315,0.7161666692808175,0.0026614761261618547,0.3992979824542999,0.000612070900388062,False,,,,1,0.6341463414634146,0.6341463414634146,0.0,True,early_stopped_cleanly
synthetic_rotated,43,classification,ablation,TST-v0,TST-v0,1024,20,ok,,8,0.655519700050354,0.6368078175895765,0.6341463414634146,0.2632544278527184,0.7979002208696903,0.0026614761261618547,0.354426771402359,0.0006184870144352317,False,,,,1,0.6341463414634146,0.6341463414634146,0.0,True,early_stopped_cleanly
synthetic_rotated,43,classification,ablation,TST-v0,TST-v0,1024,20,ok,,9,0.6563490748405456,0.6368078175895765,0.6341463414634146,0.43544065332927373,0.8042856404748608,0.0026614761261618547,0.33645567297935486,0.000666832784190774,False,,,,1,0.6341463414634146,0.6341463414634146,0.0,True,early_stopped_cleanly
synthetic_rotated,43,classification,ablation,TST-v0,TST-v0,1024,20,ok,,10,0.6543409824371338,0.6368078175895765,0.6341463414634146,0.3409902284159974,0.5069724239500976,0.0026614761261618547,0.35496023297309875,0.000806572672445327,False,,,,1,0.6341463414634146,0.6341463414634146,0.0,True,early_stopped_cleanly
synthetic_rotated,43,classification,ablation,TST-v0,TST-v0,1024,20,ok,,11,0.6554516196250916,0.6368078175895765,0.6341463414634146,0.24163324428725322,0.5460282963313768,0.0026614761261618547,0.36126455664634705,0.0009810802293941379,False,,,,1,0.6341463414634146,0.6341463414634146,0.0,True,early_stopped_cleanly
synthetic_rotated,43,classification,ablation,TST-v1-Gate,TST-v1-Gate,1024,20,ok,,1,0.8834977269172668,0.6368078175895765,0.6341463414634146,5.78880378581742,11.146872694239834,0.0026614761261618547,0.3852931261062622,0.004357956349849701,True,0.7312930822372437,0.7316663265228271,0.0,1,0.6341463414634146,0.6341463414634146,0.0,True,early_stopped_cleanly
synthetic_rotated,43,classification,ablation,TST-v1-Gate,TST-v1-Gate,1024,20,ok,,2,0.6851173996925354,0.6368078175895765,0.6341463414634146,1.174984355488143,1.976012194917484,0.0026614761261618547,0.48148253560066223,0.0012487951898947358,True,0.7313902974128723,0.7319005727767944,0.0,1,0.6341463414634146,0.6341463414634146,0.0,True,early_stopped_cleanly
synthetic_rotated,43,classification,ablation,TST-v1-Gate,TST-v1-Gate,1024,20,ok,,3,0.6592459082603455,0.6368078175895765,0.6341463414634146,0.5741817323282232,0.9485204787085917,0.0026614761261618547,0.31498125195503235,0.0008991952054202557,True,0.7314752340316772,0.7320641875267029,0.0,1,0.6341463414634146,0.6341463414634146,0.0,True,early_stopped_cleanly
synthetic_rotated,43,classification,ablation,TST-v1-Gate,TST-v1-Gate,1024,20,ok,,4,0.6674139976501465,0.6368078175895765,0.6341463414634146,0.5994406503410145,0.8256507067845577,0.0026614761261618547,0.2916562259197235,0.0006582007044926286,True,0.7315264344215393,0.732149064540863,0.0,1,0.6341463414634146,0.6341463414634146,0.0,True,early_stopped_cleanly
synthetic_rotated,43,classification,ablation,TST-v1-Gate,TST-v1-Gate,1024,20,ok,,5,0.6621606230735779,0.6368078175895765,0.6341463414634146,0.4799410072526956,0.6560424951062948,0.0026614761261618547,0.34575289487838745,0.0005355849862098694,True,0.7315590381622314,0.732195258140564,0.0,1,0.6341463414634146,0.6341463414634146,0.0,True,early_stopped_cleanly
synthetic_rotated,43,classification,ablation,TST-v1-Gate,TST-v1-Gate,1024,20,ok,,6,0.6559186100959777,0.6368078175895765,0.6341463414634146,0.4564961106862748,0.8181417427917085,0.0026614761261618547,0.4056834876537323,0.0005100442213006318,True,0.7315775752067566,0.7322100400924683,0.0,1,0.6341463414634146,0.6341463414634146,0.0,True,early_stopped_cleanly
synthetic_rotated,43,classification,ablation,TST-v1-Gate,TST-v1-Gate,1024,20,ok,,7,0.6598039507865906,0.6368078175895765,0.6341463414634146,0.5913706744703322,0.7206228041781552,0.0026614761261618547,0.39874759316444397,0.0005214390112087131,True,0.7315829992294312,0.7322134375572205,0.0,1,0.6341463414634146,0.6341463414634146,0.0,True,early_stopped_cleanly
synthetic_rotated,43,classification,ablation,TST-v1-Gate,TST-v1-Gate,1024,20,ok,,8,0.6556506395339966,0.6368078175895765,0.6341463414634146,0.2624342233697464,0.7915092300521508,0.0026614761261618547,0.35350990295410156,0.0005200971500016749,True,0.7315804958343506,0.7322109937667847,0.0,1,0.6341463414634146,0.6341463414634146,0.0,True,early_stopped_cleanly
synthetic_rotated,43,classification,ablation,TST-v1-Gate,TST-v1-Gate,1024,20,ok,,9,0.6566393494606018,0.6368078175895765,0.6341463414634146,0.4367085299826794,0.811405266831718,0.0026614761261618547,0.3362349271774292,0.0005502786953002214,True,0.7315739393234253,0.7321862578392029,0.0,1,0.6341463414634146,0.6341463414634146,0.0,True,early_stopped_cleanly
synthetic_rotated,43,classification,ablation,TST-v1-Gate,TST-v1-Gate,1024,20,ok,,10,0.6546410202980042,0.6368078175895765,0.6341463414634146,0.34197795181842683,0.5081810634424697,0.0026614761261618547,0.35540837049484253,0.000648024957627058,True,0.7315670251846313,0.732153058052063,0.0,1,0.6341463414634146,0.6341463414634146,0.0,True,early_stopped_cleanly
synthetic_rotated,43,classification,ablation,TST-v1-Gate,TST-v1-Gate,1024,20,ok,,11,0.6557568192481995,0.6368078175895765,0.6341463414634146,0.2410579676417119,0.5434915667201632,0.0026614761261618547,0.36163654923439026,0.0007686875178478658,True,0.7315579652786255,0.7321150302886963,0.0,1,0.6341463414634146,0.6341463414634146,0.0,True,early_stopped_cleanly
synthetic_rotated,43,classification,ablation,TST-v2-GateFourier,TST-v2-GateFourier,1024,20,ok,,1,0.860977828502655,0.36319218241042345,0.36585365853658536,2.9993420544708926,5.784609008120217,-0.00266147612616191,0.5210212469100952,0.0004179148527327925,True,0.7308685779571533,0.7308986186981201,0.0,2,0.6341463414634146,0.6341463414634146,0.0,True,early_stopped_cleanly
synthetic_rotated,43,classification,ablation,TST-v2-GateFourier,TST-v2-GateFourier,1024,20,ok,,2,0.6893078923225403,0.6368078175895765,0.6341463414634146,1.3342683939010216,1.980728966749408,0.0026614761261618547,0.3138398230075836,0.00013944803504273295,True,0.7306810617446899,0.7307366728782654,0.0,2,0.6341463414634146,0.6341463414634146,0.0,True,early_stopped_cleanly
synthetic_rotated,43,classification,ablation,TST-v2-GateFourier,TST-v2-GateFourier,1024,20,ok,,3,0.6683644771575927,0.6368078175895765,0.6341463414634146,0.7377065431016268,1.4444502163050519,0.0026614761261618547,0.3173830807209015,7.218476821435615e-05,True,0.7304922342300415,0.7306004762649536,0.0,2,0.6341463414634146,0.6341463414634146,0.0,True,early_stopped_cleanly
synthetic_rotated,43,classification,ablation,TST-v2-GateFourier,TST-v2-GateFourier,1024,20,ok,,4,0.6590909242630005,0.6368078175895765,0.6341463414634146,0.44251385424810136,1.0320168874489095,0.0026614761261618547,0.4096987545490265,5.8950285165337846e-05,True,0.7303181886672974,0.7303835153579712,0.0,2,0.6341463414634146,0.6341463414634146,0.0,True,early_stopped_cleanly
synthetic_rotated,43,classification,ablation,TST-v2-GateFourier,TST-v2-GateFourier,1024,20,ok,,5,0.6587729930877686,0.6368078175895765,0.6341463414634146,0.5235652567366371,1.2382048486020907,0.0026614761261618547,0.39098265767097473,4.920821447740309e-05,True,0.7301739454269409,0.7302332520484924,0.0,2,0.6341463414634146,0.6341463414634146,0.0,True,early_stopped_cleanly
synthetic_rotated,43,classification,ablation,TST-v2-GateFourier,TST-v2-GateFourier,1024,20,ok,,6,0.660567307472229,0.6368078175895765,0.6341463414634146,0.5033124785239224,0.9310938356691667,0.0026614761261618547,0.3170601427555084,4.015252852695994e-05,True,0.7300516366958618,0.7300981283187866,0.0,2,0.6341463414634146,0.6341463414634146,0.0,True,early_stopped_cleanly
synthetic_rotated,43,classification,ablation,TST-v2-GateFourier,TST-v2-GateFourier,1024,20,ok,,7,0.6596117377281189,0.6368078175895765,0.6341463414634146,0.37696374795324433,0.5395746606774875,0.0026614761261618547,0.3462914526462555,4.017492028651759e-05,True,0.7299613952636719,0.7299962043762207,0.0,2,0.6341463414634146,0.6341463414634146,0.0,True,early_stopped_cleanly
synthetic_rotated,43,classification,ablation,TST-v2-GateFourier,TST-v2-GateFourier,1024,20,ok,,8,0.6567954301834107,0.6368078175895765,0.6341463414634146,0.3277697588024786,0.6615710451392254,0.0026614761261618547,0.3978535830974579,4.6451044909190387e-05,True,0.729889988899231,0.7299101948738098,0.0,2,0.6341463414634146,0.6341463414634146,0.0,True,early_stopped_cleanly
synthetic_rotated,43,classification,ablation,TST-v2-GateFourier,TST-v2-GateFourier,1024,20,ok,,9,0.6571156144142151,0.6368078175895765,0.6341463414634146,0.36299334425597973,0.9110039200849931,0.0026614761261618547,0.36923107504844666,4.648935646400787e-05,True,0.7298267483711243,0.7298206090927124,0.0,2,0.6341463414634146,0.6341463414634146,0.0,True,early_stopped_cleanly
synthetic_rotated,43,classification,ablation,TST-v2-GateFourier,TST-v2-GateFourier,1024,20,ok,,10,0.6551973938941955,0.6368078175895765,0.6341463414634146,0.29410094506664364,0.5051490290549077,0.0026614761261618547,0.3509799838066101,5.112292637932114e-05,True,0.7297760248184204,0.7297351360321045,0.0,2,0.6341463414634146,0.6341463414634146,0.0,True,early_stopped_cleanly
synthetic_rotated,43,classification,ablation,TST-v2-GateFourier,TST-v2-GateFourier,1024,20,ok,,11,0.655916178226471,0.6368078175895765,0.6341463414634146,0.3194327724655254,0.6501846931757884,0.0026614761261618547,0.3574523627758026,6.027583367540501e-05,True,0.7297415733337402,0.7296550273895264,0.0,2,0.6341463414634146,0.6341463414634146,0.0,True,early_stopped_cleanly
synthetic_rotated,43,classification,ablation,TST-v2-GateFourier,TST-v2-GateFourier,1024,20,ok,,12,0.655630886554718,0.6368078175895765,0.6341463414634146,0.21636790962892705,0.6138651404690861,0.0026614761261618547,0.3615080416202545,7.237257523229346e-05,True,0.7297189831733704,0.7295817732810974,0.0,2,0.6341463414634146,0.6341463414634146,0.0,True,early_stopped_cleanly
synthetic_rotated,43,classification,ablation,TST-v3-MoE,TST-v3-MoE,1024,20,ok,,1,0.7217291235923767,0.6368078175895765,0.6341463414634146,2.039627719276515,3.7799666457001866,0.0026614761261618547,0.3809378743171692,0.00045194465201348066,True,0.7311072945594788,0.7313209176063538,0.0,1,0.6341463414634146,0.6341463414634146,0.0,True,early_stopped_cleanly
synthetic_rotated,43,classification,ablation,TST-v3-MoE,TST-v3-MoE,1024,20,ok,,2,0.6636261343955994,0.6368078175895765,0.6341463414634146,0.5128129160289641,1.0381240031333914,0.0026614761261618547,0.3179810345172882,0.0001328538783127442,True,0.7309371829032898,0.7312411069869995,0.0,1,0.6341463414634146,0.6341463414634146,0.0,True,early_stopped_cleanly
synthetic_rotated,43,classification,ablation,TST-v3-MoE,TST-v3-MoE,1024,20,ok,,3,0.6566036581993103,0.6368078175895765,0.6341463414634146,0.17263789970243337,0.2538700798096506,0.0026614761261618547,0.4015803039073944,8.536177483620122e-05,True,0.7308125495910645,0.7310864925384521,0.0,1,0.6341463414634146,0.6341463414634146,0.0,True,early_stopped_cleanly
synthetic_rotated,43,classification,ablation,TST-v3-MoE,TST-v3-MoE,1024,20,ok,,4,0.6589159488677978,0.6368078175895765,0.6341463414634146,0.4417712728534271,0.7699013483823568,0.0026614761261618547,0.39307868480682373,6.995053263381124e-05,True,0.730729877948761,0.7309497594833374,0.0,1,0.6341463414634146,0.6341463414634146,0.0,True,early_stopped_cleanly
synthetic_rotated,43,classification,ablation,TST-v3-MoE,TST-v3-MoE,1024,20,ok,,5,0.6614766597747803,0.6368078175895765,0.6341463414634146,0.3995686380981195,0.7210559413461555,0.0026614761261618547,0.32175934314727783,6.331039912765846e-05,True,0.7306703329086304,0.730827271938324,0.0,1,0.6341463414634146,0.6341463414634146,0.0,True,early_stopped_cleanly
synthetic_rotated,43,classification,ablation,TST-v3-MoE,TST-v3-MoE,1024,20,ok,,6,0.6583570599555969,0.6368078175895765,0.6341463414634146,0.2539098193407653,0.41287748354068865,0.0026614761261618547,0.35310083627700806,6.865445175208151e-05,True,0.7306123375892639,0.7307349443435669,0.0,1,0.6341463414634146,0.6341463414634146,0.0,True,early_stopped_cleanly
synthetic_rotated,43,classification,ablation,TST-v3-MoE,TST-v3-MoE,1024,20,ok,,7,0.6575693130493164,0.6368078175895765,0.6341463414634146,0.3676947053878034,0.5321461047436299,0.0026614761261618547,0.39045462012290955,7.971662853378803e-05,True,0.7305654287338257,0.7307158708572388,0.0,1,0.6341463414634146,0.6341463414634146,0.0,True,early_stopped_cleanly
synthetic_rotated,43,classification,ablation,TST-v3-MoE,TST-v3-MoE,1024,20,ok,,8,0.6565250873565673,0.6368078175895765,0.6341463414634146,0.183419752886928,0.29001182723845725,0.0026614761261618547,0.3794087767601013,8.963047002907842e-05,True,0.7305344343185425,0.730584979057312,0.0,1,0.6341463414634146,0.6341463414634146,0.0,True,early_stopped_cleanly
synthetic_rotated,43,classification,ablation,TST-v3-MoE,TST-v3-MoE,1024,20,ok,,9,0.655446982383728,0.6368078175895765,0.6341463414634146,0.19410472217218527,0.4051503198681399,0.0026614761261618547,0.35043975710868835,9.866969048744068e-05,True,0.730514645576477,0.7304589152336121,0.0,1,0.6341463414634146,0.6341463414634146,0.0,True,early_stopped_cleanly
synthetic_rotated,43,classification,ablation,TST-v3-MoE,TST-v3-MoE,1024,20,ok,,10,0.6554580569267273,0.6368078175895765,0.6341463414634146,0.17472654150853711,0.23050011464399536,0.0026614761261618547,0.3590260148048401,0.00012080543820047751,True,0.730501651763916,0.7303240299224854,0.0,1,0.6341463414634146,0.6341463414634146,0.0,True,early_stopped_cleanly
synthetic_rotated,43,classification,ablation,TST-v3-MoE,TST-v3-MoE,1024,20,ok,,11,0.6542955160140991,0.6368078175895765,0.6341463414634146,0.13929764331390918,0.32411846966647206,0.0026614761261618547,0.37167835235595703,0.00015045762120280415,True,0.7305024862289429,0.7301841974258423,0.0,1,0.6341463414634146,0.6341463414634146,0.0,True,early_stopped_cleanly
synthetic_regime,43,regression,ablation,TST-v0,TST-v0,1024,20,ok,,1,0.9605226278305053,0.768039477361884,0.8928739696007019,19.28732915068647,53.83497797211636,0.12483449223881782,0.44190600514411926,0.023997336626052856,False,,,,3,0.7081209920986923,0.7202502639595244,0.012129271860832125,True,early_stopped_cleanly
synthetic_regime,43,regression,ablation,TST-v0,TST-v0,1024,20,ok,,2,0.4741652011871338,0.7062366087665146,0.7254049863610798,3.210337648744776,7.934247051826185,0.019168377594565134,-0.2868141233921051,0.008507232181727886,False,,,,3,0.7081209920986923,0.7202502639595244,0.012129271860832125,True,early_stopped_cleanly
synthetic_regime,43,regression,ablation,TST-v0,TST-v0,1024,20,ok,,3,0.47641480565071104,0.6478236636622816,0.7081209920986923,3.235244892751189,5.251219446662473,0.06029732843641067,-0.07506900280714035,0.00567356264218688,False,,,,3,0.7081209920986923,0.7202502639595244,0.012129271860832125,True,early_stopped_cleanly
synthetic_regime,43,regression,ablation,TST-v0,TST-v0,1024,20,ok,,4,0.42171541452407835,0.657906372005071,0.7569602421230984,1.0349625752945504,2.7799187477713367,0.09905387011802746,0.1529918909072876,0.0049036708660423756,False,,,,3,0.7081209920986923,0.7202502639595244,0.012129271860832125,True,early_stopped_cleanly
synthetic_regime,43,regression,ablation,TST-v0,TST-v0,1024,20,ok,,5,0.43155155181884763,0.6456894611775279,0.7328796990335199,1.5942474315465351,2.8848373691194937,0.087190237855992,0.07475314289331436,0.004643713124096394,False,,,,3,0.7081209920986923,0.7202502639595244,0.012129271860832125,True,early_stopped_cleanly
synthetic_regime,43,regression,ablation,TST-v0,TST-v0,1024,20,ok,,6,0.418665224313736,0.6451742490593704,0.7108362565943843,0.670812979554524,1.8455145958928192,0.06566200753501394,-0.047210898250341415,0.004663202445954084,False,,,,3,0.7081209920986923,0.7202502639595244,0.012129271860832125,True,early_stopped_cleanly
synthetic_regime,43,regression,ablation,TST-v0,TST-v0,1024,20,ok,,7,0.4203323006629944,0.6438845771561621,0.7121423425958177,0.9852319603199767,1.8039569863256433,0.06825776543965556,-0.03329230099916458,0.004948949441313744,False,,,,3,0.7081209920986923,0.7202502639595244,0.012129271860832125,True,early_stopped_cleanly
synthetic_regime,43,regression,ablation,TST-v0,TST-v0,1024,20,ok,,8,0.41676228046417235,0.6420593486549994,0.7183646122553276,0.5856469209423409,0.9037718871340343,0.07630526360032819,0.011023417115211487,0.005451429169625044,False,,,,3,0.7081209920986923,0.7202502639595244,0.012129271860832125,True,early_stopped_cleanly
synthetic_regime,43,regression,ablation,TST-v0,TST-v0,1024,20,ok,,9,0.41305690407752993,0.6417304480011005,0.7191106471952323,0.2395333804603824,0.439140634302249,0.07738019919413186,0.017206259071826935,0.006088329944759607,False,,,,3,0.7081209920986923,0.7202502639595244,0.012129271860832125,True,early_stopped_cleanly
synthetic_regime,43,regression,ablation,TST-v0,TST-v0,1024,20,ok,,10,0.4145150661468506,0.6412589960043543,0.7176860314951895,0.6801235180703238,1.2831922787891,0.07642703549083518,0.011935457587242126,0.006885063368827105,False,,,,3,0.7081209920986923,0.7202502639595244,0.012129271860832125,True,early_stopped_cleanly
synthetic_regime,43,regression,ablation,TST-v0,TST-v0,1024,20,ok,,11,0.4126636564731598,0.6410644001277565,0.7135347565550701,0.7630329643656154,2.1004897642492937,0.0724703564273137,-0.009978773072361946,0.00784023106098175,False,,,,3,0.7081209920986923,0.7202502639595244,0.012129271860832125,True,early_stopped_cleanly
synthetic_regime,43,regression,ablation,TST-v0,TST-v0,1024,20,ok,,12,0.4120193600654602,0.640077519825673,0.7173657978967884,0.3123158606236123,0.37920308440823314,0.07728827807111549,0.017117811366915703,0.009081771597266197,False,,,,3,0.7081209920986923,0.7202502639595244,0.012129271860832125,True,early_stopped_cleanly
synthetic_regime,43,regression,ablation,TST-v0,TST-v0,1024,20,ok,,13,0.411836713552475,0.6397042752420486,0.7202502639595244,1.1152883967526195,2.0443818181131586,0.08054598871747576,0.036014728248119354,0.010615193285048008,False,,,,3,0.7081209920986923,0.7202502639595244,0.012129271860832125,True,early_stopped_cleanly
synthetic_regime,43,regression,ablation,TST-v1-Gate,TST-v1-Gate,1024,20,ok,,1,0.9626348197460175,0.7680965158195523,0.8930587643087304,23.37475194042012,66.265675783506,0.12496224848917814,0.4415278434753418,0.022900627925992012,True,0.7312020659446716,0.7312707901000977,0.0,3,0.7087763541567904,0.721261239980718,0.012484885823927594,True,early_stopped_cleanly
synthetic_regime,43,regression,ablation,TST-v1-Gate,TST-v1-Gate,1024,20,ok,,2,0.4749938428401947,0.7074431173420215,0.7262512688945775,3.3419338981532065,8.370938250591623,0.018808151552555996,-0.2889358103275299,0.007948451675474644,True,0.7312904596328735,0.7314391732215881,0.0,3,0.7087763541567904,0.721261239980718,0.012484885823927594,True,early_stopped_cleanly
synthetic_regime,43,regression,ablation,TST-v1-Gate,TST-v1-Gate,1024,20,ok,,3,0.4766161680221558,0.6473863193327443,0.7087763541567904,3.2491506813402906,5.312529610811072,0.06139003482404615,-0.06951340287923813,0.005196780897676945,True,0.7313525080680847,0.731502890586853,0.0,3,0.7087763541567904,0.721261239980718,0.012484885823927594,True,early_stopped_cleanly
synthetic_regime,43,regression,ablation,TST-v1-Gate,TST-v1-Gate,1024,20,ok,,4,0.4223274290561676,0.6586862030841798,0.7581120714939142,1.0192667552925645,2.838744317990356,0.09942586840973444,0.15542244911193848,0.004423017613589764,True,0.731392502784729,0.73154616355896,0.0,3,0.7087763541567904,0.721261239980718,0.012484885823927594,True,early_stopped_cleanly
synthetic_regime,43,regression,ablation,TST-v1-Gate,TST-v1-Gate,1024,20,ok,,5,0.4320966124534607,0.6456433960323922,0.7323157475194298,1.5957219753012652,2.9263880974220684,0.08667235148703767,0.07142079621553421,0.004144575912505388,True,0.7314196228981018,0.7315579652786255,0.0,3,0.7087763541567904,0.721261239980718,0.012484885823927594,True,early_stopped_cleanly
synthetic_regime,43,regression,ablation,TST-v1-Gate,TST-v1-Gate,1024,20,ok,,6,0.4190120756626129,0.6457097232617631,0.7109151564220478,0.680932603540157,1.8067593239124902,0.06520543316028471,-0.049741122871637344,0.004132911562919617,True,0.7314357161521912,0.7315516471862793,0.0,3,0.7087763541567904,0.721261239980718,0.012484885823927594,True,early_stopped_cleanly
synthetic_regime,43,regression,ablation,TST-v1-Gate,TST-v1-Gate,1024,20,ok,,7,0.4210074424743652,0.6441288934845738,0.7126522972233169,0.9997322585048576,1.8415383246695396,0.0685234037387431,-0.03197465091943741,0.004355631768703461,True,0.7314437627792358,0.7315433025360107,0.0,3,0.7087763541567904,0.721261239980718,0.012484885823927594,True,early_stopped_cleanly
synthetic_regime,43,regression,ablation,TST-v1-Gate,TST-v1-Gate,1024,20,ok,,8,0.41724103689193726,0.6424431470661192,0.7191543685536395,0.5750853329622084,0.9335218469146415,0.0767112214875203,0.013173183426260948,0.004762811120599508,True,0.7314471006393433,0.731529951095581,0.0,3,0.7087763541567904,0.721261239980718,0.012484885823927594,True,early_stopped_cleanly
synthetic_regime,43,regression,ablation,TST-v1-Gate,TST-v1-Gate,1024,20,ok,,9,0.4136436700820923,0.6421719226664965,0.7195770232544828,0.24560049618961752,0.46450904059407255,0.07740510058798633,0.01719982549548149,0.0052857184782624245,True,0.7314469218254089,0.7315078377723694,0.0,3,0.7087763541567904,0.721261239980718,0.012484885823927594,True,early_stopped_cleanly
synthetic_regime,43,regression,ablation,TST-v1-Gate,TST-v1-Gate,1024,20,ok,,10,0.4151807963848114,0.641776376072987,0.7180260038740797,0.6824760304011922,1.2719313149198126,0.07624962780109268,0.010778315365314484,0.005941169802099466,True,0.7314452528953552,0.7314831018447876,0.0,3,0.7087763541567904,0.721261239980718,0.012484885823927594,True,early_stopped_cleanly
synthetic_regime,43,regression,ablation,TST-v1-Gate,TST-v1-Gate,1024,20,ok,,11,0.4133792519569397,0.6416823105535818,0.7141661637600079,0.7611725635773251,2.1138716670862947,0.07248385320642603,-0.010065676644444466,0.0067240530624985695,True,0.7314424514770508,0.7314560413360596,0.0,3,0.7087763541567904,0.721261239980718,0.012484885823927594,True,early_stopped_cleanly
synthetic_regime,43,regression,ablation,TST-v1-Gate,TST-v1-Gate,1024,20,ok,,12,0.41291417479515075,0.6408201478668997,0.718271884288724,0.31090185669810866,0.3818264381034255,0.07745173642182435,0.01784655451774597,0.007729743141680956,True,0.7314389944076538,0.7314229011535645,0.0,3,0.7087763541567904,0.721261239980718,0.012484885823927594,True,early_stopped_cleanly
synthetic_regime,43,regression,ablation,TST-v1-Gate,TST-v1-Gate,1024,20,ok,,13,0.41291319727897646,0.6406130440689549,0.721261239980718,1.119552716214154,2.0552486247609956,0.08064819591176309,0.03638178110122681,0.008957733400166035,True,0.7314336895942688,0.7313807010650635,0.0,3,0.7087763541567904,0.721261239980718,0.012484885823927594,True,early_stopped_cleanly
synthetic_regime,43,regression,ablation,TST-v2-GateFourier,TST-v2-GateFourier,1024,20,ok,,1,1.7886876821517945,0.7729097357453749,0.7699940253310819,21.628242668273003,43.204015840659686,-0.00291571041429306,-0.4140719175338745,0.0008260743925347924,True,0.7307566404342651,0.7308815717697144,0.0,5,0.7101242528238983,0.7170823279829438,0.0069580751590454515,True,early_stopped_cleanly
synthetic_regime,43,regression,ablation,TST-v2-GateFourier,TST-v2-GateFourier,1024,20,ok,,2,0.6455401360988617,0.6627333859750278,0.710523379935135,6.9998952907302066,9.727763471360397,0.04778999396010719,-0.14043433964252472,0.0005012433393858373,True,0.7305325269699097,0.7306313514709473,0.0,5,0.7101242528238983,0.7170823279829438,0.0069580751590454515,True,early_stopped_cleanly
synthetic_regime,43,regression,ablation,TST-v2-GateFourier,TST-v2-GateFourier,1024,20,ok,,3,0.44713276624679565,0.6968371359627024,0.8111190798410113,2.11827424274832,3.838006860192946,0.11428194387830892,0.27549582719802856,0.00038476940244436264,True,0.7304126024246216,0.7304869890213013,0.0,5,0.7101242528238983,0.7170823279829438,0.0069580751590454515,True,early_stopped_cleanly
synthetic_regime,43,regression,ablation,TST-v2-GateFourier,TST-v2-GateFourier,1024,20,ok,,4,0.45219177603721616,0.645132119967133,0.7238341346157744,2.428269612239315,3.5886944881486196,0.07870201464864135,0.02374131791293621,0.00016441490151919425,True,0.7302807569503784,0.7303463220596313,0.0,5,0.7101242528238983,0.7170823279829438,0.0069580751590454515,True,early_stopped_cleanly
synthetic_regime,43,regression,ablation,TST-v2-GateFourier,TST-v2-GateFourier,1024,20,ok,,5,0.42229990363121034,0.658094357522548,0.7101242528238983,0.7862602320250561,1.3799105720471527,0.05202989530135038,-0.1186632290482521,0.00011633337999228388,True,0.7301873564720154,0.7302461862564087,0.0,5,0.7101242528238983,0.7170823279829438,0.0069580751590454515,True,early_stopped_cleanly
synthetic_regime,43,regression,ablation,TST-v2-GateFourier,TST-v2-GateFourier,1024,20,ok,,6,0.43519836068153384,0.6479092709976821,0.7133094706807345,1.6790260820426135,2.75952882048635,0.06540019968305233,-0.049192558974027634,0.00010762850433820859,True,0.730130136013031,0.7301838397979736,0.0,5,0.7101242528238983,0.7170823279829438,0.0069580751590454515,True,early_stopped_cleanly
synthetic_regime,43,regression,ablation,TST-v2-GateFourier,TST-v2-GateFourier,1024,20,ok,,7,0.41516542434692383,0.6460698115239636,0.72905819403942,0.45614812328872556,1.2864886385083976,0.08298838251545637,0.0485762394964695,0.00011769366392400116,True,0.7300914525985718,0.7301552295684814,0.0,5,0.7101242528238983,0.7170823279829438,0.0069580751590454515,True,early_stopped_cleanly
synthetic_regime,43,regression,ablation,TST-v2-GateFourier,TST-v2-GateFourier,1024,20,ok,,8,0.4173473954200745,0.6485912875995105,0.7367543168447911,0.779451658229067,2.529892899050537,0.08816302924528063,0.079813152551651,0.0001261977740796283,True,0.7300610542297363,0.7301429510116577,0.0,5,0.7101242528238983,0.7170823279829438,0.0069580751590454515,True,early_stopped_cleanly
synthetic_regime,43,regression,ablation,TST-v2-GateFourier,TST-v2-GateFourier,1024,20,ok,,9,0.4181959807872772,0.645084467354626,0.7200054316845627,0.9186755193166783,1.849200571454919,0.07492096432993667,0.0024323086254298687,0.00012358724779915065,True,0.7300329804420471,0.7301350831985474,0.0,5,0.7101242528238983,0.7170823279829438,0.0069580751590454515,True,early_stopped_cleanly
synthetic_regime,43,regression,ablation,TST-v2-GateFourier,TST-v2-GateFourier,1024,20,ok,,10,0.41561671495437624,0.6456681368395378,0.7170063097422115,0.4011252185450444,0.5443481596162716,0.07133817290267364,-0.01729113794863224,0.00012895939289592206,True,0.7300117611885071,0.7301387786865234,0.0,5,0.7101242528238983,0.7170823279829438,0.0069580751590454515,True,early_stopped_cleanly
synthetic_regime,43,regression,ablation,TST-v2-GateFourier,TST-v2-GateFourier,1024,20,ok,,11,0.4116744577884674,0.6450048613919538,0.7215194421000513,0.6982503782559243,1.045761354787603,0.07651458070809747,0.011341633275151253,0.00013985041005071253,True,0.7299956679344177,0.7301251292228699,0.0,5,0.7101242528238983,0.7170823279829438,0.0069580751590454515,True,early_stopped_cleanly
synthetic_regime,43,regression,ablation,TST-v2-GateFourier,TST-v2-GateFourier,1024,20,ok,,12,0.4212359726428986,0.6452421718079691,0.7249691216700409,0.3910394398812529,1.0771615669589403,0.07972694986207185,0.029594918712973595,0.00015196437016129494,True,0.7299816608428955,0.7301065921783447,0.0,5,0.7101242528238983,0.7170823279829438,0.0069580751590454515,True,early_stopped_cleanly
synthetic_regime,43,regression,ablation,TST-v2-GateFourier,TST-v2-GateFourier,1024,20,ok,,13,0.4138625204563141,0.6450494243847826,0.7232250140502806,0.3520896599234261,0.853033585372087,0.07817558966549798,0.020731152966618538,0.00016765155305620283,True,0.7299689650535583,0.7300872802734375,0.0,5,0.7101242528238983,0.7170823279829438,0.0069580751590454515,True,early_stopped_cleanly
synthetic_regime,43,regression,ablation,TST-v2-GateFourier,TST-v2-GateFourier,1024,20,ok,,14,0.4177084982395172,0.6449760520540558,0.7216042361738829,0.8283541323403671,1.548000050014906,0.07662818411982708,0.011981666088104248,0.00018570847169030458,True,0.7299576997756958,0.7300680875778198,0.0,5,0.7101242528238983,0.7170823279829438,0.0069580751590454515,True,early_stopped_cleanly
synthetic_regime,43,regression,ablation,TST-v2-GateFourier,TST-v2-GateFourier,1024,20,ok,,15,0.41138232946395875,0.6455736689366344,0.7170823279829438,0.5117154476731581,0.9400387084435591,0.07150865904630943,-0.016361236572265625,0.00021325782290659845,True,0.729948103427887,0.730048418045044,0.0,5,0.7101242528238983,0.7170823279829438,0.0069580751590454515,True,early_stopped_cleanly
synthetic_regime,43,regression,ablation,TST-v3-MoE,TST-v3-MoE,1024,20,ok,,1,0.6123508870601654,0.6983893819529443,0.8132267782564606,5.115216481557276,11.583134272262052,0.1148373963035163,0.27958032488822937,0.0007120379596017301,True,0.7309781908988953,0.730984628200531,0.0,2,0.7101493071331062,0.7172257390351786,0.007076431902072411,True,early_stopped_cleanly
synthetic_regime,43,regression,ablation,TST-v3-MoE,TST-v3-MoE,1024,20,ok,,2,0.45066332817077637,0.6565485229892747,0.7101493071331062,2.065577883329039,2.8893840166850637,0.053600784143831515,-0.11105043441057205,0.0004016522434540093,True,0.7308221459388733,0.7307838201522827,0.0,2,0.7101493071331062,0.7172257390351786,0.007076431902072411,True,early_stopped_cleanly
synthetic_regime,43,regression,ablation,TST-v3-MoE,TST-v3-MoE,1024,20,ok,,3,0.4221620559692383,0.6579788912732385,0.7556946252088333,0.7052330228794356,1.7087127708003067,0.09771573393559485,0.14211705327033997,0.0002885801368393004,True,0.7306843400001526,0.7306101322174072,0.0,2,0.7101493071331062,0.7172257390351786,0.007076431902072411,True,early_stopped_cleanly
synthetic_regime,43,regression,ablation,TST-v3-MoE,TST-v3-MoE,1024,20,ok,,4,0.4256741225719452,0.6456501121474814,0.7168913734781164,0.927207415864439,1.8553311333428097,0.07124126133063502,-0.01789570227265358,0.00021658241166733205,True,0.7306175827980042,0.7305260896682739,0.0,2,0.7101493071331062,0.7172257390351786,0.007076431902072411,True,early_stopped_cleanly
synthetic_regime,43,regression,ablation,TST-v3-MoE,TST-v3-MoE,1024,20,ok,,5,0.41625985503196716,0.6468118489349064,0.71452311845061,0.4298765995107784,0.720398836125436,0.06771126951570361,-0.03695137798786163,0.00019824251648969948,True,0.7305705547332764,0.7304584383964539,0.0,2,0.7101493071331062,0.7172257390351786,0.007076431902072411,True,early_stopped_cleanly
synthetic_regime,43,regression,ablation,TST-v3-MoE,TST-v3-MoE,1024,20,ok,,6,0.4130087196826935,0.6452491461294821,0.7252590012779099,0.19658390914711893,0.48881861890720874,0.08000985514842773,0.031153520569205284,0.00021699504577554762,True,0.7305331230163574,0.7303973436355591,0.0,2,0.7101493071331062,0.7172257390351786,0.007076431902072411,True,early_stopped_cleanly
synthetic_regime,43,regression,ablation,TST-v3-MoE,TST-v3-MoE,1024,20,ok,,7,0.4177505373954773,0.6453774417222932,0.7261297926834077,0.276961206022572,0.5868336986641445,0.08075235096111455,0.035441286861896515,0.0002407752035651356,True,0.7305107116699219,0.7303481698036194,0.0,2,0.7101493071331062,0.7172257390351786,0.007076431902072411,True,early_stopped_cleanly
synthetic_regime,43,regression,ablation,TST-v3-MoE,TST-v3-MoE,1024,20,ok,,8,0.41719990968704224,0.6449340948544898,0.7219791436313473,0.6759430969191826,1.9864077141687047,0.07704504877685747,0.014256352558732033,0.0002645945642143488,True,0.7304992079734802,0.7303071022033691,0.0,2,0.7101493071331062,0.7172257390351786,0.007076431902072411,True,early_stopped_cleanly
synthetic_regime,43,regression,ablation,TST-v3-MoE,TST-v3-MoE,1024,20,ok,,9,0.41817734241485593,0.6458944989024626,0.7160344863796485,0.3654297406641217,0.5963045964907623,0.07013998747718586,-0.023878352716565132,0.0002977617841679603,True,0.7305008769035339,0.730263352394104,0.0,2,0.7101493071331062,0.7172257390351786,0.007076431902072411,True,early_stopped_cleanly
synthetic_regime,43,regression,ablation,TST-v3-MoE,TST-v3-MoE,1024,20,ok,,10,0.418003123998642,0.6448563189491308,0.7215793730892938,0.45168495567792577,0.7261241010961534,0.076723054140163,0.012421099469065666,0.00038932141615077853,True,0.7305086255073547,0.7302087545394897,0.0,2,0.7101493071331062,0.7172257390351786,0.007076431902072411,True,early_stopped_cleanly
synthetic_regime,43,regression,ablation,TST-v3-MoE,TST-v3-MoE,1024,20,ok,,11,0.41771828532218935,0.6453629185374924,0.7266811561087746,0.8077586342359687,1.6792253697202641,0.0813182375712822,0.038686785846948624,0.000484268122818321,True,0.7305315136909485,0.7301583290100098,0.0,2,0.7101493071331062,0.7172257390351786,0.007076431902072411,True,early_stopped_cleanly
synthetic_regime,43,regression,ablation,TST-v3-MoE,TST-v3-MoE,1024,20,ok,,12,0.41524049639701843,0.6452693065753788,0.7172257390351786,0.40576501093260786,0.7484242395703555,0.07195643245979977,-0.01405181735754013,0.0005620724987238646,True,0.7305763363838196,0.7301216125488281,0.0,2,0.7101493071331062,0.7172257390351786,0.007076431902072411,True,early_stopped_cleanly
synthetic_sparse_high_order,43,classification,ablation,TST-v0,TST-v0,1024,50,ok,,1,0.289661405980587,0.9755700325732899,0.975609756097561,15.22001286224337,75.7840481209183,-3.9723524271062516e-05,0.026669008657336235,0.00017272410332225263,False,,,,1,0.975609756097561,0.975609756097561,0.0,True,early_stopped_cleanly
synthetic_sparse_high_order,43,classification,ablation,TST-v0,TST-v0,1024,50,ok,,2,0.1144681453704834,0.9755700325732899,0.975609756097561,0.11024983192088327,0.19609196085273164,-3.9723524271062516e-05,0.024273399263620377,8.196727139875293e-05,False,,,,1,0.975609756097561,0.975609756097561,0.0,True,early_stopped_cleanly
synthetic_sparse_high_order,43,classification,ablation,TST-v0,TST-v0,1024,50,ok,,3,0.11408548504114151,0.9755700325732899,0.975609756097561,0.04881913910825355,0.07496818277847664,-3.9723524271062516e-05,0.02379664033651352,5.90822019148618e-05,False,,,,1,0.975609756097561,0.975609756097561,0.0,True,early_stopped_cleanly
synthetic_sparse_high_order,43,classification,ablation,TST-v0,TST-v0,1024,50,ok,,4,0.11417405121028423,0.9755700325732899,0.975609756097561,0.1037922751937197,0.2674853026090512,-3.9723524271062516e-05,0.023413866758346558,4.897934559267014e-05,False,,,,1,0.975609756097561,0.975609756097561,0.0,True,early_stopped_cleanly
synthetic_sparse_high_order,43,classification,ablation,TST-v0,TST-v0,1024,50,ok,,5,0.1142774511128664,0.9755700325732899,0.975609756097561,0.12796960984407954,0.20248504371205867,-3.9723524271062516e-05,0.02364070527255535,4.482720760279335e-05,False,,,,1,0.975609756097561,0.975609756097561,0.0,True,early_stopped_cleanly
synthetic_sparse_high_order,43,classification,ablation,TST-v0,TST-v0,1024,50,ok,,6,0.11414190232753754,0.9755700325732899,0.975609756097561,0.07525087382907128,0.19928248162209267,-3.9723524271062516e-05,0.023477675393223763,4.189899118500762e-05,False,,,,1,0.975609756097561,0.975609756097561,0.0,True,early_stopped_cleanly
synthetic_sparse_high_order,43,classification,ablation,TST-v0,TST-v0,1024,50,ok,,7,0.1156105451285839,0.9755700325732899,0.975609756097561,0.0640649894431894,0.137199821005962,-3.9723524271062516e-05,0.023846670985221863,4.111823727726005e-05,False,,,,1,0.975609756097561,0.975609756097561,0.0,True,early_stopped_cleanly
synthetic_sparse_high_order,43,classification,ablation,TST-v0,TST-v0,1024,50,ok,,8,0.11400129199028015,0.9755700325732899,0.975609756097561,0.10130135753204003,0.19620749841509572,-3.9723524271062516e-05,0.024038180708885193,4.062898733536713e-05,False,,,,1,0.975609756097561,0.975609756097561,0.0,True,early_stopped_cleanly
synthetic_sparse_high_order,43,classification,ablation,TST-v0,TST-v0,1024,50,ok,,9,0.11558912247419358,0.9755700325732899,0.975609756097561,0.08889060783005956,0.1410354848996544,-3.9723524271062516e-05,0.024335278198122978,4.069296846864745e-05,False,,,,1,0.975609756097561,0.975609756097561,0.0,True,early_stopped_cleanly
synthetic_sparse_high_order,43,classification,ablation,TST-v0,TST-v0,1024,50,ok,,10,0.11707775741815567,0.9755700325732899,0.975609756097561,0.06908093512169247,0.12708007980694214,-3.9723524271062516e-05,0.024301864206790924,4.047868787893094e-05,False,,,,1,0.975609756097561,0.975609756097561,0.0,True,early_stopped_cleanly
synthetic_sparse_high_order,43,classification,ablation,TST-v0,TST-v0,1024,50,ok,,11,0.11865643858909607,0.9755700325732899,0.975609756097561,0.09875634483957793,0.2119431123901543,-3.9723524271062516e-05,0.024161316454410553,4.011083728983067e-05,False,,,,1,0.975609756097561,0.975609756097561,0.0,True,early_stopped_cleanly
synthetic_sparse_high_order,43,classification,ablation,TST-v1-Gate,TST-v1-Gate,1024,50,ok,,1,0.28969838172197343,0.9755700325732899,0.975609756097561,20.12054000713443,100.2630969650108,-3.9723524271062516e-05,0.026636367663741112,0.00016588416474405676,True,0.7309775352478027,0.7304692268371582,0.0,1,0.975609756097561,0.975609756097561,0.0,True,early_stopped_cleanly
synthetic_sparse_high_order,43,classification,ablation,TST-v1-Gate,TST-v1-Gate,1024,50,ok,,2,0.11453600078821183,0.9755700325732899,0.975609756097561,0.11219355967758635,0.19836163526139122,-3.9723524271062516e-05,0.024268347769975662,7.812636613380164e-05,True,0.7309364080429077,0.7302236557006836,0.0,1,0.975609756097561,0.975609756097561,0.0,True,early_stopped_cleanly
synthetic_sparse_high_order,43,classification,ablation,TST-v1-Gate,TST-v1-Gate,1024,50,ok,,3,0.11416127681732177,0.9755700325732899,0.975609756097561,0.04916517854895647,0.07548065050299678,-3.9723524271062516e-05,0.023804273456335068,5.60631524422206e-05,True,0.7309085726737976,0.7300784587860107,0.0,1,0.975609756097561,0.975609756097561,0.0,True,early_stopped_cleanly
synthetic_sparse_high_order,43,classification,ablation,TST-v1-Gate,TST-v1-Gate,1024,50,ok,,4,0.1142477285116911,0.9755700325732899,0.975609756097561,0.10419854224339449,0.2683152965457482,-3.9723524271062516e-05,0.023425431922078133,4.634118522517383e-05,True,0.7308870553970337,0.7299860715866089,0.0,1,0.975609756097561,0.975609756097561,0.0,True,early_stopped_cleanly
synthetic_sparse_high_order,43,classification,ablation,TST-v1-Gate,TST-v1-Gate,1024,50,ok,,5,0.11435031406581402,0.9755700325732899,0.975609756097561,0.1283705584340919,0.20316950835253192,-3.9723524271062516e-05,0.02365339733660221,4.234085645293817e-05,True,0.730869472026825,0.7299238443374634,0.0,1,0.975609756097561,0.975609756097561,0.0,True,early_stopped_cleanly
synthetic_sparse_high_order,43,classification,ablation,TST-v1-Gate,TST-v1-Gate,1024,50,ok,,6,0.11421726047992706,0.9755700325732899,0.975609756097561,0.07547458087233369,0.19964853604549865,-3.9723524271062516e-05,0.023487702012062073,3.952442420995794e-05,True,0.7308539748191833,0.7298800349235535,0.0,1,0.975609756097561,0.975609756097561,0.0,True,early_stopped_cleanly
synthetic_sparse_high_order,43,classification,ablation,TST-v1-Gate,TST-v1-Gate,1024,50,ok,,7,0.11568491607904434,0.9755700325732899,0.975609756097561,0.0641834033406439,0.13758766691514268,-3.9723524271062516e-05,0.023854214698076248,3.874461617670022e-05,True,0.7308399081230164,0.7298476696014404,0.0,1,0.975609756097561,0.975609756097561,0.0,True,early_stopped_cleanly
synthetic_sparse_high_order,43,classification,ablation,TST-v1-Gate,TST-v1-Gate,1024,50,ok,,8,0.1140772469341755,0.9755700325732899,0.975609756097561,0.10152985913568688,0.1965604480442178,-3.9723524271062516e-05,0.02404237911105156,3.8242185837589204e-05,True,0.7308264970779419,0.7298241257667542,0.0,1,0.975609756097561,0.975609756097561,0.0,True,early_stopped_cleanly
synthetic_sparse_high_order,43,classification,ablation,TST-v1-Gate,TST-v1-Gate,1024,50,ok,,9,0.11566353216767311,0.9755700325732899,0.975609756097561,0.08906495476245578,0.14135904347915468,-3.9723524271062516e-05,0.024336647242307663,3.826889951596968e-05,True,0.7308134436607361,0.729805588722229,0.0,1,0.975609756097561,0.975609756097561,0.0,True,early_stopped_cleanly
synthetic_sparse_high_order,43,classification,ablation,TST-v1-Gate,TST-v1-Gate,1024,50,ok,,10,0.11715398728847504,0.9755700325732899,0.975609756097561,0.06922742643521086,0.12735430482023807,-3.9723524271062516e-05,0.02430058643221855,3.803380241151899e-05,True,0.7308003902435303,0.7297883629798889,0.0,1,0.975609756097561,0.975609756097561,0.0,True,early_stopped_cleanly
synthetic_sparse_high_order,43,classification,ablation,TST-v1-Gate,TST-v1-Gate,1024,50,ok,,11,0.11873234584927558,0.9755700325732899,0.975609756097561,0.09895246147097839,0.21237515067010818,-3.9723524271062516e-05,0.024158095940947533,3.765393194044009e-05,True,0.7307873368263245,0.729772686958313,0.0,1,0.975609756097561,0.975609756097561,0.0,True,early_stopped_cleanly
synthetic_sparse_high_order,43,classification,ablation,TST-v2-GateFourier,TST-v2-GateFourier,1024,50,ok,,1,0.15887455493211747,0.9755700325732899,0.975609756097561,1.6127606974645101,7.4024623849119555,-3.9723524271062516e-05,0.026592295616865158,6.82363606756553e-05,True,0.7310433983802795,0.7309342622756958,0.0,1,0.975609756097561,0.975609756097561,0.0,True,early_stopped_cleanly
synthetic_sparse_high_order,43,classification,ablation,TST-v2-GateFourier,TST-v2-GateFourier,1024,50,ok,,2,0.11757062077522278,0.9755700325732899,0.975609756097561,0.13731712875679397,0.37357682525209496,-3.9723524271062516e-05,0.024948725476861,2.61439781752415e-05,True,0.7309982776641846,0.7306622266769409,0.0,1,0.975609756097561,0.975609756097561,0.0,True,early_stopped_cleanly
synthetic_sparse_high_order,43,classification,ablation,TST-v2-GateFourier,TST-v2-GateFourier,1024,50,ok,,3,0.11612348258495331,0.9755700325732899,0.975609756097561,0.08616715408226236,0.16128813563947308,-3.9723524271062516e-05,0.02242472767829895,1.5459159840247594e-05,True,0.730949878692627,0.7304487824440002,0.0,1,0.975609756097561,0.975609756097561,0.0,True,early_stopped_cleanly
synthetic_sparse_high_order,43,classification,ablation,TST-v2-GateFourier,TST-v2-GateFourier,1024,50,ok,,4,0.11345598250627517,0.9755700325732899,0.975609756097561,0.10145052350356878,0.17300892041617064,-3.9723524271062516e-05,0.028010394424200058,2.0779089027200826e-05,True,0.7309094071388245,0.7302701473236084,0.0,1,0.975609756097561,0.975609756097561,0.0,True,early_stopped_cleanly
synthetic_sparse_high_order,43,classification,ablation,TST-v2-GateFourier,TST-v2-GateFourier,1024,50,ok,,5,0.11676489785313607,0.9755700325732899,0.975609756097561,0.11520504749577172,0.18511705691940125,-3.9723524271062516e-05,0.022210530936717987,1.3222350389696658e-05,True,0.7308599948883057,0.7302231788635254,0.0,1,0.975609756097561,0.975609756097561,0.0,True,early_stopped_cleanly
synthetic_sparse_high_order,43,classification,ablation,TST-v2-GateFourier,TST-v2-GateFourier,1024,50,ok,,6,0.11764617264270782,0.9755700325732899,0.975609756097561,0.08505813075971765,0.16280639754295065,-3.9723524271062516e-05,0.02247186005115509,1.3864349057257641e-05,True,0.7308171987533569,0.7302402257919312,0.0,1,0.975609756097561,0.975609756097561,0.0,True,early_stopped_cleanly
synthetic_sparse_high_order,43,classification,ablation,TST-v2-GateFourier,TST-v2-GateFourier,1024,50,ok,,7,0.1135389432311058,0.9755700325732899,0.975609756097561,0.12732832481809314,0.19921877788403475,-3.9723524271062516e-05,0.029301490634679794,2.258189852000214e-05,True,0.7307813763618469,0.730291485786438,0.0,1,0.975609756097561,0.975609756097561,0.0,True,early_stopped_cleanly
synthetic_sparse_high_order,43,classification,ablation,TST-v2-GateFourier,TST-v2-GateFourier,1024,50,ok,,8,0.11390122920274734,0.9755700325732899,0.975609756097561,0.15848734327901992,0.21437535139288466,-3.9723524271062516e-05,0.028417522087693214,2.379790021223016e-05,True,0.7307441234588623,0.7303571105003357,0.0,1,0.975609756097561,0.975609756097561,0.0,True,early_stopped_cleanly
synthetic_sparse_high_order,43,classification,ablation,TST-v2-GateFourier,TST-v2-GateFourier,1024,50,ok,,9,0.11535673588514328,0.9755700325732899,0.975609756097561,0.11120724107313851,0.25214205444977256,-3.9723524271062516e-05,0.020392831414937973,1.4797273252042942e-05,True,0.7306978106498718,0.7304080128669739,0.0,1,0.975609756097561,0.975609756097561,0.0,True,early_stopped_cleanly
synthetic_sparse_high_order,43,classification,ablation,TST-v2-GateFourier,TST-v2-GateFourier,1024,50,ok,,10,0.11633124202489853,0.9755700325732899,0.975609756097561,0.06165309368548679,0.1065074457444106,-3.9723524271062516e-05,0.01987183280289173,1.531237103336025e-05,True,0.7306594252586365,0.7303500175476074,0.0,1,0.975609756097561,0.975609756097561,0.0,True,early_stopped_cleanly
synthetic_sparse_high_order,43,classification,ablation,TST-v2-GateFourier,TST-v2-GateFourier,1024,50,ok,,11,0.12075693383812905,0.9755700325732899,0.975609756097561,0.1383003122502328,0.33986049881650404,-3.9723524271062516e-05,0.021508220583200455,1.9372371752979234e-05,True,0.7306234240531921,0.7302805185317993,0.0,1,0.975609756097561,0.975609756097561,0.0,True,early_stopped_cleanly
synthetic_sparse_high_order,43,classification,ablation,TST-v3-MoE,TST-v3-MoE,1024,50,ok,,1,0.20732849091291428,0.9755700325732899,0.975609756097561,2.2046079252025623,8.296193360740524,-3.9723524271062516e-05,0.04420389235019684,3.3622171031311154e-05,True,0.7309301495552063,0.7305073738098145,0.0,1,0.975609756097561,0.975609756097561,0.0,True,early_stopped_cleanly
synthetic_sparse_high_order,43,classification,ablation,TST-v3-MoE,TST-v3-MoE,1024,50,ok,,2,0.12089396715164184,0.9755700325732899,0.975609756097561,0.12162872147013166,0.2611081009246023,-3.9723524271062516e-05,0.031638022512197495,2.5756764898687834e-06,True,0.7308290004730225,0.7302654981613159,0.0,1,0.975609756097561,0.975609756097561,0.0,True,early_stopped_cleanly
synthetic_sparse_high_order,43,classification,ablation,TST-v3-MoE,TST-v3-MoE,1024,50,ok,,3,0.11682107970118523,0.9755700325732899,0.975609756097561,0.05029796001141461,0.20524043923350369,-3.9723524271062516e-05,0.026114432141184807,1.3458304692903766e-06,True,0.7307463884353638,0.7301125526428223,0.0,1,0.975609756097561,0.975609756097561,0.0,True,early_stopped_cleanly
synthetic_sparse_high_order,43,classification,ablation,TST-v3-MoE,TST-v3-MoE,1024,50,ok,,4,0.1252595502883196,0.9755700325732899,0.975609756097561,0.15555412800637097,0.37393011002943116,-3.9723524271062516e-05,0.023071829229593277,1.5692193073846283e-06,True,0.7306708693504333,0.7300032377243042,0.0,1,0.975609756097561,0.975609756097561,0.0,True,early_stopped_cleanly
synthetic_sparse_high_order,43,classification,ablation,TST-v3-MoE,TST-v3-MoE,1024,50,ok,,5,0.11857855916023255,0.9755700325732899,0.975609756097561,0.07337346814921009,0.1452588101079314,-3.9723524271062516e-05,0.022199789062142372,2.196969944634475e-06,True,0.7305976748466492,0.7299181222915649,0.0,1,0.975609756097561,0.975609756097561,0.0,True,early_stopped_cleanly
synthetic_sparse_high_order,43,classification,ablation,TST-v3-MoE,TST-v3-MoE,1024,50,ok,,6,0.1113692071288824,0.9755700325732899,0.975609756097561,0.08154405306673632,0.16375438196269626,-3.9723524271062516e-05,0.02245108224451542,3.1761151149112266e-06,True,0.7305250763893127,0.7298480272293091,0.0,1,0.975609756097561,0.975609756097561,0.0,True,early_stopped_cleanly
synthetic_sparse_high_order,43,classification,ablation,TST-v3-MoE,TST-v3-MoE,1024,50,ok,,7,0.11579539179801941,0.9755700325732899,0.975609756097561,0.05046127530946334,0.11208031419891536,-3.9723524271062516e-05,0.021785438060760498,2.5780589112400776e-06,True,0.730450451374054,0.7297849655151367,0.0,1,0.975609756097561,0.975609756097561,0.0,True,early_stopped_cleanly
synthetic_sparse_high_order,43,classification,ablation,TST-v3-MoE,TST-v3-MoE,1024,50,ok,,8,0.11423241198062897,0.9755700325732899,0.975609756097561,0.051429466407117944,0.10626251811143236,-3.9723524271062516e-05,0.021099522709846497,1.9167562186339637e-06,True,0.7303731441497803,0.7297265529632568,0.0,1,0.975609756097561,0.975609756097561,0.0,True,early_stopped_cleanly
synthetic_sparse_high_order,43,classification,ablation,TST-v3-MoE,TST-v3-MoE,1024,50,ok,,9,0.11122170388698578,0.9755700325732899,0.975609756097561,0.10221395834946616,0.23727018745389236,-3.9723524271062516e-05,0.021272026002407074,2.0108780063310405e-06,True,0.730294406414032,0.7296727895736694,0.0,1,0.975609756097561,0.975609756097561,0.0,True,early_stopped_cleanly
synthetic_sparse_high_order,43,classification,ablation,TST-v3-MoE,TST-v3-MoE,1024,50,ok,,10,0.1144583523273468,0.9755700325732899,0.975609756097561,0.017565220733027336,0.04656139828059577,-3.9723524271062516e-05,0.02037489414215088,1.2534835605038097e-06,True,0.7302121520042419,0.7296299934387207,0.0,1,0.975609756097561,0.975609756097561,0.0,True,early_stopped_cleanly
synthetic_sparse_high_order,43,classification,ablation,TST-v3-MoE,TST-v3-MoE,1024,50,ok,,11,0.11287384480237961,0.9755700325732899,0.975609756097561,0.07475269290364184,0.14457677438287203,-3.9723524271062516e-05,0.020080214366316795,9.641363476475817e-07,True,0.7301270961761475,0.7295886874198914,0.0,1,0.975609756097561,0.975609756097561,0.0,True,early_stopped_cleanly
synthetic_axis_aligned,44,classification,ablation,TST-v0,TST-v0,1024,20,ok,,1,0.5578454971313477,0.8925081433224755,0.8926829268292683,13.282104096774152,61.19867015441731,-0.0001747835067927861,0.022720377892255783,0.000507108517922461,False,,,,1,0.8926829268292683,0.8926829268292683,0.0,True,early_stopped_cleanly
synthetic_axis_aligned,44,classification,ablation,TST-v0,TST-v0,1024,20,ok,,2,0.39863303303718567,0.8925081433224755,0.8926829268292683,0.7665481769581852,1.0642152998387442,-0.0001747835067927861,0.05938740074634552,0.000755980727262795,False,,,,1,0.8926829268292683,0.8926829268292683,0.0,True,early_stopped_cleanly
synthetic_axis_aligned,44,classification,ablation,TST-v0,TST-v0,1024,20,ok,,3,0.3493532955646515,0.8925081433224755,0.8926829268292683,0.28735770071222333,0.6097719002234225,-0.0001747835067927861,0.12180697172880173,0.0010012750281021,False,,,,1,0.8926829268292683,0.8926829268292683,0.0,True,early_stopped_cleanly
synthetic_axis_aligned,44,classification,ablation,TST-v0,TST-v0,1024,20,ok,,4,0.33977930545806884,0.8925081433224755,0.8926829268292683,0.37089673304472254,1.018097500783349,-0.0001747835067927861,0.15871678292751312,0.001019665040075779,False,,,,1,0.8926829268292683,0.8926829268292683,0.0,True,early_stopped_cleanly
synthetic_axis_aligned,44,classification,ablation,TST-v0,TST-v0,1024,20,ok,,5,0.3479190945625305,0.8925081433224755,0.8926829268292683,0.4490500588538756,0.6518055019765442,-0.0001747835067927861,0.14292608201503754,0.000870607967954129,False,,,,1,0.8926829268292683,0.8926829268292683,0.0,True,early_stopped_cleanly
synthetic_axis_aligned,44,classification,ablation,TST-v0,TST-v0,1024,20,ok,,6,0.3415687680244446,0.8925081433224755,0.8926829268292683,0.20303884155246385,0.41502851919946987,-0.0001747835067927861,0.11745883524417877,0.0007287415792234242,False,,,,1,0.8926829268292683,0.8926829268292683,0.0,True,early_stopped_cleanly
synthetic_axis_aligned,44,classification,ablation,TST-v0,TST-v0,1024,20,ok,,7,0.3374712705612183,0.8925081433224755,0.8926829268292683,0.1542952705116723,0.23599031427973338,-0.0001747835067927861,0.10061895847320557,0.0006503400509245694,False,,,,1,0.8926829268292683,0.8926829268292683,0.0,True,early_stopped_cleanly
synthetic_axis_aligned,44,classification,ablation,TST-v0,TST-v0,1024,20,ok,,8,0.34743072390556334,0.8925081433224755,0.8926829268292683,0.25680525831554746,0.5903436507961187,-0.0001747835067927861,0.09173604100942612,0.0006256709457375109,False,,,,1,0.8926829268292683,0.8926829268292683,0.0,True,early_stopped_cleanly
synthetic_axis_aligned,44,classification,ablation,TST-v0,TST-v0,1024,20,ok,,9,0.3432453989982605,0.8925081433224755,0.8926829268292683,0.27499764625840445,0.4927837949825897,-0.0001747835067927861,0.09918966889381409,0.0007184169953688979,False,,,,1,0.8926829268292683,0.8926829268292683,0.0,True,early_stopped_cleanly
synthetic_axis_aligned,44,classification,ablation,TST-v0,TST-v0,1024,20,ok,,10,0.3421243906021118,0.8925081433224755,0.8926829268292683,0.17272120871093957,0.44668306523295614,-0.0001747835067927861,0.10948427021503448,0.0008507667225785553,False,,,,1,0.8926829268292683,0.8926829268292683,0.0,True,early_stopped_cleanly
synthetic_axis_aligned,44,classification,ablation,TST-v0,TST-v0,1024,20,ok,,11,0.339063024520874,0.8925081433224755,0.8926829268292683,0.25336904733256305,0.43008075319586414,-0.0001747835067927861,0.1191733181476593,0.0010089327115565538,False,,,,1,0.8926829268292683,0.8926829268292683,0.0,True,early_stopped_cleanly
synthetic_axis_aligned,44,classification,ablation,TST-v1-Gate,TST-v1-Gate,1024,20,ok,,1,0.55771604180336,0.8925081433224755,0.8926829268292683,17.152892262761398,79.75474998612367,-0.0001747835067927861,0.02294023707509041,0.0004903743392787874,True,0.7309728264808655,0.7304859757423401,0.0,1,0.8926829268292683,0.8926829268292683,0.0,True,early_stopped_cleanly
synthetic_axis_aligned,44,classification,ablation,TST-v1-Gate,TST-v1-Gate,1024,20,ok,,2,0.39787132740020753,0.8925081433224755,0.8926829268292683,0.7962366639815486,1.0883365040711426,-0.0001747835067927861,0.06015551835298538,0.0007236587116494775,True,0.7309087514877319,0.7302634716033936,0.0,1,0.8926829268292683,0.8926829268292683,0.0,True,early_stopped_cleanly
synthetic_axis_aligned,44,classification,ablation,TST-v1-Gate,TST-v1-Gate,1024,20,ok,,3,0.3491108536720276,0.8925081433224755,0.8926829268292683,0.28783191454787566,0.614638657433078,-0.0001747835067927861,0.12294711917638779,0.0009513293043710291,True,0.7308574318885803,0.7301387786865234,0.0,1,0.8926829268292683,0.8926829268292683,0.0,True,early_stopped_cleanly
synthetic_axis_aligned,44,classification,ablation,TST-v1-Gate,TST-v1-Gate,1024,20,ok,,4,0.3400841236114502,0.8925081433224755,0.8926829268292683,0.37626108000726183,1.03104838553554,-0.0001747835067927861,0.15901856124401093,0.0009563675848767161,True,0.7308275103569031,0.7300808429718018,0.0,1,0.8926829268292683,0.8926829268292683,0.0,True,early_stopped_cleanly
synthetic_axis_aligned,44,classification,ablation,TST-v1-Gate,TST-v1-Gate,1024,20,ok,,5,0.34800578355789186,0.8925081433224755,0.8926829268292683,0.4520710122815893,0.6546922047049298,-0.0001747835067927861,0.14227858185768127,0.0008049194584600627,True,0.7308186292648315,0.7300795316696167,0.0,1,0.8926829268292683,0.8926829268292683,0.0,True,early_stopped_cleanly
synthetic_axis_aligned,44,classification,ablation,TST-v1-Gate,TST-v1-Gate,1024,20,ok,,6,0.34154410362243653,0.8925081433224755,0.8926829268292683,0.197478622724741,0.4101505740181081,-0.0001747835067927861,0.11672069877386093,0.0006663691601715982,True,0.7308172583580017,0.7301139831542969,0.0,1,0.8926829268292683,0.8926829268292683,0.0,True,early_stopped_cleanly
synthetic_axis_aligned,44,classification,ablation,TST-v1-Gate,TST-v1-Gate,1024,20,ok,,7,0.33763718605041504,0.8925081433224755,0.8926829268292683,0.15468433485775523,0.23242757178867246,-0.0001747835067927861,0.10024333745241165,0.000591201416682452,True,0.7308173775672913,0.7301676273345947,0.0,1,0.8926829268292683,0.8926829268292683,0.0,True,early_stopped_cleanly
synthetic_axis_aligned,44,classification,ablation,TST-v1-Gate,TST-v1-Gate,1024,20,ok,,8,0.34763534665107726,0.8925081433224755,0.8926829268292683,0.257880695879356,0.5932878237916328,-0.0001747835067927861,0.09174291044473648,0.0005670894170179963,True,0.730817437171936,0.7302370667457581,0.0,1,0.8926829268292683,0.8926829268292683,0.0,True,early_stopped_cleanly
synthetic_axis_aligned,44,classification,ablation,TST-v1-Gate,TST-v1-Gate,1024,20,ok,,9,0.34339429140090943,0.8925081433224755,0.8926829268292683,0.27564904816468727,0.49356836499292295,-0.0001747835067927861,0.09951116144657135,0.0006507387151941657,True,0.7308157682418823,0.7303258180618286,0.0,1,0.8926829268292683,0.8926829268292683,0.0,True,early_stopped_cleanly
synthetic_axis_aligned,44,classification,ablation,TST-v1-Gate,TST-v1-Gate,1024,20,ok,,10,0.34229802489280703,0.8925081433224755,0.8926829268292683,0.17383100128093373,0.4454970302327366,-0.0001747835067927861,0.10989130288362503,0.0007683536387048662,True,0.7308152318000793,0.7304373979568481,0.0,1,0.8926829268292683,0.8926829268292683,0.0,True,early_stopped_cleanly
synthetic_axis_aligned,44,classification,ablation,TST-v1-Gate,TST-v1-Gate,1024,20,ok,,11,0.33928139209747316,0.8925081433224755,0.8926829268292683,0.2547825198631737,0.42855644444886487,-0.0001747835067927861,0.11941123008728027,0.000906491419300437,True,0.7308176755905151,0.7305744886398315,0.0,1,0.8926829268292683,0.8926829268292683,0.0,True,early_stopped_cleanly
synthetic_axis_aligned,44,classification,ablation,TST-v2-GateFourier,TST-v2-GateFourier,1024,20,ok,,1,0.4864905416965485,0.8925081433224755,0.8926829268292683,3.3380051703617335,14.555055775886071,-0.0001747835067927861,0.1119895726442337,0.00012348317250143737,True,0.7310749888420105,0.7315232753753662,0.0,1,0.8926829268292683,0.8926829268292683,0.0,True,early_stopped_cleanly
synthetic_axis_aligned,44,classification,ablation,TST-v2-GateFourier,TST-v2-GateFourier,1024,20,ok,,2,0.34414854645729065,0.8925081433224755,0.8926829268292683,0.3263618308441646,0.4501573754965043,-0.0001747835067927861,0.1180332750082016,6.458249117713422e-05,True,0.7310325503349304,0.7315982580184937,0.0,1,0.8926829268292683,0.8926829268292683,0.0,True,early_stopped_cleanly
synthetic_axis_aligned,44,classification,ablation,TST-v2-GateFourier,TST-v2-GateFourier,1024,20,ok,,3,0.3457310140132904,0.8925081433224755,0.8926829268292683,0.28149425653165633,0.44265970209922234,-0.0001747835067927861,0.08849035203456879,2.9861517759854905e-05,True,0.7309557199478149,0.7315107583999634,0.0,1,0.8926829268292683,0.8926829268292683,0.0,True,early_stopped_cleanly
synthetic_axis_aligned,44,classification,ablation,TST-v2-GateFourier,TST-v2-GateFourier,1024,20,ok,,4,0.3466250360012054,0.8925081433224755,0.8926829268292683,0.22691273258114167,0.4970285808789972,-0.0001747835067927861,0.09612596035003662,3.4853183024097234e-05,True,0.7308782339096069,0.7313482761383057,0.0,1,0.8926829268292683,0.8926829268292683,0.0,True,early_stopped_cleanly
synthetic_axis_aligned,44,classification,ablation,TST-v2-GateFourier,TST-v2-GateFourier,1024,20,ok,,5,0.34367974996566775,0.8925081433224755,0.8926829268292683,0.08272564016369248,0.24699371656331492,-0.0001747835067927861,0.11525794863700867,5.34462378709577e-05,True,0.7307974100112915,0.7311116456985474,0.0,1,0.8926829268292683,0.8926829268292683,0.0,True,early_stopped_cleanly
synthetic_axis_aligned,44,classification,ablation,TST-v2-GateFourier,TST-v2-GateFourier,1024,20,ok,,6,0.33979794979095457,0.8925081433224755,0.8926829268292683,0.1576129457937941,0.5253235165289304,-0.0001747835067927861,0.12773428857326508,7.05178317730315e-05,True,0.7307170629501343,0.730880618095398,0.0,1,0.8926829268292683,0.8926829268292683,0.0,True,early_stopped_cleanly
synthetic_axis_aligned,44,classification,ablation,TST-v2-GateFourier,TST-v2-GateFourier,1024,20,ok,,7,0.3428452551364899,0.8925081433224755,0.8926829268292683,0.1434632368793008,0.34732327048251294,-0.0001747835067927861,0.11045239865779877,5.925507502979599e-05,True,0.7306280136108398,0.7308264970779419,0.0,1,0.8926829268292683,0.8926829268292683,0.0,True,early_stopped_cleanly
synthetic_axis_aligned,44,classification,ablation,TST-v2-GateFourier,TST-v2-GateFourier,1024,20,ok,,8,0.34108096957206724,0.8925081433224755,0.8926829268292683,0.11463487923595642,0.2168153548984931,-0.0001747835067927861,0.09859167039394379,5.461217006086372e-05,True,0.7305371165275574,0.7307592630386353,0.0,1,0.8926829268292683,0.8926829268292683,0.0,True,early_stopped_cleanly
synthetic_axis_aligned,44,classification,ablation,TST-v2-GateFourier,TST-v2-GateFourier,1024,20,ok,,9,0.34178842306137086,0.8925081433224755,0.8926829268292683,0.14251995790610433,0.30226345408687266,-0.0001747835067927861,0.10307243466377258,7.130298035917804e-05,True,0.7304558753967285,0.730543851852417,0.0,1,0.8926829268292683,0.8926829268292683,0.0,True,early_stopped_cleanly
synthetic_axis_aligned,44,classification,ablation,TST-v2-GateFourier,TST-v2-GateFourier,1024,20,ok,,10,0.33960005939006804,0.8925081433224755,0.8926829268292683,0.2680272634009973,0.4124474024771514,-0.0001747835067927861,0.10676021128892899,9.245675755664706e-05,True,0.7303779125213623,0.7303084135055542,0.0,1,0.8926829268292683,0.8926829268292683,0.0,True,early_stopped_cleanly
synthetic_axis_aligned,44,classification,ablation,TST-v2-GateFourier,TST-v2-GateFourier,1024,20,ok,,11,0.33951735496520996,0.8925081433224755,0.8926829268292683,0.07405295322162933,0.21155468912258932,-0.0001747835067927861,0.11372865736484528,0.00013047148240730166,True,0.7303183674812317,0.7301843166351318,0.0,1,0.8926829268292683,0.8926829268292683,0.0,True,early_stopped_cleanly
synthetic_axis_aligned,44,classification,ablation,TST-v3-MoE,TST-v3-MoE,1024,20,ok,,1,0.5476336061954499,0.8925081433224755,0.8926829268292683,2.9241594191870366,11.828638160336457,-0.0001747835067927861,0.08258070796728134,3.6234152503311634e-05,True,0.7310692071914673,0.7311384677886963,0.0,1,0.8926829268292683,0.8926829268292683,0.0,True,early_stopped_cleanly
synthetic_axis_aligned,44,classification,ablation,TST-v3-MoE,TST-v3-MoE,1024,20,ok,,2,0.34395248889923097,0.8925081433224755,0.8926829268292683,0.2071063066928312,0.31993893967312254,-0.0001747835067927861,0.09909726679325104,6.153767753858119e-05,True,0.7310512065887451,0.7311648726463318,0.0,1,0.8926829268292683,0.8926829268292683,0.0,True,early_stopped_cleanly
synthetic_axis_aligned,44,classification,ablation,TST-v3-MoE,TST-v3-MoE,1024,20,ok,,3,0.34081327021121977,0.8925081433224755,0.8926829268292683,0.2587471101781958,0.512550114048381,-0.0001747835067927861,0.10796771198511124,7.090005237841979e-05,True,0.7310122847557068,0.7310584783554077,0.0,1,0.8926829268292683,0.8926829268292683,0.0,True,early_stopped_cleanly
synthetic_axis_aligned,44,classification,ablation,TST-v3-MoE,TST-v3-MoE,1024,20,ok,,4,0.33756788074970245,0.8925081433224755,0.8926829268292683,0.1711925403752353,0.4602039357169825,-0.0001747835067927861,0.1049598678946495,7.028741674730554e-05,True,0.7309661507606506,0.7309175729751587,0.0,1,0.8926829268292683,0.8926829268292683,0.0,True,early_stopped_cleanly
synthetic_axis_aligned,44,classification,ablation,TST-v3-MoE,TST-v3-MoE,1024,20,ok,,5,0.3467885613441467,0.8925081433224755,0.8926829268292683,0.13077652931298847,0.40985072193468425,-0.0001747835067927861,0.08878210932016373,5.066375160822645e-05,True,0.730911374092102,0.7308136224746704,0.0,1,0.8926829268292683,0.8926829268292683,0.0,True,early_stopped_cleanly
synthetic_axis_aligned,44,classification,ablation,TST-v3-MoE,TST-v3-MoE,1024,20,ok,,6,0.3417254865169525,0.8925081433224755,0.8926829268292683,0.1623596473873535,0.5504004033008986,-0.0001747835067927861,0.09937304258346558,7.414093124680221e-05,True,0.7308633923530579,0.7308515310287476,0.0,1,0.8926829268292683,0.8926829268292683,0.0,True,early_stopped_cleanly
synthetic_axis_aligned,44,classification,ablation,TST-v3-MoE,TST-v3-MoE,1024,20,ok,,7,0.342084002494812,0.8925081433224755,0.8926829268292683,0.12180730751871434,0.1932303896084863,-0.0001747835067927861,0.10901550948619843,0.00010502192162675783,True,0.7308235168457031,0.7309192419052124,0.0,1,0.8926829268292683,0.8926829268292683,0.0,True,early_stopped_cleanly
synthetic_axis_aligned,44,classification,ablation,TST-v3-MoE,TST-v3-MoE,1024,20,ok,,8,0.3402907431125641,0.8925081433224755,0.8926829268292683,0.0668617736137768,0.15908239448643108,-0.0001747835067927861,0.10398455709218979,0.00011561606515897438,True,0.7307969331741333,0.7309721112251282,0.0,1,0.8926829268292683,0.8926829268292683,0.0,True,early_stopped_cleanly
synthetic_axis_aligned,44,classification,ablation,TST-v3-MoE,TST-v3-MoE,1024,20,ok,,9,0.34458449482917786,0.8925081433224755,0.8926829268292683,0.14144076811153222,0.2577867203647023,-0.0001747835067927861,0.09320295602083206,0.00011121274292236194,True,0.7307789325714111,0.7311018109321594,0.0,1,0.8926829268292683,0.8926829268292683,0.0,True,early_stopped_cleanly
synthetic_axis_aligned,44,classification,ablation,TST-v3-MoE,TST-v3-MoE,1024,20,ok,,10,0.3421771228313446,0.8925081433224755,0.8926829268292683,0.14374748206164756,0.3008518937843703,-0.0001747835067927861,0.10446804016828537,0.00018216168973594904,True,0.7307876348495483,0.7310292720794678,0.0,1,0.8926829268292683,0.8926829268292683,0.0,True,early_stopped_cleanly
synthetic_axis_aligned,44,classification,ablation,TST-v3-MoE,TST-v3-MoE,1024,20,ok,,11,0.3414625585079193,0.8925081433224755,0.8926829268292683,0.1388119663613602,0.2574126703710049,-0.0001747835067927861,0.10221578180789948,0.00022665724100079387,True,0.7308194637298584,0.731086254119873,0.0,1,0.8926829268292683,0.8926829268292683,0.0,True,early_stopped_cleanly
synthetic_xor,44,classification,ablation,TST-v0,TST-v0,1024,20,ok,,1,1.2682274103164672,0.5276872964169381,0.526829268292683,8.395968246190346,13.871921426302375,0.0008580281242551724,0.5191565155982971,0.004592293407768011,False,,,,1,0.526829268292683,0.526829268292683,0.0,True,early_stopped_cleanly
synthetic_xor,44,classification,ablation,TST-v0,TST-v0,1024,20,ok,,2,0.7557579040527344,0.5276872964169381,0.526829268292683,1.5251830266829574,2.3235175815081877,0.0008580281242551724,0.7232791781425476,0.001886927173472941,False,,,,1,0.526829268292683,0.526829268292683,0.0,True,early_stopped_cleanly
synthetic_xor,44,classification,ablation,TST-v0,TST-v0,1024,20,ok,,3,0.7285526275634766,0.5276872964169381,0.526829268292683,1.1281625501826924,2.128731891717141,0.0008580281242551724,0.5203769207000732,0.0017875551711767912,False,,,,1,0.526829268292683,0.526829268292683,0.0,True,early_stopped_cleanly
synthetic_xor,44,classification,ablation,TST-v0,TST-v0,1024,20,ok,,4,0.697543454170227,0.4723127035830619,0.47317073170731705,0.5115646768000432,0.8621146845000929,-0.0008580281242551724,0.42807692289352417,0.0012650282587856054,False,,,,1,0.526829268292683,0.526829268292683,0.0,True,early_stopped_cleanly
synthetic_xor,44,classification,ablation,TST-v0,TST-v0,1024,20,ok,,5,0.7061226963996887,0.4723127035830619,0.47317073170731705,0.7939428051472998,1.4737779274177416,-0.0008580281242551724,0.4761510193347931,0.0008867222350090742,False,,,,1,0.526829268292683,0.526829268292683,0.0,True,early_stopped_cleanly
synthetic_xor,44,classification,ablation,TST-v0,TST-v0,1024,20,ok,,6,0.6934732079505921,0.5276872964169381,0.526829268292683,0.46961583807512897,0.738777612906927,0.0008580281242551724,0.553685188293457,0.0006401826976798475,False,,,,1,0.526829268292683,0.526829268292683,0.0,True,early_stopped_cleanly
synthetic_xor,44,classification,ablation,TST-v0,TST-v0,1024,20,ok,,7,0.696221899986267,0.5276872964169381,0.526829268292683,0.3919465885752582,0.593317437554431,0.0008580281242551724,0.5776148438453674,0.0005370061262510717,False,,,,1,0.526829268292683,0.526829268292683,0.0,True,early_stopped_cleanly
synthetic_xor,44,classification,ablation,TST-v0,TST-v0,1024,20,ok,,8,0.696113383769989,0.5276872964169381,0.526829268292683,0.47148917956910985,0.7941991180222201,0.0008580281242551724,0.5505642294883728,0.0005209299270063639,False,,,,1,0.526829268292683,0.526829268292683,0.0,True,early_stopped_cleanly
synthetic_xor,44,classification,ablation,TST-v0,TST-v0,1024,20,ok,,9,0.6910337686538697,0.5276872964169381,0.526829268292683,0.3822989762621412,0.6333894489747756,0.0008580281242551724,0.5106670260429382,0.0005334736779332161,False,,,,1,0.526829268292683,0.526829268292683,0.0,True,early_stopped_cleanly
synthetic_xor,44,classification,ablation,TST-v0,TST-v0,1024,20,ok,,10,0.6946801781654358,0.4723127035830619,0.47317073170731705,0.4686807363165766,0.9629457114429405,-0.0008580281242551724,0.4925035834312439,0.000542163266800344,False,,,,1,0.526829268292683,0.526829268292683,0.0,True,early_stopped_cleanly
synthetic_xor,44,classification,ablation,TST-v0,TST-v0,1024,20,ok,,11,0.6933856129646301,0.5276872964169381,0.526829268292683,0.36425376751121574,0.8622579060217146,0.0008580281242551724,0.5243126749992371,0.0005160047439858317,False,,,,1,0.526829268292683,0.526829268292683,0.0,True,early_stopped_cleanly
synthetic_xor,44,classification,ablation,TST-v1-Gate,TST-v1-Gate,1024,20,ok,,1,1.2690353512763977,0.5276872964169381,0.526829268292683,10.126400099141392,18.066681762713493,0.0008580281242551724,0.5197880268096924,0.0044040014035999775,True,0.7310138940811157,0.7309963703155518,0.0,1,0.526829268292683,0.526829268292683,0.0,True,early_stopped_cleanly
synthetic_xor,44,classification,ablation,TST-v1-Gate,TST-v1-Gate,1024,20,ok,,2,0.7557049870491028,0.5276872964169381,0.526829268292683,1.553079690095578,2.3583828722351154,0.0008580281242551724,0.7222915887832642,0.001791262300685048,True,0.7309688925743103,0.7309113144874573,0.0,1,0.526829268292683,0.526829268292683,0.0,True,early_stopped_cleanly
synthetic_xor,44,classification,ablation,TST-v1-Gate,TST-v1-Gate,1024,20,ok,,3,0.7277247786521912,0.5276872964169381,0.526829268292683,1.1195059837741588,2.141032476551481,0.0008580281242551724,0.5175203084945679,0.001688485499471426,True,0.7309798002243042,0.730920672416687,0.0,1,0.526829268292683,0.526829268292683,0.0,True,early_stopped_cleanly
synthetic_xor,44,classification,ablation,TST-v1-Gate,TST-v1-Gate,1024,20,ok,,4,0.6980846881866455,0.4723127035830619,0.47317073170731705,0.5323068918534337,0.8795200201778312,-0.0008580281242551724,0.4279707074165344,0.0011805600952357054,True,0.7309863567352295,0.7309095859527588,0.0,1,0.526829268292683,0.526829268292683,0.0,True,early_stopped_cleanly
synthetic_xor,44,classification,ablation,TST-v1-Gate,TST-v1-Gate,1024,20,ok,,5,0.7058060050010682,0.4723127035830619,0.47317073170731705,0.7851519963351722,1.4561186139724633,-0.0008580281242551724,0.47879576683044434,0.0008282930939458311,True,0.7309990525245667,0.7309101223945618,0.0,1,0.526829268292683,0.526829268292683,0.0,True,early_stopped_cleanly
synthetic_xor,44,classification,ablation,TST-v1-Gate,TST-v1-Gate,1024,20,ok,,6,0.6933830261230469,0.5276872964169381,0.526829268292683,0.4567837625253447,0.7627509308997055,0.0008580281242551724,0.5557705163955688,0.0005977025139145553,True,0.7310087084770203,0.7309105396270752,0.0,1,0.526829268292683,0.526829268292683,0.0,True,early_stopped_cleanly
synthetic_xor,44,classification,ablation,TST-v1-Gate,TST-v1-Gate,1024,20,ok,,7,0.6964519381523132,0.5276872964169381,0.526829268292683,0.3952943175287503,0.5996000100438272,0.0008580281242551724,0.577419102191925,0.0005033159395679832,True,0.7310075759887695,0.7309033870697021,0.0,1,0.526829268292683,0.526829268292683,0.0,True,early_stopped_cleanly
synthetic_xor,44,classification,ablation,TST-v1-Gate,TST-v1-Gate,1024,20,ok,,8,0.6959977388381958,0.5276872964169381,0.526829268292683,0.4645898705841878,0.7866182811204008,0.0008580281242551724,0.5488501787185669,0.00048736040480434895,True,0.7309995889663696,0.7309002876281738,0.0,1,0.526829268292683,0.526829268292683,0.0,True,early_stopped_cleanly
synthetic_xor,44,classification,ablation,TST-v1-Gate,TST-v1-Gate,1024,20,ok,,9,0.6910918474197387,0.5276872964169381,0.526829268292683,0.3840631487252055,0.6194120955558482,0.0008580281242551724,0.5093439221382141,0.0004964425461366773,True,0.7309881448745728,0.7308968305587769,0.0,1,0.526829268292683,0.526829268292683,0.0,True,early_stopped_cleanly
synthetic_xor,44,classification,ablation,TST-v1-Gate,TST-v1-Gate,1024,20,ok,,10,0.6947959661483765,0.4723127035830619,0.47317073170731705,0.4674028232243739,0.9680155433907961,-0.0008580281242551724,0.4926969110965729,0.0005000626551918685,True,0.7309766411781311,0.7308889627456665,0.0,1,0.526829268292683,0.526829268292683,0.0,True,early_stopped_cleanly
synthetic_xor,44,classification,ablation,TST-v1-Gate,TST-v1-Gate,1024,20,ok,,11,0.6934370398521423,0.5276872964169381,0.526829268292683,0.3654437745833927,0.8560380569884336,0.0008580281242551724,0.5255818963050842,0.00047235641977749765,True,0.7309684157371521,0.73088538646698,0.0,1,0.526829268292683,0.526829268292683,0.0,True,early_stopped_cleanly
synthetic_xor,44,classification,ablation,TST-v2-GateFourier,TST-v2-GateFourier,1024,20,ok,,1,0.8889328122138977,0.5276872964169381,0.526829268292683,2.6671602843217963,6.462147481654991,0.0008580281242551724,0.6504725217819214,0.00012862453877460212,True,0.7309081554412842,0.7308477163314819,0.0,1,0.526829268292683,0.526829268292683,0.0,True,early_stopped_cleanly
synthetic_xor,44,classification,ablation,TST-v2-GateFourier,TST-v2-GateFourier,1024,20,ok,,2,0.7096453547477722,0.5276872964169381,0.526829268292683,0.9655398474530961,1.319568240244794,0.0008580281242551724,0.5193620324134827,0.00011545983579708263,True,0.7306780815124512,0.7306100130081177,0.0,1,0.526829268292683,0.526829268292683,0.0,True,early_stopped_cleanly
synthetic_xor,44,classification,ablation,TST-v2-GateFourier,TST-v2-GateFourier,1024,20,ok,,3,0.701114547252655,0.4723127035830619,0.47317073170731705,0.5562703330422406,1.510875530152169,-0.0008580281242551724,0.45430678129196167,8.030105527723208e-05,True,0.730482280254364,0.7303657531738281,0.0,1,0.526829268292683,0.526829268292683,0.0,True,early_stopped_cleanly
synthetic_xor,44,classification,ablation,TST-v2-GateFourier,TST-v2-GateFourier,1024,20,ok,,4,0.6951783895492554,0.5276872964169381,0.526829268292683,0.41140686653458697,0.8088860811574594,0.0008580281242551724,0.5436553359031677,4.0492093830835074e-05,True,0.730305552482605,0.7301722764968872,0.0,1,0.526829268292683,0.526829268292683,0.0,True,early_stopped_cleanly
synthetic_xor,44,classification,ablation,TST-v2-GateFourier,TST-v2-GateFourier,1024,20,ok,,5,0.6940453171730041,0.5276872964169381,0.526829268292683,0.32488953662060677,0.6588298561224333,0.0008580281242551724,0.5756162405014038,2.7368943847250193e-05,True,0.7301457524299622,0.7300246953964233,0.0,1,0.526829268292683,0.526829268292683,0.0,True,early_stopped_cleanly
synthetic_xor,44,classification,ablation,TST-v2-GateFourier,TST-v2-GateFourier,1024,20,ok,,6,0.6941526770591736,0.5276872964169381,0.526829268292683,0.3873958599533717,0.744632216963813,0.0008580281242551724,0.5426091551780701,2.5982571969507262e-05,True,0.729989767074585,0.7299090623855591,0.0,1,0.526829268292683,0.526829268292683,0.0,True,early_stopped_cleanly
synthetic_xor,44,classification,ablation,TST-v2-GateFourier,TST-v2-GateFourier,1024,20,ok,,7,0.6909697532653809,0.5276872964169381,0.526829268292683,0.2812446273585724,0.668789008013543,0.0008580281242551724,0.5065547823905945,2.6677114874473773e-05,True,0.7298392057418823,0.7297890186309814,0.0,1,0.526829268292683,0.526829268292683,0.0,True,early_stopped_cleanly
synthetic_xor,44,classification,ablation,TST-v2-GateFourier,TST-v2-GateFourier,1024,20,ok,,8,0.6942488074302673,0.4723127035830619,0.47317073170731705,0.3266364200654233,0.7299730660899341,-0.0008580281242551724,0.4973895251750946,2.6544897991698235e-05,True,0.7296903729438782,0.7296856641769409,0.0,1,0.526829268292683,0.526829268292683,0.0,True,early_stopped_cleanly
synthetic_xor,44,classification,ablation,TST-v2-GateFourier,TST-v2-GateFourier,1024,20,ok,,9,0.6933699369430542,0.5276872964169381,0.526829268292683,0.2785793487192161,0.5395238498798737,0.0008580281242551724,0.5331247448921204,2.5135335818049498e-05,True,0.7295439839363098,0.729548454284668,0.0,1,0.526829268292683,0.526829268292683,0.0,True,early_stopped_cleanly
synthetic_xor,44,classification,ablation,TST-v2-GateFourier,TST-v2-GateFourier,1024,20,ok,,10,0.6922778367996216,0.5276872964169381,0.526829268292683,0.42216531533714774,0.7491047056039262,0.0008580281242551724,0.5458372831344604,2.502826100680977e-05,True,0.7293910980224609,0.7294518947601318,0.0,1,0.526829268292683,0.526829268292683,0.0,True,early_stopped_cleanly
synthetic_xor,44,classification,ablation,TST-v2-GateFourier,TST-v2-GateFourier,1024,20,ok,,11,0.6928334593772888,0.5276872964169381,0.526829268292683,0.28284541391078033,0.9164930320524989,0.0008580281242551724,0.5329409241676331,2.563434281910304e-05,True,0.729232132434845,0.729351282119751,0.0,1,0.526829268292683,0.526829268292683,0.0,True,early_stopped_cleanly
synthetic_xor,44,classification,ablation,TST-v3-MoE,TST-v3-MoE,1024,20,ok,,1,0.7818611621856689,0.5276872964169381,0.526829268292683,2.3872052674053874,4.870138889299546,0.0008580281242551724,0.6352823376655579,0.00015376722149085253,True,0.7309473752975464,0.7309434413909912,0.0,1,0.526829268292683,0.526829268292683,0.0,True,early_stopped_cleanly
synthetic_xor,44,classification,ablation,TST-v3-MoE,TST-v3-MoE,1024,20,ok,,2,0.693636131286621,0.4723127035830619,0.47317073170731705,0.4262053043214012,0.662282898377882,-0.0008580281242551724,0.4684315621852875,7.464981899829581e-05,True,0.730779767036438,0.7306687831878662,0.0,1,0.526829268292683,0.526829268292683,0.0,True,early_stopped_cleanly
synthetic_xor,44,classification,ablation,TST-v3-MoE,TST-v3-MoE,1024,20,ok,,3,0.7090677738189697,0.4723127035830619,0.47317073170731705,0.5893870896705914,1.1231401485948782,-0.0008580281242551724,0.4878353476524353,4.6240471419878304e-05,True,0.7306046485900879,0.730407178401947,0.0,1,0.526829268292683,0.526829268292683,0.0,True,early_stopped_cleanly
synthetic_xor,44,classification,ablation,TST-v3-MoE,TST-v3-MoE,1024,20,ok,,4,0.6988341927528381,0.5276872964169381,0.526829268292683,0.43133713440743293,0.6065860976507566,0.0008580281242551724,0.5888850688934326,3.2055155315902084e-05,True,0.7304311394691467,0.7302843332290649,0.0,1,0.526829268292683,0.526829268292683,0.0,True,early_stopped_cleanly
synthetic_xor,44,classification,ablation,TST-v3-MoE,TST-v3-MoE,1024,20,ok,,5,0.6958989024162292,0.5276872964169381,0.526829268292683,0.27563271547995843,0.45603155152779185,0.0008580281242551724,0.5545850992202759,2.833624603226781e-05,True,0.7302855253219604,0.7301945090293884,0.0,1,0.526829268292683,0.526829268292683,0.0,True,early_stopped_cleanly
synthetic_xor,44,classification,ablation,TST-v3-MoE,TST-v3-MoE,1024,20,ok,,6,0.6929600715637207,0.5276872964169381,0.526829268292683,0.20949375577967605,0.34006501110322906,0.0008580281242551724,0.507453978061676,2.9973571145092137e-05,True,0.7301536798477173,0.7301075458526611,0.0,1,0.526829268292683,0.526829268292683,0.0,True,early_stopped_cleanly
synthetic_xor,44,classification,ablation,TST-v3-MoE,TST-v3-MoE,1024,20,ok,,7,0.6946853041648865,0.5276872964169381,0.526829268292683,0.4096196869735545,0.9618059749839108,0.0008580281242551724,0.5203524231910706,2.855342063412536e-05,True,0.7300201654434204,0.7299626469612122,0.0,1,0.526829268292683,0.526829268292683,0.0,True,early_stopped_cleanly
synthetic_xor,44,classification,ablation,TST-v3-MoE,TST-v3-MoE,1024,20,ok,,8,0.6922035098075867,0.5276872964169381,0.526829268292683,0.1448381263748257,0.2157669300104648,0.0008580281242551724,0.5312251448631287,2.8173612008686177e-05,True,0.7298871278762817,0.7298164367675781,0.0,1,0.526829268292683,0.526829268292683,0.0,True,early_stopped_cleanly
synthetic_xor,44,classification,ablation,TST-v3-MoE,TST-v3-MoE,1024,20,ok,,9,0.6923744916915894,0.5276872964169381,0.526829268292683,0.1114196559840515,0.2053837832765723,0.0008580281242551724,0.5391221046447754,2.8595135518116876e-05,True,0.7297520041465759,0.7296662330627441,0.0,1,0.526829268292683,0.526829268292683,0.0,True,early_stopped_cleanly
synthetic_xor,44,classification,ablation,TST-v3-MoE,TST-v3-MoE,1024,20,ok,,10,0.6922874927520752,0.5276872964169381,0.526829268292683,0.1371840698090166,0.28140407691907976,0.0008580281242551724,0.5298975110054016,3.189175185980275e-05,True,0.7296155095100403,0.7295316457748413,0.0,1,0.526829268292683,0.526829268292683,0.0,True,early_stopped_cleanly
synthetic_xor,44,classification,ablation,TST-v3-MoE,TST-v3-MoE,1024,20,ok,,11,0.6926114439964295,0.5276872964169381,0.526829268292683,0.237782917718334,0.3614715229025985,0.0008580281242551724,0.5229165554046631,3.558749085641466e-05,True,0.729476809501648,0.7294645309448242,0.0,1,0.526829268292683,0.526829268292683,0.0,True,early_stopped_cleanly
synthetic_piecewise,44,regression,ablation,TST-v0,TST-v0,1024,20,ok,,1,3.953188943862915,0.8273003628947042,0.8514901226678173,57.20849960118211,95.68684227782207,0.024189759773113106,0.42503878474235535,0.016600828617811203,False,,,,11,0.8355556935205695,0.8364344394322566,0.0008787459116871288,False,underfit
synthetic_piecewise,44,regression,ablation,TST-v0,TST-v0,1024,20,ok,,2,0.8082259893417358,1.0102325481445182,1.0522894264025655,5.008015364855017,9.134792795073075,0.04205687825804727,-0.39140066504478455,0.006063093431293964,False,,,,11,0.8355556935205695,0.8364344394322566,0.0008787459116871288,False,underfit
synthetic_piecewise,44,regression,ablation,TST-v0,TST-v0,1024,20,ok,,3,0.8909394979476929,0.841761789674961,0.880699024703559,6.509982256785311,8.978680368070778,0.03893723502859803,-0.029199134558439255,0.004030682612210512,False,,,,11,0.8355556935205695,0.8364344394322566,0.0008787459116871288,False,underfit
synthetic_piecewise,44,regression,ablation,TST-v0,TST-v0,1024,20,ok,,4,0.6622243881225586,0.8141190463468816,0.8421760643233958,1.512511950942622,3.6998600801641204,0.028057017976514165,0.3520335555076599,0.003626577090471983,False,,,,11,0.8355556935205695,0.8364344394322566,0.0008787459116871288,False,underfit
synthetic_piecewise,44,regression,ablation,TST-v0,TST-v0,1024,20,ok,,5,0.690347409248352,0.8381159908370871,0.8620054043160097,2.4920718090289715,3.791054244646191,0.023889413478922594,0.4598102867603302,0.0031618690118193626,False,,,,11,0.8355556935205695,0.8364344394322566,0.0008787459116871288,False,underfit
synthetic_piecewise,44,regression,ablation,TST-v0,TST-v0,1024,20,ok,,6,0.6858364105224609,0.8122230204395501,0.8407196445435515,2.4049112355313995,3.7799387616418723,0.028496624104001445,0.34053459763526917,0.002563813468441367,False,,,,11,0.8355556935205695,0.8364344394322566,0.0008787459116871288,False,underfit
synthetic_piecewise,44,regression,ablation,TST-v0,TST-v0,1024,20,ok,,7,0.6556714653968811,0.8037617738018622,0.8372391522269477,1.047947392147956,1.5988161989371752,0.03347737842508547,0.19704444706439972,0.0021006211172789335,False,,,,11,0.8355556935205695,0.8364344394322566,0.0008787459116871288,False,underfit
synthetic_piecewise,44,regression,ablation,TST-v0,TST-v0,1024,20,ok,,8,0.654864776134491,0.8090516051866169,0.8446393800408707,1.3707104762739388,2.650291952048268,0.035587774854253795,0.1255519539117813,0.0018430057680234313,False,,,,11,0.8355556935205695,0.8364344394322566,0.0008787459116871288,False,underfit
synthetic_piecewise,44,regression,ablation,TST-v0,TST-v0,1024,20,ok,,9,0.6521378636360169,0.805624222203864,0.8402255232950797,1.0584924491463292,1.4129387992785876,0.03460130109121573,0.16049440205097198,0.0017843812238425016,False,,,,11,0.8355556935205695,0.8364344394322566,0.0008787459116871288,False,underfit
synthetic_piecewise,44,regression,ablation,TST-v0,TST-v0,1024,20,ok,,10,0.647199809551239,0.803282316363372,0.8359758600007708,0.43070993874667085,0.6158293313169407,0.03269354363739885,0.22198888659477234,0.0017860737862065434,False,,,,11,0.8355556935205695,0.8364344394322566,0.0008787459116871288,False,underfit
synthetic_piecewise,44,regression,ablation,TST-v0,TST-v0,1024,20,ok,,11,0.6455979943275452,0.8040052688459204,0.8355556935205695,0.8703436676007964,1.316253357243733,0.03155042467464908,0.2562410831451416,0.001783940359018743,False,,,,11,0.8355556935205695,0.8364344394322566,0.0008787459116871288,False,underfit
synthetic_piecewise,44,regression,ablation,TST-v0,TST-v0,1024,20,ok,,12,0.6458680391311645,0.8038644006807705,0.8355142823327771,0.6724726194712471,1.3858116257826016,0.03164988165200666,0.25352397561073303,0.0017716550501063466,False,,,,11,0.8355556935205695,0.8364344394322566,0.0008787459116871288,False,underfit
synthetic_piecewise,44,regression,ablation,TST-v0,TST-v0,1024,20,ok,,13,0.6407637119293212,0.8032461052808185,0.8356865122829709,0.3884203373433385,0.5810549672222005,0.03244040700215234,0.23024968802928925,0.0017543204594403505,False,,,,11,0.8355556935205695,0.8364344394322566,0.0008787459116871288,False,underfit
synthetic_piecewise,44,regression,ablation,TST-v0,TST-v0,1024,20,ok,,14,0.6423886895179749,0.8035244731202642,0.8370293234083211,1.07551206549685,2.122176349136464,0.03350485028805694,0.19763289391994476,0.0017419143114238977,False,,,,11,0.8355556935205695,0.8364344394322566,0.0008787459116871288,False,underfit
synthetic_piecewise,44,regression,ablation,TST-v0,TST-v0,1024,20,ok,,15,0.6425711393356324,0.803140245285504,0.8359241306269721,1.0018769926207576,1.7898494183212987,0.032783885341468144,0.2203754335641861,0.0017772575374692678,False,,,,11,0.8355556935205695,0.8364344394322566,0.0008787459116871288,False,underfit
synthetic_piecewise,44,regression,ablation,TST-v0,TST-v0,1024,20,ok,,16,0.6478729128837586,0.8031439188944235,0.8356550220697171,0.6580055955421616,1.069278793422204,0.0325111031752936,0.22897973656654358,0.0018079089932143688,False,,,,11,0.8355556935205695,0.8364344394322566,0.0008787459116871288,False,underfit
synthetic_piecewise,44,regression,ablation,TST-v0,TST-v0,1024,20,ok,,17,0.6497472882270813,0.8031015414956933,0.8356588380477588,0.8673867278853272,1.498981939282991,0.03255729655206541,0.22793571650981903,0.0018410091288387775,False,,,,11,0.8355556935205695,0.8364344394322566,0.0008787459116871288,False,underfit
synthetic_piecewise,44,regression,ablation,TST-v0,TST-v0,1024,20,ok,,18,0.6481682896614075,0.8030439833214069,0.8359176419475247,0.5818276109963615,1.336126066266358,0.0328736586261178,0.21874365210533142,0.0018861648859456182,False,,,,11,0.8355556935205695,0.8364344394322566,0.0008787459116871288,False,underfit
synthetic_piecewise,44,regression,ablation,TST-v0,TST-v0,1024,20,ok,,19,0.6448935866355896,0.8030888501057935,0.8362696335430739,0.2637276773242721,0.5910385440978422,0.03318078343728048,0.20970730483531952,0.0019414012786000967,False,,,,11,0.8355556935205695,0.8364344394322566,0.0008787459116871288,False,underfit
synthetic_piecewise,44,regression,ablation,TST-v0,TST-v0,1024,20,ok,,20,0.6455185055732727,0.8031156799131854,0.8364344394322566,0.9022885938991847,2.679661485124865,0.03331875951907115,0.20586785674095154,0.002006783150136471,False,,,,11,0.8355556935205695,0.8364344394322566,0.0008787459116871288,False,underfit
synthetic_piecewise,44,regression,ablation,TST-v1-Gate,TST-v1-Gate,1024,20,ok,,1,3.9440387725830077,0.8253401589660876,0.849827705480127,69.77118443087849,124.49313437730397,0.024487546514039393,0.41665560007095337,0.015979278832674026,True,0.7309826612472534,0.7308861017227173,0.0,11,0.8355933220621607,0.8364934765823019,0.0009001545201411387,False,underfit
synthetic_piecewise,44,regression,ablation,TST-v1-Gate,TST-v1-Gate,1024,20,ok,,2,0.8096970319747925,1.0095407025169674,1.0515721971084564,5.0959761006762845,9.224198362003664,0.04203149459148903,-0.39019715785980225,0.005702095106244087,True,0.7308968901634216,0.7307543158531189,0.0,11,0.8355933220621607,0.8364934765823019,0.0009001545201411387,False,underfit
synthetic_piecewise,44,regression,ablation,TST-v1-Gate,TST-v1-Gate,1024,20,ok,,3,0.8862521290779114,0.8388507383996447,0.8776161049654354,6.470854352763615,9.01636570561252,0.03876536656579066,-0.019228646531701088,0.0037879494484514,True,0.7308703660964966,0.7307354211807251,0.0,11,0.8355933220621607,0.8364934765823019,0.0009001545201411387,False,underfit
synthetic_piecewise,44,regression,ablation,TST-v1-Gate,TST-v1-Gate,1024,20,ok,,4,0.6608870625495911,0.8157570552982611,0.8434487617478611,1.4322391213369048,3.581039114722891,0.02769170644959995,0.36193913221359253,0.0033925208263099194,True,0.7308520078659058,0.7306885719299316,0.0,11,0.8355933220621607,0.8364934765823019,0.0009001545201411387,False,underfit
synthetic_piecewise,44,regression,ablation,TST-v1-Gate,TST-v1-Gate,1024,20,ok,,5,0.6927056312561035,0.8381334855391841,0.8620203744002778,2.5821119878598324,3.861865782274589,0.02388688886109369,0.45988982915878296,0.002935571363195777,True,0.7308400273323059,0.7306625843048096,0.0,11,0.8355933220621607,0.8364934765823019,0.0009001545201411387,False,underfit
synthetic_piecewise,44,regression,ablation,TST-v1-Gate,TST-v1-Gate,1024,20,ok,,6,0.6847854852676392,0.8109424039659344,0.8397778507371545,2.363619496732775,3.79166454804686,0.028835446771220075,0.33148327469825745,0.002359508303925395,True,0.7308351397514343,0.7306560277938843,0.0,11,0.8355933220621607,0.8364934765823019,0.0009001545201411387,False,underfit
synthetic_piecewise,44,regression,ablation,TST-v1-Gate,TST-v1-Gate,1024,20,ok,,7,0.6547981381416321,0.804100007339912,0.8378650865908794,0.9790491863783588,1.4925457605884664,0.03376507925096739,0.187782883644104,0.0019184310222044587,True,0.7308301329612732,0.7306535243988037,0.0,11,0.8355933220621607,0.8364934765823019,0.0009001545201411387,False,underfit
synthetic_piecewise,44,regression,ablation,TST-v1-Gate,TST-v1-Gate,1024,20,ok,,8,0.6555960536003113,0.8094109722376883,0.8450735448963729,1.3812007109588833,2.7403289874294634,0.035662572658684555,0.12265438586473465,0.0016838323790580034,True,0.7308226227760315,0.7306464910507202,0.0,11,0.8355933220621607,0.8364934765823019,0.0009001545201411387,False,underfit
synthetic_piecewise,44,regression,ablation,TST-v1-Gate,TST-v1-Gate,1024,20,ok,,9,0.6522058844566345,0.8053557204704302,0.8398385690928497,1.056041064328395,1.4283447259046822,0.03448284862241946,0.16434210538864136,0.0016350827645510435,True,0.7308124899864197,0.7306340932846069,0.0,11,0.8355933220621607,0.8364934765823019,0.0009001545201411387,False,underfit
synthetic_piecewise,44,regression,ablation,TST-v1-Gate,TST-v1-Gate,1024,20,ok,,10,0.6470101475715637,0.80332134533349,0.8358251193078119,0.3921287722349699,0.5672418609431046,0.032503773974321915,0.22761937975883484,0.001637228182516992,True,0.7308016419410706,0.7306201457977295,0.0,11,0.8355933220621607,0.8364934765823019,0.0009001545201411387,False,underfit
synthetic_piecewise,44,regression,ablation,TST-v1-Gate,TST-v1-Gate,1024,20,ok,,11,0.6458595275878907,0.8041321032183842,0.8355933220621607,0.862560473210045,1.3881546495363961,0.031461218843776506,0.25864940881729126,0.00163051497656852,True,0.7307911515235901,0.7306073904037476,0.0,11,0.8355933220621607,0.8364934765823019,0.0009001545201411387,False,underfit
synthetic_piecewise,44,regression,ablation,TST-v1-Gate,TST-v1-Gate,1024,20,ok,,12,0.6460709810256958,0.8038154988275578,0.835522093902526,0.6870897819072515,1.3861480388753755,0.0317065950749682,0.25164422392845154,0.0016120710643008351,True,0.7307814359664917,0.7305966019630432,0.0,11,0.8355933220621607,0.8364934765823019,0.0009001545201411387,False,underfit
synthetic_piecewise,44,regression,ablation,TST-v1-Gate,TST-v1-Gate,1024,20,ok,,13,0.640790855884552,0.8032453261309794,0.8357909243414757,0.37332671882715446,0.5537727969200004,0.032545598210496296,0.22679811716079712,0.0015908586792647839,True,0.7307721376419067,0.7305862307548523,0.0,11,0.8355933220621607,0.8364934765823019,0.0009001545201411387,False,underfit
synthetic_piecewise,44,regression,ablation,TST-v1-Gate,TST-v1-Gate,1024,20,ok,,14,0.6425135254859924,0.8036212708895043,0.837177284181241,1.0812909384051719,2.1535573609769916,0.03355601329173674,0.1956511288881302,0.0015758759109303355,True,0.7307631373405457,0.730575680732727,0.0,11,0.8355933220621607,0.8364934765823019,0.0009001545201411387,False,underfit
synthetic_piecewise,44,regression,ablation,TST-v1-Gate,TST-v1-Gate,1024,20,ok,,15,0.6428162693977356,0.8031790585266119,0.8359197454260497,1.0045903910006042,1.7941885415262842,0.032740686899437876,0.22131645679473877,0.0016057784669101238,True,0.7307530641555786,0.7305630445480347,0.0,11,0.8355933220621607,0.8364934765823019,0.0009001545201411387,False,underfit
synthetic_piecewise,44,regression,ablation,TST-v1-Gate,TST-v1-Gate,1024,20,ok,,16,0.6480348467826843,0.8032055142785185,0.8356468194411087,0.6558072786416836,1.0887103444013562,0.03244130516259025,0.23064996302127838,0.0016285451129078865,True,0.730743944644928,0.7305511236190796,0.0,11,0.8355933220621607,0.8364934765823019,0.0009001545201411387,False,underfit
synthetic_piecewise,44,regression,ablation,TST-v1-Gate,TST-v1-Gate,1024,20,ok,,17,0.6499050378799438,0.8031550138334941,0.8356820901728862,0.8717810410717586,1.5123812185314423,0.032527076339392114,0.22835670411586761,0.0016506003448739648,True,0.730735182762146,0.7305394411087036,0.0,11,0.8355933220621607,0.8364934765823019,0.0009001545201411387,False,underfit
synthetic_piecewise,44,regression,ablation,TST-v1-Gate,TST-v1-Gate,1024,20,ok,,18,0.6483137130737304,0.8031046957573867,0.8359912961958492,0.5822003690307266,1.3394155245319777,0.03288660043846248,0.2177688479423523,0.0016824116464704275,True,0.7307266592979431,0.730528712272644,0.0,11,0.8355933220621607,0.8364934765823019,0.0009001545201411387,False,underfit
synthetic_piecewise,44,regression,ablation,TST-v1-Gate,TST-v1-Gate,1024,20,ok,,19,0.645061993598938,0.8031693368392269,0.8363638174038905,0.26410735159469445,0.6038006676282593,0.033194480564663675,0.20861069858074188,0.0017227213829755783,True,0.7307183742523193,0.7305178642272949,0.0,11,0.8355933220621607,0.8364934765823019,0.0009001545201411387,False,underfit
synthetic_piecewise,44,regression,ablation,TST-v1-Gate,TST-v1-Gate,1024,20,ok,,20,0.6457128405570984,0.8031911919179244,0.8364934765823019,0.9011815292880352,2.6869811340043643,0.03330228466437746,0.2056177407503128,0.0017714791465550661,True,0.7307103872299194,0.7305058240890503,0.0,11,0.8355933220621607,0.8364934765823019,0.0009001545201411387,False,underfit
synthetic_piecewise,44,regression,ablation,TST-v2-GateFourier,TST-v2-GateFourier,1024,20,ok,,1,1.9302744030952455,1.0735436554992799,1.0801595757178162,18.783529519556208,50.50414382046356,0.0066159202185362975,0.9337726831436157,0.0005760753410868347,True,0.7309010624885559,0.7309145331382751,0.0,9,0.8356278104314,0.836076029769929,0.0004482193385290101,True,early_stopped_cleanly
synthetic_piecewise,44,regression,ablation,TST-v2-GateFourier,TST-v2-GateFourier,1024,20,ok,,2,0.8636664628982544,0.8421656603980481,0.8812755946236976,6.212251491837687,11.451220148288947,0.03910993422564957,-0.03127996250987053,0.0004761038871947676,True,0.730803906917572,0.7306966781616211,0.0,9,0.8356278104314,0.836076029769929,0.0004482193385290101,True,early_stopped_cleanly
synthetic_piecewise,44,regression,ablation,TST-v2-GateFourier,TST-v2-GateFourier,1024,20,ok,,3,0.7576557040214539,0.8190260836624508,0.8561950109046408,4.5105570462501605,6.439402929497661,0.03716892724219001,0.06198660284280777,0.00017916459182742983,True,0.7306981682777405,0.7305431962013245,0.0,9,0.8356278104314,0.836076029769929,0.0004482193385290101,True,early_stopped_cleanly
synthetic_piecewise,44,regression,ablation,TST-v2-GateFourier,TST-v2-GateFourier,1024,20,ok,,4,0.6472221374511719,0.8213009646320983,0.8477034313941115,0.7622168643639047,1.8569069773506122,0.026402466762013188,0.3924493193626404,8.194074325729162e-05,True,0.7306045293807983,0.7304298281669617,0.0,9,0.8356278104314,0.836076029769929,0.0004482193385290101,True,early_stopped_cleanly
synthetic_piecewise,44,regression,ablation,TST-v2-GateFourier,TST-v2-GateFourier,1024,20,ok,,5,0.680411183834076,0.8136242644271069,0.841638713945333,2.4487569636735693,2.886160247745819,0.02801444951822607,0.3505992591381073,6.999733159318566e-05,True,0.7305318117141724,0.7303497791290283,0.0,9,0.8356278104314,0.836076029769929,0.0004482193385290101,True,early_stopped_cleanly
synthetic_piecewise,44,regression,ablation,TST-v2-GateFourier,TST-v2-GateFourier,1024,20,ok,,6,0.6539760589599609,0.8059347911610217,0.8405805682383942,1.167983864075373,3.074234886499951,0.034645777077372486,0.15680724382400513,6.010188735672273e-05,True,0.7304722666740417,0.7302535772323608,0.0,9,0.8356278104314,0.836076029769929,0.0004482193385290101,True,early_stopped_cleanly
synthetic_piecewise,44,regression,ablation,TST-v2-GateFourier,TST-v2-GateFourier,1024,20,ok,,7,0.6573317885398865,0.810185841504593,0.8459744271545897,1.3054526098401367,2.1896820480460835,0.03578858564999665,0.11637509614229202,5.582316589425318e-05,True,0.7304267287254333,0.7301756143569946,0.0,9,0.8356278104314,0.836076029769929,0.0004482193385290101,True,early_stopped_cleanly
synthetic_piecewise,44,regression,ablation,TST-v2-GateFourier,TST-v2-GateFourier,1024,20,ok,,8,0.6521921992301941,0.8033386332256612,0.8358140658220808,1.873624501409894,2.9830749878971683,0.03247543259641961,0.22603869438171387,5.097568646306172e-05,True,0.7303904891014099,0.7301182746887207,0.0,9,0.8356278104314,0.836076029769929,0.0004482193385290101,True,early_stopped_cleanly
synthetic_piecewise,44,regression,ablation,TST-v2-GateFourier,TST-v2-GateFourier,1024,20,ok,,9,0.642192006111145,0.8044465454223706,0.8356278104314,0.44238309883132104,0.8058540731546993,0.031181265009029402,0.26402968168258667,4.6180088247638196e-05,True,0.7303580641746521,0.730077862739563,0.0,9,0.8356278104314,0.836076029769929,0.0004482193385290101,True,early_stopped_cleanly
synthetic_piecewise,44,regression,ablation,TST-v2-GateFourier,TST-v2-GateFourier,1024,20,ok,,10,0.6477169394493103,0.8033282456955789,0.8360312935091928,0.8620659550621117,2.1459989965036983,0.032703047813613884,0.2191542088985443,4.5131771912565455e-05,True,0.7303266525268555,0.730053722858429,0.0,9,0.8356278104314,0.836076029769929,0.0004482193385290101,True,early_stopped_cleanly
synthetic_piecewise,44,regression,ablation,TST-v2-GateFourier,TST-v2-GateFourier,1024,20,ok,,11,0.6428640604019165,0.8033589256201524,0.8362282577105864,1.2222784155294402,1.8688529961936091,0.03286933209043397,0.21407432854175568,4.3488049414008856e-05,True,0.7302973866462708,0.730031430721283,0.0,9,0.8356278104314,0.836076029769929,0.0004482193385290101,True,early_stopped_cleanly
synthetic_piecewise,44,regression,ablation,TST-v2-GateFourier,TST-v2-GateFourier,1024,20,ok,,12,0.6497769594192505,0.8038046354646609,0.8373251832162462,1.155190911169733,2.193575973864388,0.033520547751585306,0.19375461339950562,4.4072945456719026e-05,True,0.730268657207489,0.7300108075141907,0.0,9,0.8356278104314,0.836076029769929,0.0004482193385290101,True,early_stopped_cleanly
synthetic_piecewise,44,regression,ablation,TST-v2-GateFourier,TST-v2-GateFourier,1024,20,ok,,13,0.6520275115966797,0.8033570707607713,0.8362262975643735,0.9222654717683849,1.665556864868731,0.03286922680360216,0.2140859067440033,4.320586231187917e-05,True,0.7302413582801819,0.7299920320510864,0.0,9,0.8356278104314,0.836076029769929,0.0004482193385290101,True,early_stopped_cleanly
synthetic_piecewise,44,regression,ablation,TST-v2-GateFourier,TST-v2-GateFourier,1024,20,ok,,14,0.6460947155952453,0.8034490666248669,0.8355957473507885,0.5152321241458343,0.8576319489840876,0.03214668072592153,0.23591598868370056,4.3360083509469405e-05,True,0.7302141189575195,0.7299730777740479,0.0,9,0.8356278104314,0.836076029769929,0.0004482193385290101,True,early_stopped_cleanly
synthetic_piecewise,44,regression,ablation,TST-v2-GateFourier,TST-v2-GateFourier,1024,20,ok,,15,0.6475800395011901,0.8033216792233427,0.8360013491765684,0.7033660766764687,1.718311213611799,0.03267966995322569,0.21989835798740387,4.504672688199207e-05,True,0.7301856875419617,0.7299543619155884,0.0,9,0.8356278104314,0.836076029769929,0.0004482193385290101,True,early_stopped_cleanly
synthetic_piecewise,44,regression,ablation,TST-v2-GateFourier,TST-v2-GateFourier,1024,20,ok,,16,0.6475942492485046,0.8036262031839287,0.836970110410838,0.626705320686628,1.2339268469229892,0.033343907226909275,0.19936010241508484,4.767101927427575e-05,True,0.7301569581031799,0.729935884475708,0.0,9,0.8356278104314,0.836076029769929,0.0004482193385290101,True,early_stopped_cleanly
synthetic_piecewise,44,regression,ablation,TST-v2-GateFourier,TST-v2-GateFourier,1024,20,ok,,17,0.6447686553001404,0.8035073746780155,0.8366994860913219,0.6316350582993593,1.5412139767698052,0.03319211141330647,0.20412716269493103,4.940111466567032e-05,True,0.730128824710846,0.7299187183380127,0.0,9,0.8356278104314,0.836076029769929,0.0004482193385290101,True,early_stopped_cleanly
synthetic_piecewise,44,regression,ablation,TST-v2-GateFourier,TST-v2-GateFourier,1024,20,ok,,18,0.6466347455978394,0.8034536661415654,0.8355839418354699,0.2827078794778197,0.48087297316619015,0.032130275693904475,0.23644046485424042,5.2112562116235495e-05,True,0.7301002740859985,0.7299022078514099,0.0,9,0.8356278104314,0.836076029769929,0.0004482193385290101,True,early_stopped_cleanly
synthetic_piecewise,44,regression,ablation,TST-v2-GateFourier,TST-v2-GateFourier,1024,20,ok,,19,0.6450144529342652,0.8033244616333859,0.836076029769929,1.1394299403078383,2.623552786150519,0.03275156813654312,0.2177456170320511,5.392940511228517e-05,True,0.7300705313682556,0.7298842668533325,0.0,9,0.8356278104314,0.836076029769929,0.0004482193385290101,True,early_stopped_cleanly
synthetic_piecewise,44,regression,ablation,TST-v3-MoE,TST-v3-MoE,1024,20,ok,,1,1.0136735320091248,0.8775247185097474,0.9182297680456681,10.471435398300555,29.163158580885977,0.04070504953592069,-0.13198865950107574,0.0009743589325807989,True,0.7310212850570679,0.7311220169067383,0.0,3,0.835497874231562,0.8382170425953436,0.00271916836378161,True,early_stopped_cleanly
synthetic_piecewise,44,regression,ablation,TST-v3-MoE,TST-v3-MoE,1024,20,ok,,2,0.685620105266571,0.8318870670237286,0.8565359904916473,2.578216126686285,3.8959904242449293,0.024648923467918693,0.43775030970573425,0.0003147553652524948,True,0.7309659719467163,0.7309967279434204,0.0,3,0.835497874231562,0.8382170425953436,0.00271916836378161,True,early_stopped_cleanly
synthetic_piecewise,44,regression,ablation,TST-v3-MoE,TST-v3-MoE,1024,20,ok,,3,0.6752961635589599,0.8039403242743545,0.835497874231562,2.00716244804381,3.5195340252228386,0.0315575499572075,0.2537866234779358,0.0001800027530407533,True,0.7309008836746216,0.7310160398483276,0.0,3,0.835497874231562,0.8382170425953436,0.00271916836378161,True,early_stopped_cleanly
synthetic_piecewise,44,regression,ablation,TST-v3-MoE,TST-v3-MoE,1024,20,ok,,4,0.6460102558135986,0.8190829917559518,0.8562867943313565,0.7993235481935926,1.1791386855931114,0.037203802575404676,0.06145510822534561,0.00017264761845581234,True,0.7308467030525208,0.731086790561676,0.0,3,0.835497874231562,0.8382170425953436,0.00271916836378161,True,early_stopped_cleanly
synthetic_piecewise,44,regression,ablation,TST-v3-MoE,TST-v3-MoE,1024,20,ok,,5,0.6582853078842164,0.8050015771743773,0.8393005033540847,1.2719508882476513,2.0224663959863527,0.03429892617970742,0.16903206706047058,0.00015546036593150347,True,0.7308157682418823,0.7310636639595032,0.0,3,0.835497874231562,0.8382170425953436,0.00271916836378161,True,early_stopped_cleanly
synthetic_piecewise,44,regression,ablation,TST-v3-MoE,TST-v3-MoE,1024,20,ok,,6,0.6420191049575805,0.8068910445576423,0.8368863220246665,0.7357106014801131,1.2347412461654574,0.02999527746702424,0.2977334260940552,0.00014586538600269705,True,0.7307966351509094,0.7310431003570557,0.0,3,0.835497874231562,0.8382170425953436,0.00271916836378161,True,early_stopped_cleanly
synthetic_piecewise,44,regression,ablation,TST-v3-MoE,TST-v3-MoE,1024,20,ok,,7,0.6523619651794433,0.8048988361054966,0.8357983054380087,0.7043598764555155,1.6715695091364557,0.030899469332512086,0.2724928557872772,0.00014874614134896547,True,0.730778157711029,0.7310245037078857,0.0,3,0.835497874231562,0.8382170425953436,0.00271916836378161,True,early_stopped_cleanly
synthetic_piecewise,44,regression,ablation,TST-v3-MoE,TST-v3-MoE,1024,20,ok,,8,0.6442168235778809,0.8035462443628751,0.8368545564486306,0.31830876769352096,0.5859752434523036,0.033308312085755465,0.2009810507297516,0.00015609308320563287,True,0.7307618856430054,0.731006383895874,0.0,3,0.835497874231562,0.8382170425953436,0.00271916836378161,True,early_stopped_cleanly
synthetic_piecewise,44,regression,ablation,TST-v3-MoE,TST-v3-MoE,1024,20,ok,,9,0.6436248779296875,0.8047627163889918,0.8389540461912297,0.3438558622383624,0.5898075421329649,0.034191329802237935,0.17269231379032135,0.00016989711730275303,True,0.7307522296905518,0.7309883832931519,0.0,3,0.835497874231562,0.8382170425953436,0.00271916836378161,True,early_stopped_cleanly
synthetic_piecewise,44,regression,ablation,TST-v3-MoE,TST-v3-MoE,1024,20,ok,,10,0.6504989743232727,0.8038989898086883,0.837562870398739,0.9375067236079504,2.6410938945308304,0.033663880590050654,0.18984127044677734,0.00018204790831077844,True,0.7307485938072205,0.730972170829773,0.0,3,0.835497874231562,0.8382170425953436,0.00271916836378161,True,early_stopped_cleanly
synthetic_piecewise,44,regression,ablation,TST-v3-MoE,TST-v3-MoE,1024,20,ok,,11,0.6443919539451599,0.8049551509423905,0.8358200561163628,0.6315619423188304,1.006243941075156,0.030864905173972335,0.27363890409469604,0.00019430561223998666,True,0.7307520508766174,0.7309580445289612,0.0,3,0.835497874231562,0.8382170425953436,0.00271916836378161,True,early_stopped_cleanly
synthetic_piecewise,44,regression,ablation,TST-v3-MoE,TST-v3-MoE,1024,20,ok,,12,0.6531370282173157,0.8050119060915355,0.8358450865244063,0.6468991715920138,1.2218499457701826,0.030833180432870755,0.2745901644229889,0.00021014125377405435,True,0.7307543754577637,0.7309437394142151,0.0,3,0.835497874231562,0.8382170425953436,0.00271916836378161,True,early_stopped_cleanly
synthetic_piecewise,44,regression,ablation,TST-v3-MoE,TST-v3-MoE,1024,20,ok,,13,0.6486741304397583,0.8042740361443429,0.8382170425953436,0.48295331117890533,0.9231109296524505,0.03394300645100068,0.18108592927455902,0.00023249689547810704,True,0.7307563424110413,0.7309300899505615,0.0,3,0.835497874231562,0.8382170425953436,0.00271916836378161,True,early_stopped_cleanly
synthetic_irrelevant_noise,44,classification,ablation,TST-v0,TST-v0,1024,100,ok,,1,1.3426099061965941,0.5146579804560261,0.5170731707317073,25.183143916814608,92.88774479820864,-0.002415190275681267,0.7858114838600159,0.0015007791807875037,False,,,,1,0.5170731707317073,0.48292682926829267,0.034146341463414664,True,early_stopped_cleanly
synthetic_irrelevant_noise,44,classification,ablation,TST-v0,TST-v0,1024,100,ok,,2,0.7515011072158814,0.48534201954397393,0.48292682926829267,1.6429621942578383,2.7392540170995856,0.002415190275681267,0.44695329666137695,0.0005910239415243268,False,,,,1,0.5170731707317073,0.48292682926829267,0.034146341463414664,True,early_stopped_cleanly
synthetic_irrelevant_noise,44,classification,ablation,TST-v0,TST-v0,1024,100,ok,,3,0.7193406343460083,0.48534201954397393,0.48292682926829267,1.0311880739812709,1.4109276146159289,0.002415190275681267,0.36168673634529114,0.00028718257090076804,False,,,,1,0.5170731707317073,0.48292682926829267,0.034146341463414664,True,early_stopped_cleanly
synthetic_irrelevant_noise,44,classification,ablation,TST-v0,TST-v0,1024,100,ok,,4,0.7310302972793579,0.48534201954397393,0.48292682926829267,1.25346624746499,1.396315727613711,0.002415190275681267,0.4020088016986847,0.00021944846957921982,False,,,,1,0.5170731707317073,0.48292682926829267,0.034146341463414664,True,early_stopped_cleanly
synthetic_irrelevant_noise,44,classification,ablation,TST-v0,TST-v0,1024,100,ok,,5,0.7040061235427857,0.48534201954397393,0.48292682926829267,0.672480840114446,1.1816734569128213,0.002415190275681267,0.48247024416923523,0.00019751246145460755,False,,,,1,0.5170731707317073,0.48292682926829267,0.034146341463414664,True,early_stopped_cleanly
synthetic_irrelevant_noise,44,classification,ablation,TST-v0,TST-v0,1024,100,ok,,6,0.6936837196350097,0.5146579804560261,0.5170731707317073,0.30554611654394925,0.5256687940021153,-0.002415190275681267,0.5462974309921265,0.00018682301742956042,False,,,,1,0.5170731707317073,0.48292682926829267,0.034146341463414664,True,early_stopped_cleanly
synthetic_irrelevant_noise,44,classification,ablation,TST-v0,TST-v0,1024,100,ok,,7,0.6963926911354065,0.5146579804560261,0.5170731707317073,0.5316192174408436,1.342576825015696,-0.002415190275681267,0.5617756843566895,0.00017754902364686131,False,,,,1,0.5170731707317073,0.48292682926829267,0.034146341463414664,True,early_stopped_cleanly
synthetic_irrelevant_noise,44,classification,ablation,TST-v0,TST-v0,1024,100,ok,,8,0.6977897405624389,0.5146579804560261,0.5170731707317073,0.4366973043934257,1.1161707726263073,-0.002415190275681267,0.5497531294822693,0.0001701990404399112,False,,,,1,0.5170731707317073,0.48292682926829267,0.034146341463414664,True,early_stopped_cleanly
synthetic_irrelevant_noise,44,classification,ablation,TST-v0,TST-v0,1024,100,ok,,9,0.6949104905128479,0.5146579804560261,0.5170731707317073,0.3785549458126296,0.8186329054781895,-0.002415190275681267,0.5178165435791016,0.0001628642639843747,False,,,,1,0.5170731707317073,0.48292682926829267,0.034146341463414664,True,early_stopped_cleanly
synthetic_irrelevant_noise,44,classification,ablation,TST-v0,TST-v0,1024,100,ok,,10,0.6933670520782471,0.48534201954397393,0.48292682926829267,0.4317847888491846,0.7020716991040029,0.002415190275681267,0.490736722946167,0.00015803275164216757,False,,,,1,0.5170731707317073,0.48292682926829267,0.034146341463414664,True,early_stopped_cleanly
synthetic_irrelevant_noise,44,classification,ablation,TST-v0,TST-v0,1024,100,ok,,11,0.6945534348487854,0.48534201954397393,0.48292682926829267,0.530443717440003,0.8319970460831504,0.002415190275681267,0.48621219396591187,0.00015731906751170754,False,,,,1,0.5170731707317073,0.48292682926829267,0.034146341463414664,True,early_stopped_cleanly
synthetic_irrelevant_noise,44,classification,ablation,TST-v1-Gate,TST-v1-Gate,1024,100,ok,,1,1.3447728157043457,0.5146579804560261,0.5170731707317073,32.62070341442528,123.53719495854041,-0.002415190275681267,0.7855108380317688,0.001452858792617917,True,0.7311460971832275,0.7314597368240356,0.0,1,0.5170731707317073,0.48292682926829267,0.034146341463414664,True,early_stopped_cleanly
synthetic_irrelevant_noise,44,classification,ablation,TST-v1-Gate,TST-v1-Gate,1024,100,ok,,2,0.7512447834014893,0.48534201954397393,0.48292682926829267,1.6969115834601483,2.8895235295171173,0.002415190275681267,0.4460121691226959,0.0005637336289510131,True,0.7311577796936035,0.7315819263458252,0.0,1,0.5170731707317073,0.48292682926829267,0.034146341463414664,True,early_stopped_cleanly
synthetic_irrelevant_noise,44,classification,ablation,TST-v1-Gate,TST-v1-Gate,1024,100,ok,,3,0.7196202516555786,0.48534201954397393,0.48292682926829267,1.0398462010050553,1.4179646240599126,0.002415190275681267,0.3617417514324188,0.00027072374359704554,True,0.7311623096466064,0.7316306829452515,0.0,1,0.5170731707317073,0.48292682926829267,0.034146341463414664,True,early_stopped_cleanly
synthetic_irrelevant_noise,44,classification,ablation,TST-v1-Gate,TST-v1-Gate,1024,100,ok,,4,0.7308495044708252,0.48534201954397393,0.48292682926829267,1.251544201116814,1.3912632702699375,0.002415190275681267,0.4029117226600647,0.00020471421885304153,True,0.7311691045761108,0.7316597104072571,0.0,1,0.5170731707317073,0.48292682926829267,0.034146341463414664,True,early_stopped_cleanly
synthetic_irrelevant_noise,44,classification,ablation,TST-v1-Gate,TST-v1-Gate,1024,100,ok,,5,0.7037559390068054,0.48534201954397393,0.48292682926829267,0.6632595351184583,1.1728379366446609,0.002415190275681267,0.48376062512397766,0.0001832060661399737,True,0.7311728000640869,0.7316755056381226,0.0,1,0.5170731707317073,0.48292682926829267,0.034146341463414664,True,early_stopped_cleanly
synthetic_irrelevant_noise,44,classification,ablation,TST-v1-Gate,TST-v1-Gate,1024,100,ok,,6,0.6937713503837586,0.5146579804560261,0.5170731707317073,0.30761862558466974,0.5147562739315481,-0.002415190275681267,0.5472348928451538,0.0001741325540933758,True,0.7311714291572571,0.7316811680793762,0.0,1,0.5170731707317073,0.48292682926829267,0.034146341463414664,True,early_stopped_cleanly
synthetic_irrelevant_noise,44,classification,ablation,TST-v1-Gate,TST-v1-Gate,1024,100,ok,,7,0.6965946316719055,0.5146579804560261,0.5170731707317073,0.5352668205121798,1.350876665161565,-0.002415190275681267,0.5618340373039246,0.00016516591131221503,True,0.7311655282974243,0.7316808700561523,0.0,1,0.5170731707317073,0.48292682926829267,0.034146341463414664,True,early_stopped_cleanly
synthetic_irrelevant_noise,44,classification,ablation,TST-v1-Gate,TST-v1-Gate,1024,100,ok,,8,0.6978075265884399,0.5146579804560261,0.5170731707317073,0.43501567414975495,1.1137935079033332,-0.002415190275681267,0.5490883588790894,0.00015777967928443104,True,0.7311573028564453,0.7316763401031494,0.0,1,0.5170731707317073,0.48292682926829267,0.034146341463414664,True,early_stopped_cleanly
synthetic_irrelevant_noise,44,classification,ablation,TST-v1-Gate,TST-v1-Gate,1024,100,ok,,9,0.6949125170707703,0.5146579804560261,0.5170731707317073,0.3775436082823312,0.8136727904978907,-0.002415190275681267,0.5169128775596619,0.00015038317360449582,True,0.7311477065086365,0.731669545173645,0.0,1,0.5170731707317073,0.48292682926829267,0.034146341463414664,True,early_stopped_cleanly
synthetic_irrelevant_noise,44,classification,ablation,TST-v1-Gate,TST-v1-Gate,1024,100,ok,,10,0.6934645056724549,0.48534201954397393,0.48292682926829267,0.4304093150373337,0.7084669536308985,0.002415190275681267,0.4901585876941681,0.00014524334983434528,True,0.7311369180679321,0.7316610813140869,0.0,1,0.5170731707317073,0.48292682926829267,0.034146341463414664,True,early_stopped_cleanly
synthetic_irrelevant_noise,44,classification,ablation,TST-v1-Gate,TST-v1-Gate,1024,100,ok,,11,0.69465491771698,0.48534201954397393,0.48292682926829267,0.5310854329735804,0.8367422430656996,0.002415190275681267,0.48622944951057434,0.00014429049042519182,True,0.7311259508132935,0.7316515445709229,0.0,1,0.5170731707317073,0.48292682926829267,0.034146341463414664,True,early_stopped_cleanly
synthetic_irrelevant_noise,44,classification,ablation,TST-v2-GateFourier,TST-v2-GateFourier,1024,100,ok,,1,0.9398885726928711,0.48534201954397393,0.48292682926829267,3.6464264182185824,5.421240984799146,0.002415190275681267,0.48275190591812134,8.222710312111303e-05,True,0.7308753132820129,0.73092120885849,0.0,3,0.5170731707317073,0.5170731707317073,0.0,True,early_stopped_cleanly
synthetic_irrelevant_noise,44,classification,ablation,TST-v2-GateFourier,TST-v2-GateFourier,1024,100,ok,,2,0.7168656468391419,0.48534201954397393,0.48292682926829267,1.0509176600612133,1.5171240903214351,0.002415190275681267,0.4026395082473755,2.287149072799366e-05,True,0.7307085990905762,0.7307317852973938,0.0,3,0.5170731707317073,0.5170731707317073,0.0,True,early_stopped_cleanly
synthetic_irrelevant_noise,44,classification,ablation,TST-v2-GateFourier,TST-v2-GateFourier,1024,100,ok,,3,0.7067910313606263,0.5146579804560261,0.5170731707317073,0.7118440278900515,1.6549919171559897,-0.002415190275681267,0.5575988292694092,3.249901419621892e-05,True,0.7305834889411926,0.7305893898010254,0.0,3,0.5170731707317073,0.5170731707317073,0.0,True,early_stopped_cleanly
synthetic_irrelevant_noise,44,classification,ablation,TST-v2-GateFourier,TST-v2-GateFourier,1024,100,ok,,4,0.6972059607505798,0.5146579804560261,0.5170731707317073,0.4154253234136472,0.7262905797032699,-0.002415190275681267,0.5495432019233704,1.9797174900304526e-05,True,0.730465829372406,0.7304626107215881,0.0,3,0.5170731707317073,0.5170731707317073,0.0,True,early_stopped_cleanly
synthetic_irrelevant_noise,44,classification,ablation,TST-v2-GateFourier,TST-v2-GateFourier,1024,100,ok,,5,0.6947928071022034,0.5146579804560261,0.5170731707317073,0.316403700412501,0.5728543184989255,-0.002415190275681267,0.5036728382110596,1.8381706468062475e-05,True,0.7303657531738281,0.7303564548492432,0.0,3,0.5170731707317073,0.5170731707317073,0.0,True,early_stopped_cleanly
synthetic_irrelevant_noise,44,classification,ablation,TST-v2-GateFourier,TST-v2-GateFourier,1024,100,ok,,6,0.6941434383392334,0.5146579804560261,0.5170731707317073,0.48426648148281154,0.9682749068887752,-0.002415190275681267,0.5027642846107483,1.7728192688082345e-05,True,0.7302719950675964,0.7302748560905457,0.0,3,0.5170731707317073,0.5170731707317073,0.0,True,early_stopped_cleanly
synthetic_irrelevant_noise,44,classification,ablation,TST-v2-GateFourier,TST-v2-GateFourier,1024,100,ok,,7,0.6933469653129578,0.5146579804560261,0.5170731707317073,0.25164646661571755,0.6561684771303056,-0.002415190275681267,0.5104482769966125,1.767515277606435e-05,True,0.7301854491233826,0.7301698327064514,0.0,3,0.5170731707317073,0.5170731707317073,0.0,True,early_stopped_cleanly
synthetic_irrelevant_noise,44,classification,ablation,TST-v2-GateFourier,TST-v2-GateFourier,1024,100,ok,,8,0.6928347706794739,0.5146579804560261,0.5170731707317073,0.321503577534562,0.7370640470825809,-0.002415190275681267,0.5173047780990601,1.877315116871614e-05,True,0.7301048040390015,0.730097770690918,0.0,3,0.5170731707317073,0.5170731707317073,0.0,True,early_stopped_cleanly
synthetic_irrelevant_noise,44,classification,ablation,TST-v2-GateFourier,TST-v2-GateFourier,1024,100,ok,,9,0.6927038192749023,0.5146579804560261,0.5170731707317073,0.07843048848670112,0.21072240537169734,-0.002415190275681267,0.5176233649253845,2.06979730137391e-05,True,0.7300297617912292,0.7300256490707397,0.0,3,0.5170731707317073,0.5170731707317073,0.0,True,early_stopped_cleanly
synthetic_irrelevant_noise,44,classification,ablation,TST-v2-GateFourier,TST-v2-GateFourier,1024,100,ok,,10,0.6932711720466613,0.5146579804560261,0.5170731707317073,0.31494092923916206,0.5438425016030456,-0.002415190275681267,0.510137140750885,2.3309734388021752e-05,True,0.7299585938453674,0.7299584150314331,0.0,3,0.5170731707317073,0.5170731707317073,0.0,True,early_stopped_cleanly
synthetic_irrelevant_noise,44,classification,ablation,TST-v2-GateFourier,TST-v2-GateFourier,1024,100,ok,,11,0.6925756573677063,0.5146579804560261,0.5170731707317073,0.2604354541860017,0.5422818748920981,-0.002415190275681267,0.5182863473892212,2.6426141630508937e-05,True,0.729884922504425,0.729888916015625,0.0,3,0.5170731707317073,0.5170731707317073,0.0,True,early_stopped_cleanly
synthetic_irrelevant_noise,44,classification,ablation,TST-v2-GateFourier,TST-v2-GateFourier,1024,100,ok,,12,0.6939057350158692,0.5146579804560261,0.5170731707317073,0.2932466190381045,0.4791521783040484,-0.002415190275681267,0.5301540493965149,2.902055530284997e-05,True,0.7298114895820618,0.7298160195350647,0.0,3,0.5170731707317073,0.5170731707317073,0.0,True,early_stopped_cleanly
synthetic_irrelevant_noise,44,classification,ablation,TST-v2-GateFourier,TST-v2-GateFourier,1024,100,ok,,13,0.6936694741249084,0.5146579804560261,0.5170731707317073,0.3320123442624753,0.7105728506789903,-0.002415190275681267,0.5051187872886658,3.446521805017255e-05,True,0.7297517657279968,0.7297675013542175,0.0,3,0.5170731707317073,0.5170731707317073,0.0,True,early_stopped_cleanly
synthetic_irrelevant_noise,44,classification,ablation,TST-v3-MoE,TST-v3-MoE,1024,100,ok,,1,0.7933736801147461,0.5146579804560261,0.5170731707317073,2.14812383114924,4.1309910304974276,-0.002415190275681267,0.5128037333488464,0.00013274488446768373,True,0.7311061024665833,0.7311779856681824,0.0,1,0.5170731707317073,0.5170731707317073,0.0,True,early_stopped_cleanly
synthetic_irrelevant_noise,44,classification,ablation,TST-v3-MoE,TST-v3-MoE,1024,100,ok,,2,0.7351947784423828,0.48534201954397393,0.48292682926829267,1.158503808031964,1.734138759499838,0.002415190275681267,0.4427131414413452,2.7275293177808635e-05,True,0.730998694896698,0.7310557961463928,0.0,1,0.5170731707317073,0.5170731707317073,0.0,True,early_stopped_cleanly
synthetic_irrelevant_noise,44,classification,ablation,TST-v3-MoE,TST-v3-MoE,1024,100,ok,,3,0.6901262879371644,0.5146579804560261,0.5170731707317073,0.1781898578413559,0.36430085667182,-0.002415190275681267,0.6005004048347473,2.0252966351108626e-05,True,0.7308409810066223,0.7308747172355652,0.0,1,0.5170731707317073,0.5170731707317073,0.0,True,early_stopped_cleanly
synthetic_irrelevant_noise,44,classification,ablation,TST-v3-MoE,TST-v3-MoE,1024,100,ok,,4,0.704619038105011,0.5146579804560261,0.5170731707317073,0.5324112565896039,0.9341665617317876,-0.002415190275681267,0.5548039674758911,1.2116542166040745e-05,True,0.7307049632072449,0.7307062149047852,0.0,1,0.5170731707317073,0.5170731707317073,0.0,True,early_stopped_cleanly
synthetic_irrelevant_noise,44,classification,ablation,TST-v3-MoE,TST-v3-MoE,1024,100,ok,,5,0.6930124402046204,0.48534201954397393,0.48292682926829267,0.13690964979616257,0.273945199668508,0.002415190275681267,0.48943379521369934,8.816125955490861e-06,True,0.7305850982666016,0.7305774688720703,0.0,1,0.5170731707317073,0.5170731707317073,0.0,True,early_stopped_cleanly
synthetic_irrelevant_noise,44,classification,ablation,TST-v3-MoE,TST-v3-MoE,1024,100,ok,,6,0.6956173300743103,0.48534201954397393,0.48292682926829267,0.2447230629491684,0.5478171823244935,0.002415190275681267,0.4794713854789734,8.260344657173846e-06,True,0.7304679751396179,0.730453610420227,0.0,1,0.5170731707317073,0.5170731707317073,0.0,True,early_stopped_cleanly
synthetic_irrelevant_noise,44,classification,ablation,TST-v3-MoE,TST-v3-MoE,1024,100,ok,,7,0.6966246604919434,0.5146579804560261,0.5170731707317073,0.3698192778355264,0.5429896761662701,-0.002415190275681267,0.5271945595741272,7.2812422331480775e-06,True,0.730345606803894,0.7303155660629272,0.0,1,0.5170731707317073,0.5170731707317073,0.0,True,early_stopped_cleanly
synthetic_irrelevant_noise,44,classification,ablation,TST-v3-MoE,TST-v3-MoE,1024,100,ok,,8,0.6938637852668762,0.5146579804560261,0.5170731707317073,0.3313371587728629,0.49174570931507566,-0.002415190275681267,0.5316858291625977,7.179713065852411e-06,True,0.7302287817001343,0.7301970720291138,0.0,1,0.5170731707317073,0.5170731707317073,0.0,True,early_stopped_cleanly
synthetic_irrelevant_noise,44,classification,ablation,TST-v3-MoE,TST-v3-MoE,1024,100,ok,,9,0.6928293585777283,0.5146579804560261,0.5170731707317073,0.1703672577590547,0.390153767773625,-0.002415190275681267,0.5146545171737671,7.213305707409745e-06,True,0.7301135063171387,0.7300891876220703,0.0,1,0.5170731707317073,0.5170731707317073,0.0,True,early_stopped_cleanly
synthetic_irrelevant_noise,44,classification,ablation,TST-v3-MoE,TST-v3-MoE,1024,100,ok,,10,0.6940318942070007,0.5146579804560261,0.5170731707317073,0.2843467026457942,0.5224124665396156,-0.002415190275681267,0.5002053380012512,7.5093694249517284e-06,True,0.7299956679344177,0.7299587726593018,0.0,1,0.5170731707317073,0.5170731707317073,0.0,True,early_stopped_cleanly
synthetic_irrelevant_noise,44,classification,ablation,TST-v3-MoE,TST-v3-MoE,1024,100,ok,,11,0.6927412509918213,0.5146579804560261,0.5170731707317073,0.26220391081893357,0.3888151388051837,-0.002415190275681267,0.5154894590377808,7.685312993999105e-06,True,0.7298706769943237,0.7298070788383484,0.0,1,0.5170731707317073,0.5170731707317073,0.0,True,early_stopped_cleanly
synthetic_rotated,44,classification,ablation,TST-v0,TST-v0,1024,20,ok,,1,1.2373152256011963,0.6140065146579805,0.6146341463414634,10.49362593836628,30.948876064486235,-0.0006276316834828988,0.13718709349632263,0.002422310644760728,False,,,,1,0.6146341463414634,0.6146341463414634,0.0,True,early_stopped_cleanly
synthetic_rotated,44,classification,ablation,TST-v0,TST-v0,1024,20,ok,,2,0.7204207658767701,0.38599348534201955,0.3853658536585366,1.235660995746704,2.513938847033593,0.0006276316834829543,0.5295052528381348,0.002471105894073844,False,,,,1,0.6146341463414634,0.6146341463414634,0.0,True,early_stopped_cleanly
synthetic_rotated,44,classification,ablation,TST-v0,TST-v0,1024,20,ok,,3,0.7222853064537048,0.38599348534201955,0.3853658536585366,1.5460340326643625,2.1187241422550134,0.0006276316834829543,0.5333278775215149,0.0015993035631254315,False,,,,1,0.6146341463414634,0.6146341463414634,0.0,True,early_stopped_cleanly
synthetic_rotated,44,classification,ablation,TST-v0,TST-v0,1024,20,ok,,4,0.6804562568664551,0.6140065146579805,0.6146341463414634,0.7609658604321841,1.0537919609046105,-0.0006276316834828988,0.3909691870212555,0.001126971677877009,False,,,,1,0.6146341463414634,0.6146341463414634,0.0,True,early_stopped_cleanly
synthetic_rotated,44,classification,ablation,TST-v0,TST-v0,1024,20,ok,,5,0.6698521375656128,0.6140065146579805,0.6146341463414634,0.5766496564345656,0.9159773579987959,-0.0006276316834828988,0.3192494809627533,0.0008347712573595345,False,,,,1,0.6146341463414634,0.6146341463414634,0.0,True,early_stopped_cleanly
synthetic_rotated,44,classification,ablation,TST-v0,TST-v0,1024,20,ok,,6,0.6781449675559997,0.6140065146579805,0.6146341463414634,0.6174788170061138,0.8270194963418143,-0.0006276316834828988,0.32901209592819214,0.0007331515662372112,False,,,,1,0.6146341463414634,0.6146341463414634,0.0,True,early_stopped_cleanly
synthetic_rotated,44,classification,ablation,TST-v0,TST-v0,1024,20,ok,,7,0.6702667355537415,0.6140065146579805,0.6146341463414634,0.38684934413454397,0.6975039208081821,-0.0006276316834828988,0.3771103024482727,0.0007281870930455625,False,,,,1,0.6146341463414634,0.6146341463414634,0.0,True,early_stopped_cleanly
synthetic_rotated,44,classification,ablation,TST-v0,TST-v0,1024,20,ok,,8,0.666974401473999,0.6140065146579805,0.6146341463414634,0.17602581252832922,0.3227827021666723,-0.0006276316834828988,0.4143271744251251,0.0007560913218185306,False,,,,1,0.6146341463414634,0.6146341463414634,0.0,True,early_stopped_cleanly
synthetic_rotated,44,classification,ablation,TST-v0,TST-v0,1024,20,ok,,9,0.6690809845924377,0.6140065146579805,0.6146341463414634,0.24034075111857586,0.7010159170931287,-0.0006276316834828988,0.4204479455947876,0.0008021505200304091,False,,,,1,0.6146341463414634,0.6146341463414634,0.0,True,early_stopped_cleanly
synthetic_rotated,44,classification,ablation,TST-v0,TST-v0,1024,20,ok,,10,0.667585837841034,0.6140065146579805,0.6146341463414634,0.36358263779710487,0.6685363368445137,-0.0006276316834828988,0.40884727239608765,0.0008577515836805105,False,,,,1,0.6146341463414634,0.6146341463414634,0.0,True,early_stopped_cleanly
synthetic_rotated,44,classification,ablation,TST-v0,TST-v0,1024,20,ok,,11,0.6661037921905517,0.6140065146579805,0.6146341463414634,0.14252218743447048,0.23821469944742074,-0.0006276316834828988,0.38280022144317627,0.0009299659286625683,False,,,,1,0.6146341463414634,0.6146341463414634,0.0,True,early_stopped_cleanly
synthetic_rotated,44,classification,ablation,TST-v1-Gate,TST-v1-Gate,1024,20,ok,,1,1.237890362739563,0.6140065146579805,0.6146341463414634,13.019583152614876,40.2959895012377,-0.0006276316834828988,0.1382606327533722,0.0023245851043611765,True,0.7310359477996826,0.7309246063232422,0.0,1,0.6146341463414634,0.6146341463414634,0.0,True,early_stopped_cleanly
synthetic_rotated,44,classification,ablation,TST-v1-Gate,TST-v1-Gate,1024,20,ok,,2,0.7196709394454956,0.38599348534201955,0.3853658536585366,1.274361419015667,2.6392207380160144,0.0006276316834829543,0.5318532586097717,0.0023478663060814142,True,0.7309769988059998,0.7306797504425049,0.0,1,0.6146341463414634,0.6146341463414634,0.0,True,early_stopped_cleanly
synthetic_rotated,44,classification,ablation,TST-v1-Gate,TST-v1-Gate,1024,20,ok,,3,0.7224233627319336,0.38599348534201955,0.3853658536585366,1.5610980041698719,2.125987115253365,0.0006276316834829543,0.5312690734863281,0.0014983912697061896,True,0.7309635281562805,0.7305785417556763,0.0,1,0.6146341463414634,0.6146341463414634,0.0,True,early_stopped_cleanly
synthetic_rotated,44,classification,ablation,TST-v1-Gate,TST-v1-Gate,1024,20,ok,,4,0.6796018719673157,0.6140065146579805,0.6146341463414634,0.7377542838462305,1.0338327117421273,-0.0006276316834828988,0.38773536682128906,0.00104618351906538,True,0.7309700846672058,0.7305511236190796,0.0,1,0.6146341463414634,0.6146341463414634,0.0,True,early_stopped_cleanly
synthetic_rotated,44,classification,ablation,TST-v1-Gate,TST-v1-Gate,1024,20,ok,,5,0.6703456997871399,0.6140065146579805,0.6146341463414634,0.588892163232743,0.9414473687671936,-0.0006276316834828988,0.3180219829082489,0.0007674422231502831,True,0.7309710383415222,0.7305546402931213,0.0,1,0.6146341463414634,0.6146341463414634,0.0,True,early_stopped_cleanly
synthetic_rotated,44,classification,ablation,TST-v1-Gate,TST-v1-Gate,1024,20,ok,,6,0.6782657384872437,0.6140065146579805,0.6146341463414634,0.6202990591890402,0.8345260041694592,-0.0006276316834828988,0.33030086755752563,0.0006727900472469628,True,0.7309685349464417,0.7305396199226379,0.0,1,0.6146341463414634,0.6146341463414634,0.0,True,early_stopped_cleanly
synthetic_rotated,44,classification,ablation,TST-v1-Gate,TST-v1-Gate,1024,20,ok,,7,0.6700514197349549,0.6140065146579805,0.6146341463414634,0.37702283101190237,0.6876427818484282,-0.0006276316834828988,0.37959763407707214,0.0006618726183660328,True,0.7309629917144775,0.7305136919021606,0.0,1,0.6146341463414634,0.6146341463414634,0.0,True,early_stopped_cleanly
synthetic_rotated,44,classification,ablation,TST-v1-Gate,TST-v1-Gate,1024,20,ok,,8,0.667112934589386,0.6140065146579805,0.6146341463414634,0.18002993092113928,0.30824459403954346,-0.0006276316834828988,0.41579315066337585,0.0006815919186919928,True,0.7309536337852478,0.7304871082305908,0.0,1,0.6146341463414634,0.6146341463414634,0.0,True,early_stopped_cleanly
synthetic_rotated,44,classification,ablation,TST-v1-Gate,TST-v1-Gate,1024,20,ok,,9,0.6693438053131103,0.6140065146579805,0.6146341463414634,0.24476519065589325,0.713544368331893,-0.0006276316834828988,0.42004334926605225,0.0007161289104260504,True,0.7309411764144897,0.7304713726043701,0.0,1,0.6146341463414634,0.6146341463414634,0.0,True,early_stopped_cleanly
synthetic_rotated,44,classification,ablation,TST-v1-Gate,TST-v1-Gate,1024,20,ok,,10,0.6676124572753906,0.6140065146579805,0.6146341463414634,0.3595060628669394,0.6594399125367495,-0.0006276316834828988,0.4075418710708618,0.000758402980864048,True,0.7309277057647705,0.7304577827453613,0.0,1,0.6146341463414634,0.6146341463414634,0.0,True,early_stopped_cleanly
synthetic_rotated,44,classification,ablation,TST-v1-Gate,TST-v1-Gate,1024,20,ok,,11,0.6662205457687378,0.6140065146579805,0.6146341463414634,0.13988293889416728,0.22719610317173786,-0.0006276316834828988,0.38189318776130676,0.000813806604128331,True,0.730913519859314,0.7304450273513794,0.0,1,0.6146341463414634,0.6146341463414634,0.0,True,early_stopped_cleanly
synthetic_rotated,44,classification,ablation,TST-v2-GateFourier,TST-v2-GateFourier,1024,20,ok,,1,0.8155839800834656,0.6140065146579805,0.6146341463414634,3.2426958784529076,5.555293884419333,-0.0006276316834828988,0.41232070326805115,0.0002513921062927693,True,0.7310115098953247,0.7310261726379395,0.0,1,0.6146341463414634,0.6146341463414634,0.0,True,early_stopped_cleanly
synthetic_rotated,44,classification,ablation,TST-v2-GateFourier,TST-v2-GateFourier,1024,20,ok,,2,0.7171924233436584,0.6140065146579805,0.6146341463414634,1.4682761958251724,2.2352169598105998,-0.0006276316834828988,0.492465615272522,8.771447755862027e-05,True,0.730923056602478,0.7307491898536682,0.0,1,0.6146341463414634,0.6146341463414634,0.0,True,early_stopped_cleanly
synthetic_rotated,44,classification,ablation,TST-v2-GateFourier,TST-v2-GateFourier,1024,20,ok,,3,0.6730339884757995,0.6140065146579805,0.6146341463414634,0.7133509398133634,1.2798934702974027,-0.0006276316834828988,0.3486902713775635,3.452342571108602e-05,True,0.730769157409668,0.7305278778076172,0.0,1,0.6146341463414634,0.6146341463414634,0.0,True,early_stopped_cleanly
synthetic_rotated,44,classification,ablation,TST-v2-GateFourier,TST-v2-GateFourier,1024,20,ok,,4,0.6750532031059265,0.6140065146579805,0.6146341463414634,0.49902381801425494,1.2829887192734055,-0.0006276316834828988,0.3232695758342743,2.489424150553532e-05,True,0.7306302785873413,0.7303160429000854,0.0,1,0.6146341463414634,0.6146341463414634,0.0,True,early_stopped_cleanly
synthetic_rotated,44,classification,ablation,TST-v2-GateFourier,TST-v2-GateFourier,1024,20,ok,,5,0.6724901795387268,0.6140065146579805,0.6146341463414634,0.5792861379318958,1.2666693340797732,-0.0006276316834828988,0.3580974042415619,1.5126785910979379e-05,True,0.7304904460906982,0.730167031288147,0.0,1,0.6146341463414634,0.6146341463414634,0.0,True,early_stopped_cleanly
synthetic_rotated,44,classification,ablation,TST-v2-GateFourier,TST-v2-GateFourier,1024,20,ok,,6,0.6680115699768067,0.6140065146579805,0.6146341463414634,0.3019064425322978,0.5408914233604406,-0.0006276316834828988,0.40046897530555725,1.0989574548148084e-05,True,0.7303537726402283,0.7300662994384766,0.0,1,0.6146341463414634,0.6146341463414634,0.0,True,early_stopped_cleanly
synthetic_rotated,44,classification,ablation,TST-v2-GateFourier,TST-v2-GateFourier,1024,20,ok,,7,0.6686236023902893,0.6140065146579805,0.6146341463414634,0.24327851048211285,0.5702525683493843,-0.0006276316834828988,0.41814374923706055,9.905365004669875e-06,True,0.7302191853523254,0.7299729585647583,0.0,1,0.6146341463414634,0.6146341463414634,0.0,True,early_stopped_cleanly
synthetic_rotated,44,classification,ablation,TST-v2-GateFourier,TST-v2-GateFourier,1024,20,ok,,8,0.6696426033973694,0.6140065146579805,0.6146341463414634,0.2709157383904528,0.4255502367680627,-0.0006276316834828988,0.4084013104438782,1.023402001010254e-05,True,0.7300844788551331,0.7298849821090698,0.0,1,0.6146341463414634,0.6146341463414634,0.0,True,early_stopped_cleanly
synthetic_rotated,44,classification,ablation,TST-v2-GateFourier,TST-v2-GateFourier,1024,20,ok,,9,0.6678777694702148,0.6140065146579805,0.6146341463414634,0.31303478367645765,0.5778157238648043,-0.0006276316834828988,0.38809412717819214,1.199912640004186e-05,True,0.7299481630325317,0.7297692894935608,0.0,1,0.6146341463414634,0.6146341463414634,0.0,True,early_stopped_cleanly
synthetic_rotated,44,classification,ablation,TST-v2-GateFourier,TST-v2-GateFourier,1024,20,ok,,10,0.6662291407585144,0.6140065146579805,0.6146341463414634,0.3332552656769942,0.4916989208278462,-0.0006276316834828988,0.38011473417282104,1.4049863239051774e-05,True,0.7298118472099304,0.729562520980835,0.0,1,0.6146341463414634,0.6146341463414634,0.0,True,early_stopped_cleanly
synthetic_rotated,44,classification,ablation,TST-v2-GateFourier,TST-v2-GateFourier,1024,20,ok,,11,0.6668140292167664,0.6140065146579805,0.6146341463414634,0.21643380557376907,0.3629787857838575,-0.0006276316834828988,0.3800739645957947,1.5935198462102562e-05,True,0.729674220085144,0.7294659614562988,0.0,1,0.6146341463414634,0.6146341463414634,0.0,True,early_stopped_cleanly
synthetic_rotated,44,classification,ablation,TST-v3-MoE,TST-v3-MoE,1024,20,ok,,1,0.7315944075584412,0.6140065146579805,0.6146341463414634,1.928401366125102,6.320264207931058,-0.0006276316834828988,0.4173300266265869,0.00021812164050061256,True,0.7309876680374146,0.7310587763786316,0.0,1,0.6146341463414634,0.6146341463414634,0.0,True,early_stopped_cleanly
synthetic_rotated,44,classification,ablation,TST-v3-MoE,TST-v3-MoE,1024,20,ok,,2,0.6716016054153442,0.6140065146579805,0.6146341463414634,0.3079311297904467,0.49939346934573736,-0.0006276316834828988,0.36708980798721313,0.0001194832511828281,True,0.7309139966964722,0.730781078338623,0.0,1,0.6146341463414634,0.6146341463414634,0.0,True,early_stopped_cleanly
synthetic_rotated,44,classification,ablation,TST-v3-MoE,TST-v3-MoE,1024,20,ok,,3,0.6673532843589782,0.6140065146579805,0.6146341463414634,0.15108729174683505,0.31634714073060577,-0.0006276316834828988,0.4082637131214142,0.00013711130304727703,True,0.7308775186538696,0.7308647632598877,0.0,1,0.6146341463414634,0.6146341463414634,0.0,True,early_stopped_cleanly
synthetic_rotated,44,classification,ablation,TST-v3-MoE,TST-v3-MoE,1024,20,ok,,4,0.6691149830818176,0.6140065146579805,0.6146341463414634,0.15693283323224588,0.5728432677075636,-0.0006276316834828988,0.3970673978328705,0.0001467191323172301,True,0.7308644652366638,0.7310348153114319,0.0,1,0.6146341463414634,0.6146341463414634,0.0,True,early_stopped_cleanly
synthetic_rotated,44,classification,ablation,TST-v3-MoE,TST-v3-MoE,1024,20,ok,,5,0.6683056831359864,0.6140065146579805,0.6146341463414634,0.27483281837850326,0.47854989543852294,-0.0006276316834828988,0.36841368675231934,0.00016000364848878235,True,0.7308642268180847,0.7309650182723999,0.0,1,0.6146341463414634,0.6146341463414634,0.0,True,early_stopped_cleanly
synthetic_rotated,44,classification,ablation,TST-v3-MoE,TST-v3-MoE,1024,20,ok,,6,0.6673888683319091,0.6140065146579805,0.6146341463414634,0.17221399033028295,0.28992325068143987,-0.0006276316834828988,0.3914613425731659,0.00021787750301882625,True,0.7308700680732727,0.7308735847473145,0.0,1,0.6146341463414634,0.6146341463414634,0.0,True,early_stopped_cleanly
synthetic_rotated,44,classification,ablation,TST-v3-MoE,TST-v3-MoE,1024,20,ok,,7,0.6664291262626648,0.6140065146579805,0.6146341463414634,0.33704792568227715,0.5272999523613127,-0.0006276316834828988,0.4046684801578522,0.0003056876885239035,True,0.7309006452560425,0.7308087348937988,0.0,1,0.6146341463414634,0.6146341463414634,0.0,True,early_stopped_cleanly
synthetic_rotated,44,classification,ablation,TST-v3-MoE,TST-v3-MoE,1024,20,ok,,8,0.6682378768920898,0.6140065146579805,0.6146341463414634,0.20619293203023745,0.3080078470767059,-0.0006276316834828988,0.3789065182209015,0.00041857108590193093,True,0.7309718728065491,0.7307358980178833,0.0,1,0.6146341463414634,0.6146341463414634,0.0,True,early_stopped_cleanly
synthetic_rotated,44,classification,ablation,TST-v3-MoE,TST-v3-MoE,1024,20,ok,,9,0.6684571266174316,0.6140065146579805,0.6146341463414634,0.2789471352874388,0.773150921613108,-0.0006276316834828988,0.3993443250656128,0.000680358789395541,True,0.7310916781425476,0.7306016683578491,0.0,1,0.6146341463414634,0.6146341463414634,0.0,True,early_stopped_cleanly
synthetic_rotated,44,classification,ablation,TST-v3-MoE,TST-v3-MoE,1024,20,ok,,10,0.6650125026702881,0.6140065146579805,0.6146341463414634,0.18411535421155598,0.3360969597883103,-0.0006276316834828988,0.3805590271949768,0.00109895842615515,True,0.7313157916069031,0.7305989265441895,0.0,1,0.6146341463414634,0.6146341463414634,0.0,True,early_stopped_cleanly
synthetic_rotated,44,classification,ablation,TST-v3-MoE,TST-v3-MoE,1024,20,ok,,11,0.6660483121871948,0.6140065146579805,0.6146341463414634,0.1554739654795274,0.2504520812916798,-0.0006276316834828988,0.3770274221897125,0.0021830794867128134,True,0.731656014919281,0.7309038639068604,0.0,1,0.6146341463414634,0.6146341463414634,0.0,True,early_stopped_cleanly
synthetic_regime,44,regression,ablation,TST-v0,TST-v0,1024,20,ok,,1,3.4513054192066193,0.6389082025174864,0.6935641134229052,47.47613293461588,98.23276965510811,0.05465591090541888,-0.07051270455121994,0.014387977309525013,False,,,,6,0.6915762094344586,0.6941348614987407,0.0025586520642820743,True,overfit
synthetic_regime,44,regression,ablation,TST-v0,TST-v0,1024,20,ok,,2,0.5966201484203338,0.803922048400515,0.8156744857917881,6.352479640990542,7.965324868235828,0.011752437391273185,-0.4535277187824249,0.006446633487939835,False,,,,6,0.6915762094344586,0.6941348614987407,0.0025586520642820743,True,overfit
synthetic_regime,44,regression,ablation,TST-v0,TST-v0,1024,20,ok,,3,0.49271148443222046,0.6280430858966114,0.6991671537830291,3.9726700224347176,6.9464464367968555,0.07112406788641767,0.07258560508489609,0.0054726144298911095,False,,,,6,0.6915762094344586,0.6941348614987407,0.0025586520642820743,True,overfit
synthetic_regime,44,regression,ablation,TST-v0,TST-v0,1024,20,ok,,4,0.4220716118812561,0.6800760276801533,0.7688424760354948,1.9989304474741831,3.5568211476592855,0.08876644835534153,0.3118706941604614,0.004436467308551073,False,,,,6,0.6915762094344586,0.6941348614987407,0.0025586520642820743,True,overfit
synthetic_regime,44,regression,ablation,TST-v0,TST-v0,1024,20,ok,,5,0.44592125415802003,0.641030787835489,0.7215542613303,2.920588797879488,4.046574687459338,0.08052347349481104,0.18219834566116333,0.003134275320917368,False,,,,6,0.6915762094344586,0.6941348614987407,0.0025586520642820743,True,overfit
synthetic_regime,44,regression,ablation,TST-v0,TST-v0,1024,20,ok,,6,0.39776372313499453,0.6305755827249178,0.6915762094344586,0.7141921562270995,1.8677438601785277,0.06100062670954087,-0.019060343503952026,0.0021708677522838116,False,,,,6,0.6915762094344586,0.6941348614987407,0.0025586520642820743,True,overfit
synthetic_regime,44,regression,ablation,TST-v0,TST-v0,1024,20,ok,,7,0.39833781123161316,0.6363604186722914,0.6924815463971042,1.1675619769328407,2.347227585996062,0.056121127724812814,-0.060986582189798355,0.0018805275904014707,False,,,,6,0.6915762094344586,0.6941348614987407,0.0025586520642820743,True,overfit
synthetic_regime,44,regression,ablation,TST-v0,TST-v0,1024,20,ok,,8,0.40260100960731504,0.6291315137335334,0.6914946504966591,1.2106471373356789,1.848866688420771,0.06236313676312577,-0.006462286226451397,0.0018432382494211197,False,,,,6,0.6915762094344586,0.6941348614987407,0.0025586520642820743,True,overfit
synthetic_regime,44,regression,ablation,TST-v0,TST-v0,1024,20,ok,,9,0.39335952401161195,0.6271404093582258,0.6981273423294757,0.9417214571523583,1.6015682823145518,0.07098693297124992,0.07547789067029953,0.001887489459477365,False,,,,6,0.6915762094344586,0.6941348614987407,0.0025586520642820743,True,overfit
synthetic_regime,44,regression,ablation,TST-v0,TST-v0,1024,20,ok,,10,0.39412126541137693,0.6290374998003619,0.7028894665725387,0.5328392682629346,1.577050752512171,0.07385196677217676,0.10558094084262848,0.001939036650583148,False,,,,6,0.6915762094344586,0.6941348614987407,0.0025586520642820743,True,overfit
synthetic_regime,44,regression,ablation,TST-v0,TST-v0,1024,20,ok,,11,0.3993337690830231,0.6268824837600181,0.6976674095021664,0.7735898774200167,1.4232397192076496,0.07078492574214834,0.07360834628343582,0.0019986077677458525,False,,,,6,0.6915762094344586,0.6941348614987407,0.0025586520642820743,True,overfit
synthetic_regime,44,regression,ablation,TST-v0,TST-v0,1024,20,ok,,12,0.3976687788963318,0.6264825879361797,0.6932252136240045,0.6249332617730831,1.600195529293876,0.06674262568782474,0.03413726016879082,0.0020911581814289093,False,,,,6,0.6915762094344586,0.6941348614987407,0.0025586520642820743,True,overfit
synthetic_regime,44,regression,ablation,TST-v0,TST-v0,1024,20,ok,,13,0.39425613880157473,0.6263958840239214,0.6930353186457355,0.73648616977284,0.9925639587379017,0.0666394346218141,0.03320319578051567,0.002244591945782304,False,,,,6,0.6915762094344586,0.6941348614987407,0.0025586520642820743,True,overfit
synthetic_regime,44,regression,ablation,TST-v0,TST-v0,1024,20,ok,,14,0.39717431664466857,0.6263759963317511,0.6966482469262185,0.8972921770395361,1.7685219503844214,0.0702722505944674,0.06861476600170135,0.002443202305585146,False,,,,6,0.6915762094344586,0.6941348614987407,0.0025586520642820743,True,overfit
synthetic_regime,44,regression,ablation,TST-v0,TST-v0,1024,20,ok,,15,0.3925961136817932,0.6259966295093682,0.695130335058309,0.2979392056808403,0.5983726217559069,0.06913370554894083,0.05732894688844681,0.002649401780217886,False,,,,6,0.6915762094344586,0.6941348614987407,0.0025586520642820743,True,overfit
synthetic_regime,44,regression,ablation,TST-v0,TST-v0,1024,20,ok,,16,0.39065704941749574,0.6258003832003041,0.6941348614987407,0.4510132250503432,1.205991470913422,0.06833447829843664,0.049533020704984665,0.002892137272283435,False,,,,6,0.6915762094344586,0.6941348614987407,0.0025586520642820743,True,overfit
synthetic_regime,44,regression,ablation,TST-v1-Gate,TST-v1-Gate,1024,20,ok,,1,3.4517693400382994,0.6391515534523587,0.6937543576765237,57.88838213818322,121.08046519279247,0.05460280422416497,-0.07159797102212906,0.01394569966942072,True,0.7309737801551819,0.7309415340423584,0.0,6,0.691601030747587,0.6941554482787309,0.0025544175311438266,True,overfit
synthetic_regime,44,regression,ablation,TST-v1-Gate,TST-v1-Gate,1024,20,ok,,2,0.5954120695590973,0.8009735248752714,0.8131665650049912,6.444141212749827,8.073283226705334,0.012193040129719779,-0.4487580955028534,0.0060343691147863865,True,0.7309359312057495,0.7308661937713623,0.0,6,0.691601030747587,0.6941554482787309,0.0025544175311438266,True,overfit
synthetic_regime,44,regression,ablation,TST-v1-Gate,TST-v1-Gate,1024,20,ok,,3,0.4888827383518219,0.6284751362203224,0.7005682767285634,3.9014269382148887,6.936499924635413,0.072093140508241,0.08285915851593018,0.005111887119710445,True,0.7309294939041138,0.7308361530303955,0.0,6,0.691601030747587,0.6941554482787309,0.0025544175311438266,True,overfit
synthetic_regime,44,regression,ablation,TST-v1-Gate,TST-v1-Gate,1024,20,ok,,4,0.4243132650852203,0.6803695282275413,0.7691356203488897,2.114279032561176,3.629259846004564,0.08876609212134845,0.3127031922340393,0.0041074794717133045,True,0.7309256792068481,0.7308213710784912,0.0,6,0.691601030747587,0.6941554482787309,0.0025544175311438266,True,overfit
synthetic_regime,44,regression,ablation,TST-v1-Gate,TST-v1-Gate,1024,20,ok,,5,0.44386001825332644,0.638835827609689,0.7184714731328506,2.8783755507656825,4.007496079512654,0.0796356455231616,0.1711934208869934,0.0028641936369240284,True,0.7309349775314331,0.730850338935852,0.0,6,0.691601030747587,0.6941554482787309,0.0025544175311438266,True,overfit
synthetic_regime,44,regression,ablation,TST-v1-Gate,TST-v1-Gate,1024,20,ok,,6,0.39703535437583926,0.6316813732396241,0.691601030747587,0.6664245535803803,1.7385822732756322,0.05991965750796291,-0.028352821245789528,0.0019442812772467732,True,0.7309439778327942,0.730890154838562,0.0,6,0.691601030747587,0.6941554482787309,0.0025544175311438266,True,overfit
synthetic_regime,44,regression,ablation,TST-v1-Gate,TST-v1-Gate,1024,20,ok,,7,0.3998190701007843,0.6362830935866911,0.6924707225091642,1.2313885742394632,2.4438812038963937,0.05618762892247309,-0.06025751307606697,0.0016876965528354049,True,0.7309433221817017,0.7309014797210693,0.0,6,0.691601030747587,0.6941554482787309,0.0025544175311438266,True,overfit
synthetic_regime,44,regression,ablation,TST-v1-Gate,TST-v1-Gate,1024,20,ok,,8,0.4020817279815674,0.6285917313078938,0.6917377259241213,1.1653993056374146,1.8437063036875985,0.0631459946162275,0.0007534203468821943,0.0016545125981792808,True,0.7309373617172241,0.7308955192565918,0.0,6,0.691601030747587,0.6941554482787309,0.0025544175311438266,True,overfit
synthetic_regime,44,regression,ablation,TST-v1-Gate,TST-v1-Gate,1024,20,ok,,9,0.39319860339164736,0.6274653211258945,0.6989824119396194,0.924282827909774,1.515610268226104,0.07151709081372493,0.08109645545482635,0.0016890277620404959,True,0.7309291362762451,0.7308833003044128,0.0,6,0.691601030747587,0.6941554482787309,0.0025544175311438266,True,overfit
synthetic_regime,44,regression,ablation,TST-v1-Gate,TST-v1-Gate,1024,20,ok,,10,0.39454908967018126,0.629047306898741,0.7028137365782339,0.5662975009878654,1.6036729571570194,0.07376642967949287,0.10486162453889847,0.001724031986668706,True,0.7309216856956482,0.7308756113052368,0.0,6,0.691601030747587,0.6941554482787309,0.0025544175311438266,True,overfit
synthetic_regime,44,regression,ablation,TST-v1-Gate,TST-v1-Gate,1024,20,ok,,11,0.39936019778251647,0.6268095761252905,0.6971188986560679,0.7729070503265865,1.3801409700331493,0.07030932253077737,0.06899306923151016,0.0017616435652598739,True,0.7309154272079468,0.7308740615844727,0.0,6,0.691601030747587,0.6941554482787309,0.0025544175311438266,True,overfit
synthetic_regime,44,regression,ablation,TST-v1-Gate,TST-v1-Gate,1024,20,ok,,12,0.397855544090271,0.6266634738448491,0.6930971106309262,0.591575601544881,1.6462662733846798,0.06643363678607705,0.03136981651186943,0.0018306843703612685,True,0.7309092283248901,0.7308710813522339,0.0,6,0.691601030747587,0.6941554482787309,0.0025544175311438266,True,overfit
synthetic_regime,44,regression,ablation,TST-v1-Gate,TST-v1-Gate,1024,20,ok,,13,0.3944895267486572,0.6264868930852148,0.6932636463543115,0.7370991257919652,0.9827984342014968,0.06677675326909671,0.0346531979739666,0.001955202082172036,True,0.7309020161628723,0.7308614253997803,0.0,6,0.691601030747587,0.6941554482787309,0.0025544175311438266,True,overfit
synthetic_regime,44,regression,ablation,TST-v1-Gate,TST-v1-Gate,1024,20,ok,,14,0.39754417538642883,0.6266232629931132,0.6971846033888506,0.9097803006853088,1.8099300502130098,0.07056134039573736,0.07168339192867279,0.0021170892287045717,True,0.7308944463729858,0.7308459281921387,0.0,6,0.691601030747587,0.6941554482787309,0.0025544175311438266,True,overfit
synthetic_regime,44,regression,ablation,TST-v1-Gate,TST-v1-Gate,1024,20,ok,,15,0.3929061651229858,0.6261705642467542,0.6953365664656874,0.3034881003046534,0.6319043098792642,0.06916600221893321,0.057794272899627686,0.002280319342389703,True,0.7308880090713501,0.7308349609375,0.0,6,0.691601030747587,0.6941554482787309,0.0025544175311438266,True,overfit
synthetic_regime,44,regression,ablation,TST-v1-Gate,TST-v1-Gate,1024,20,ok,,16,0.3908920645713806,0.625995034646034,0.6941554482787309,0.45083480088444183,1.1899625786044423,0.06816041363269687,0.047989245504140854,0.002474153181537986,True,0.7308820486068726,0.7308225035667419,0.0,6,0.691601030747587,0.6941554482787309,0.0025544175311438266,True,overfit
synthetic_regime,44,regression,ablation,TST-v2-GateFourier,TST-v2-GateFourier,1024,20,ok,,1,1.7122812569141388,0.8695510409588626,0.9656515407927029,20.636897526257595,51.733121173505566,0.09610049983384028,0.6521588563919067,0.0007828971720300615,True,0.7308358550071716,0.7308633327484131,0.0,2,0.6916199693274505,0.6921807385667665,0.000560769239316028,True,early_stopped_cleanly
synthetic_regime,44,regression,ablation,TST-v2-GateFourier,TST-v2-GateFourier,1024,20,ok,,2,0.6079075753688812,0.6294392524734993,0.6916199693274505,6.482111040745191,11.259108349070774,0.06218071685395121,-0.00593954510986805,0.00038466177647933364,True,0.7307162880897522,0.730728268623352,0.0,2,0.6916199693274505,0.6921807385667665,0.000560769239316028,True,early_stopped_cleanly
synthetic_regime,44,regression,ablation,TST-v2-GateFourier,TST-v2-GateFourier,1024,20,ok,,3,0.4455923974514008,0.6610554321623893,0.705038730017426,3.0188141233248675,5.286992626935345,0.04398329785503674,-0.1601131409406662,0.000240234614466317,True,0.7306212782859802,0.7306015491485596,0.0,2,0.6916199693274505,0.6921807385667665,0.000560769239316028,True,early_stopped_cleanly
synthetic_regime,44,regression,ablation,TST-v2-GateFourier,TST-v2-GateFourier,1024,20,ok,,4,0.40478628873825073,0.6320224115345482,0.707817946659378,1.3017412771665842,2.2532872671825013,0.07579553512482984,0.12938301265239716,0.00010407309309812263,True,0.7305349707603455,0.7304876446723938,0.0,2,0.6916199693274505,0.6921807385667665,0.000560769239316028,True,early_stopped_cleanly
synthetic_regime,44,regression,ablation,TST-v2-GateFourier,TST-v2-GateFourier,1024,20,ok,,5,0.41924012899398805,0.6424330805650523,0.723120462968815,1.8167318569202529,2.6858901968463162,0.08068738240376272,0.18963748216629028,8.316670573549345e-05,True,0.730472207069397,0.7304065227508545,0.0,2,0.6916199693274505,0.6921807385667665,0.000560769239316028,True,early_stopped_cleanly
synthetic_regime,44,regression,ablation,TST-v2-GateFourier,TST-v2-GateFourier,1024,20,ok,,6,0.39402313232421876,0.6269781755332974,0.6943765834924204,1.2391958236492253,2.6238397522901775,0.067398407959123,0.0420963279902935,6.562947237398475e-05,True,0.7304237484931946,0.7303454875946045,0.0,2,0.6916199693274505,0.6921807385667665,0.000560769239316028,True,early_stopped_cleanly
synthetic_regime,44,regression,ablation,TST-v2-GateFourier,TST-v2-GateFourier,1024,20,ok,,7,0.3998290717601776,0.6360092891128715,0.6922985289244373,0.7752413530299915,1.3784227497854529,0.05628923981156586,-0.05769134312868118,5.813164170831442e-05,True,0.7303858995437622,0.7302886843681335,0.0,2,0.6916199693274505,0.6921807385667665,0.000560769239316028,True,early_stopped_cleanly
synthetic_regime,44,regression,ablation,TST-v2-GateFourier,TST-v2-GateFourier,1024,20,ok,,8,0.3989849328994751,0.6284623326764011,0.6919388740022152,1.1422958351346064,1.5734688323148913,0.06347654132581415,0.005479434505105019,5.653822881868109e-05,True,0.7303556799888611,0.7302311062812805,0.0,2,0.6916199693274505,0.6921807385667665,0.000560769239316028,True,early_stopped_cleanly
synthetic_regime,44,regression,ablation,TST-v2-GateFourier,TST-v2-GateFourier,1024,20,ok,,9,0.39700106382369993,0.6290848993595285,0.7023591002758891,0.5022020393517583,0.7916142260102382,0.07327420091636061,0.10148902237415314,6.355698860716075e-05,True,0.7303303480148315,0.7301795482635498,0.0,2,0.6916199693274505,0.6921807385667665,0.000560769239316028,True,early_stopped_cleanly
synthetic_regime,44,regression,ablation,TST-v2-GateFourier,TST-v2-GateFourier,1024,20,ok,,10,0.39886696338653566,0.6276837426437508,0.6989443149856939,0.8345101684575006,1.386426096832221,0.07126057234194305,0.08036953955888748,6.748022860847414e-05,True,0.7303071022033691,0.7301316857337952,0.0,2,0.6916199693274505,0.6921807385667665,0.000560769239316028,True,early_stopped_cleanly
synthetic_regime,44,regression,ablation,TST-v2-GateFourier,TST-v2-GateFourier,1024,20,ok,,11,0.3953240156173706,0.6271486066724751,0.6935127196187171,0.5732485284177422,0.9184059765565338,0.066364112946242,0.03223457187414169,6.96142524247989e-05,True,0.7302858233451843,0.730099081993103,0.0,2,0.6916199693274505,0.6921807385667665,0.000560769239316028,True,early_stopped_cleanly
synthetic_regime,44,regression,ablation,TST-v2-GateFourier,TST-v2-GateFourier,1024,20,ok,,12,0.3933514356613159,0.6280649849228201,0.6921807385667665,0.48326912036857583,1.1683081655232368,0.0641157536439464,0.011308121494948864,7.342363096540794e-05,True,0.7302665710449219,0.7300731539726257,0.0,2,0.6916199693274505,0.6921807385667665,0.000560769239316028,True,early_stopped_cleanly
synthetic_regime,44,regression,ablation,TST-v3-MoE,TST-v3-MoE,1024,20,ok,,1,0.7816512584686279,0.7338798964253751,0.7576788951646654,10.465887217826122,25.468660340733575,0.023798998739290256,-0.3321952223777771,0.0008226040517911315,True,0.7309694886207581,0.7310494184494019,0.0,5,0.6915227285430089,0.6927658764641924,0.0012431479211835184,True,early_stopped_cleanly
synthetic_regime,44,regression,ablation,TST-v3-MoE,TST-v3-MoE,1024,20,ok,,2,0.4259323239326477,0.6644755929851897,0.7503904280098811,2.3573585745816965,5.106024885577361,0.08591483502469144,0.2696194648742676,0.00046006645425222814,True,0.7308558225631714,0.7308942079544067,0.0,5,0.6915227285430089,0.6927658764641924,0.0012431479211835184,True,early_stopped_cleanly
synthetic_regime,44,regression,ablation,TST-v3-MoE,TST-v3-MoE,1024,20,ok,,3,0.4431131064891815,0.6322047293743477,0.708112532664997,2.3694494682227,2.98337741908689,0.07590780329064928,0.1309516578912735,0.00023243499163072556,True,0.730728268623352,0.7307738065719604,0.0,5,0.6915227285430089,0.6927658764641924,0.0012431479211835184,True,early_stopped_cleanly
synthetic_regime,44,regression,ablation,TST-v3-MoE,TST-v3-MoE,1024,20,ok,,4,0.410099583864212,0.6479821042280024,0.6974922047114503,1.0872836796265202,2.9481228069240184,0.04951010048344795,-0.11452577263116837,0.00013485629460774362,True,0.7306169271469116,0.7306821942329407,0.0,5,0.6915227285430089,0.6927658764641924,0.0012431479211835184,True,early_stopped_cleanly
synthetic_regime,44,regression,ablation,TST-v3-MoE,TST-v3-MoE,1024,20,ok,,5,0.41000170111656187,0.6294286228887637,0.6915227285430089,1.344603264224338,2.101291703562191,0.062094105654245224,-0.006891862489283085,0.0001233185757882893,True,0.7305520176887512,0.7306168675422668,0.0,5,0.6915227285430089,0.6927658764641924,0.0012431479211835184,True,early_stopped_cleanly
synthetic_regime,44,regression,ablation,TST-v3-MoE,TST-v3-MoE,1024,20,ok,,6,0.39972996711730957,0.6333996438983317,0.7100840465740694,0.7274303196480782,1.4855654404169716,0.07668440267573773,0.13981874287128448,0.00012909341603517532,True,0.7305088639259338,0.7305670380592346,0.0,5,0.6915227285430089,0.6927658764641924,0.0012431479211835184,True,early_stopped_cleanly
synthetic_regime,44,regression,ablation,TST-v3-MoE,TST-v3-MoE,1024,20,ok,,7,0.40223713517189025,0.6276560138059043,0.6988815901269373,0.917529299366102,1.5542636631726046,0.07122557632103299,0.08014567196369171,0.00012768771557603031,True,0.7304630279541016,0.7305219173431396,0.0,5,0.6915227285430089,0.6927658764641924,0.0012431479211835184,True,early_stopped_cleanly
synthetic_regime,44,regression,ablation,TST-v3-MoE,TST-v3-MoE,1024,20,ok,,8,0.3934507012367249,0.6284378866671564,0.6918889101347947,0.5642106147856675,0.8489390808121331,0.06345102346763831,0.0053382860496640205,0.00012909907673019916,True,0.7304242849349976,0.7304826974868774,0.0,5,0.6915227285430089,0.6927658764641924,0.0012431479211835184,True,early_stopped_cleanly
synthetic_regime,44,regression,ablation,TST-v3-MoE,TST-v3-MoE,1024,20,ok,,9,0.39563494324684145,0.6280415436828867,0.6921473265414588,0.7121472561598464,1.4100001489604057,0.06410578285857216,0.011317318305373192,0.00013696146197617054,True,0.7303973436355591,0.730449378490448,0.0,5,0.6915227285430089,0.6927658764641924,0.0012431479211835184,True,early_stopped_cleanly
synthetic_regime,44,regression,ablation,TST-v3-MoE,TST-v3-MoE,1024,20,ok,,10,0.3977555513381958,0.6272751881151593,0.6976564738411026,0.6428276171143766,1.425474549759417,0.07038128572594338,0.0715378150343895,0.00014808433479629457,True,0.730378270149231,0.7304178476333618,0.0,5,0.6915227285430089,0.6927658764641924,0.0012431479211835184,True,early_stopped_cleanly
synthetic_regime,44,regression,ablation,TST-v3-MoE,TST-v3-MoE,1024,20,ok,,11,0.3994548738002777,0.6268789182105036,0.6952638073276828,0.4393401374940395,0.801022379183637,0.06838488911717922,0.051731497049331665,0.00015997298760339618,True,0.7303570508956909,0.7303867340087891,0.0,5,0.6915227285430089,0.6927658764641924,0.0012431479211835184,True,early_stopped_cleanly
synthetic_regime,44,regression,ablation,TST-v3-MoE,TST-v3-MoE,1024,20,ok,,12,0.39655059576034546,0.6283073416839384,0.6919189319601845,0.5615983694665433,1.2554091002012366,0.06361159027624608,0.006791991647332907,0.0001739659783197567,True,0.7303374409675598,0.7303512096405029,0.0,5,0.6915227285430089,0.6927658764641924,0.0012431479211835184,True,early_stopped_cleanly
synthetic_regime,44,regression,ablation,TST-v3-MoE,TST-v3-MoE,1024,20,ok,,13,0.3956760585308075,0.626860567194881,0.6952680294945939,0.3348027194581478,1.035402857401152,0.06840746229971284,0.05194546654820442,0.00019049398542847484,True,0.7303287386894226,0.7303130626678467,0.0,5,0.6915227285430089,0.6927658764641924,0.0012431479211835184,True,early_stopped_cleanly
synthetic_regime,44,regression,ablation,TST-v3-MoE,TST-v3-MoE,1024,20,ok,,14,0.3919218182563782,0.6270032013000704,0.6965876897926735,0.3459584302681732,0.9530737910362439,0.06958448849260312,0.06354118138551712,0.00021256378386169672,True,0.7303209900856018,0.7302395105361938,0.0,5,0.6915227285430089,0.6927658764641924,0.0012431479211835184,True,early_stopped_cleanly
synthetic_regime,44,regression,ablation,TST-v3-MoE,TST-v3-MoE,1024,20,ok,,15,0.38852158188819885,0.6273671384563199,0.6927658764641924,0.4586138519023062,1.3038676442379948,0.06539873800787255,0.023257248103618622,0.00024121459864545614,True,0.7303134202957153,0.7301572561264038,0.0,5,0.6915227285430089,0.6927658764641924,0.0012431479211835184,True,early_stopped_cleanly
synthetic_sparse_high_order,44,classification,ablation,TST-v0,TST-v0,1024,50,ok,,1,0.13883451484143733,0.9788273615635179,0.975609756097561,5.270870234879538,25.50129521400065,0.003217605465956952,0.017388101667165756,0.00021025846945121884,False,,,,1,0.975609756097561,0.975609756097561,0.0,True,early_stopped_cleanly
synthetic_sparse_high_order,44,classification,ablation,TST-v0,TST-v0,1024,50,ok,,2,0.10368849486112594,0.9788273615635179,0.975609756097561,0.0861265441866135,0.13329163230833788,0.003217605465956952,0.020845206454396248,0.00014821405056864023,False,,,,1,0.975609756097561,0.975609756097561,0.0,True,early_stopped_cleanly
synthetic_sparse_high_order,44,classification,ablation,TST-v0,TST-v0,1024,50,ok,,3,0.10404489636421203,0.9788273615635179,0.975609756097561,0.07926711597629396,0.15369580712047495,0.003217605465956952,0.02444944530725479,0.00014013343024998903,False,,,,1,0.975609756097561,0.975609756097561,0.0,True,early_stopped_cleanly
synthetic_sparse_high_order,44,classification,ablation,TST-v0,TST-v0,1024,50,ok,,4,0.10114059299230575,0.9788273615635179,0.975609756097561,0.14506839111681852,0.2956574833493664,0.003217605465956952,0.02284955605864525,0.0001169291790574789,False,,,,1,0.975609756097561,0.975609756097561,0.0,True,early_stopped_cleanly
synthetic_sparse_high_order,44,classification,ablation,TST-v0,TST-v0,1024,50,ok,,5,0.10084497556090355,0.9788273615635179,0.975609756097561,0.0846332636659681,0.13763716723723846,0.003217605465956952,0.022077113389968872,0.00011103267752332613,False,,,,1,0.975609756097561,0.975609756097561,0.0,True,early_stopped_cleanly
synthetic_sparse_high_order,44,classification,ablation,TST-v0,TST-v0,1024,50,ok,,6,0.1039001353085041,0.9788273615635179,0.975609756097561,0.09894369904290669,0.17428381356569672,0.003217605465956952,0.019632777199149132,9.962666808860376e-05,False,,,,1,0.975609756097561,0.975609756097561,0.0,True,early_stopped_cleanly
synthetic_sparse_high_order,44,classification,ablation,TST-v0,TST-v0,1024,50,ok,,7,0.10354685336351395,0.9788273615635179,0.975609756097561,0.06158347989859085,0.10699456684954364,0.003217605465956952,0.02002715691924095,0.00010733870294643566,False,,,,1,0.975609756097561,0.975609756097561,0.0,True,early_stopped_cleanly
synthetic_sparse_high_order,44,classification,ablation,TST-v0,TST-v0,1024,50,ok,,8,0.1010951653122902,0.9788273615635179,0.975609756097561,0.1147081096832632,0.17136457607150704,0.003217605465956952,0.022643694654107094,0.00013270077761262655,False,,,,1,0.975609756097561,0.975609756097561,0.0,True,early_stopped_cleanly
synthetic_sparse_high_order,44,classification,ablation,TST-v0,TST-v0,1024,50,ok,,9,0.099587956443429,0.9788273615635179,0.975609756097561,0.08999242396709103,0.2140178297784334,0.003217605465956952,0.022896941751241684,0.00014636509877163917,False,,,,1,0.975609756097561,0.975609756097561,0.0,True,early_stopped_cleanly
synthetic_sparse_high_order,44,classification,ablation,TST-v0,TST-v0,1024,50,ok,,10,0.10371457859873771,0.9788273615635179,0.975609756097561,0.12398312769840814,0.22797499159582355,0.003217605465956952,0.0198476854711771,0.00013604527339339256,False,,,,1,0.975609756097561,0.975609756097561,0.0,True,early_stopped_cleanly
synthetic_sparse_high_order,44,classification,ablation,TST-v0,TST-v0,1024,50,ok,,11,0.10369220301508904,0.9788273615635179,0.975609756097561,0.10367441508115513,0.17942039157123904,0.003217605465956952,0.019077302888035774,0.00014327000826597214,False,,,,1,0.975609756097561,0.975609756097561,0.0,True,early_stopped_cleanly
synthetic_sparse_high_order,44,classification,ablation,TST-v1-Gate,TST-v1-Gate,1024,50,ok,,1,0.1388980433344841,0.9788273615635179,0.975609756097561,6.950475486782649,33.77604967359896,0.003217605465956952,0.01739957183599472,0.00020345924713183194,True,0.7310006022453308,0.7304738759994507,0.0,1,0.975609756097561,0.975609756097561,0.0,True,early_stopped_cleanly
synthetic_sparse_high_order,44,classification,ablation,TST-v1-Gate,TST-v1-Gate,1024,50,ok,,2,0.10376421809196472,0.9788273615635179,0.975609756097561,0.0907804149878107,0.1399494055030669,0.003217605465956952,0.020866598933935165,0.0001419016916770488,True,0.7309679985046387,0.7302305102348328,0.0,1,0.975609756097561,0.975609756097561,0.0,True,early_stopped_cleanly
synthetic_sparse_high_order,44,classification,ablation,TST-v1-Gate,TST-v1-Gate,1024,50,ok,,3,0.10412708446383476,0.9788273615635179,0.975609756097561,0.08122629138967614,0.15750593345452335,0.003217605465956952,0.0244687981903553,0.0001328750076936558,True,0.7309434413909912,0.7300897836685181,0.0,1,0.975609756097561,0.975609756097561,0.0,True,early_stopped_cleanly
synthetic_sparse_high_order,44,classification,ablation,TST-v1-Gate,TST-v1-Gate,1024,50,ok,,4,0.10122469365596772,0.9788273615635179,0.975609756097561,0.14747461622806374,0.3000850552818675,0.003217605465956952,0.0228425282984972,0.00010986280540237203,True,0.7309232950210571,0.7299998998641968,0.0,1,0.975609756097561,0.975609756097561,0.0,True,early_stopped_cleanly
synthetic_sparse_high_order,44,classification,ablation,TST-v1-Gate,TST-v1-Gate,1024,50,ok,,5,0.10093076005578042,0.9788273615635179,0.975609756097561,0.08573101337132104,0.1393368333202722,0.003217605465956952,0.02206256613135338,0.00010349477815907449,True,0.7309055328369141,0.7299456596374512,0.0,1,0.975609756097561,0.975609756097561,0.0,True,early_stopped_cleanly
synthetic_sparse_high_order,44,classification,ablation,TST-v1-Gate,TST-v1-Gate,1024,50,ok,,6,0.10399194359779358,0.9788273615635179,0.975609756097561,0.10002092524306569,0.17638493975152067,0.003217605465956952,0.01961923949420452,9.227443661075085e-05,True,0.7308889627456665,0.7299103736877441,0.0,1,0.975609756097561,0.975609756097561,0.0,True,early_stopped_cleanly
synthetic_sparse_high_order,44,classification,ablation,TST-v1-Gate,TST-v1-Gate,1024,50,ok,,7,0.1036364495754242,0.9788273615635179,0.975609756097561,0.0622496618471435,0.10830166310741744,0.003217605465956952,0.020023439079523087,9.890897490549833e-05,True,0.7308722138404846,0.7298917770385742,0.0,1,0.975609756097561,0.975609756097561,0.0,True,early_stopped_cleanly
synthetic_sparse_high_order,44,classification,ablation,TST-v1-Gate,TST-v1-Gate,1024,50,ok,,8,0.1011932723224163,0.9788273615635179,0.975609756097561,0.11585491889602281,0.1730003804836867,0.003217605465956952,0.0226513110101223,0.00012168243119958788,True,0.7308557033538818,0.7298828959465027,0.0,1,0.975609756097561,0.975609756097561,0.0,True,early_stopped_cleanly
synthetic_sparse_high_order,44,classification,ablation,TST-v1-Gate,TST-v1-Gate,1024,50,ok,,9,0.0996849350631237,0.9788273615635179,0.975609756097561,0.09087001455279317,0.21629625231606933,0.003217605465956952,0.022903557866811752,0.0001334668486379087,True,0.7308400869369507,0.7298831939697266,0.0,1,0.975609756097561,0.975609756097561,0.0,True,early_stopped_cleanly
synthetic_sparse_high_order,44,classification,ablation,TST-v1-Gate,TST-v1-Gate,1024,50,ok,,10,0.1038187451660633,0.9788273615635179,0.975609756097561,0.1252786591750968,0.2301799802176878,0.003217605465956952,0.019847195595502853,0.00012335441715549678,True,0.7308252453804016,0.7298877239227295,0.0,1,0.975609756097561,0.975609756097561,0.0,True,early_stopped_cleanly
synthetic_sparse_high_order,44,classification,ablation,TST-v1-Gate,TST-v1-Gate,1024,50,ok,,11,0.10380059778690338,0.9788273615635179,0.975609756097561,0.10471151289495442,0.18125511974729144,0.003217605465956952,0.019071904942393303,0.00012913651880808175,True,0.7308101654052734,0.7298980951309204,0.0,1,0.975609756097561,0.975609756097561,0.0,True,early_stopped_cleanly
synthetic_sparse_high_order,44,classification,ablation,TST-v2-GateFourier,TST-v2-GateFourier,1024,50,ok,,1,0.2157895289361477,0.9788273615635179,0.975609756097561,2.8076125286937357,13.21450031997449,0.003217605465956952,0.01964796520769596,7.511977401009062e-06,True,0.7310779094696045,0.7316209077835083,0.0,1,0.975609756097561,0.975609756097561,0.0,True,early_stopped_cleanly
synthetic_sparse_high_order,44,classification,ablation,TST-v2-GateFourier,TST-v2-GateFourier,1024,50,ok,,2,0.10288221761584282,0.9788273615635179,0.975609756097561,0.09166134639279536,0.18233254692155437,0.003217605465956952,0.018853411078453064,5.155397957423702e-06,True,0.7310609221458435,0.7318236827850342,0.0,1,0.975609756097561,0.975609756097561,0.0,True,early_stopped_cleanly
synthetic_sparse_high_order,44,classification,ablation,TST-v2-GateFourier,TST-v2-GateFourier,1024,50,ok,,3,0.10425914824008942,0.9788273615635179,0.975609756097561,0.08866634412168224,0.17343974472750287,0.003217605465956952,0.021476326510310173,6.626133199461037e-06,True,0.7310273051261902,0.7318700551986694,0.0,1,0.975609756097561,0.975609756097561,0.0,True,early_stopped_cleanly
synthetic_sparse_high_order,44,classification,ablation,TST-v2-GateFourier,TST-v2-GateFourier,1024,50,ok,,4,0.10377298891544343,0.9788273615635179,0.975609756097561,0.0669577760606999,0.12450201567746212,0.003217605465956952,0.022257812321186066,6.3774900809221435e-06,True,0.7309831976890564,0.7318140268325806,0.0,1,0.975609756097561,0.975609756097561,0.0,True,early_stopped_cleanly
synthetic_sparse_high_order,44,classification,ablation,TST-v2-GateFourier,TST-v2-GateFourier,1024,50,ok,,5,0.1024281069636345,0.9788273615635179,0.975609756097561,0.046186934654454774,0.08060589243426564,0.003217605465956952,0.022008607164025307,5.637788490275852e-06,True,0.7309321761131287,0.731704592704773,0.0,1,0.975609756097561,0.975609756097561,0.0,True,early_stopped_cleanly
synthetic_sparse_high_order,44,classification,ablation,TST-v2-GateFourier,TST-v2-GateFourier,1024,50,ok,,6,0.10392910540103913,0.9788273615635179,0.975609756097561,0.06808452480166509,0.1287463656118754,0.003217605465956952,0.022016743198037148,5.63318053536932e-06,True,0.7308764457702637,0.7315564751625061,0.0,1,0.975609756097561,0.975609756097561,0.0,True,early_stopped_cleanly
synthetic_sparse_high_order,44,classification,ablation,TST-v2-GateFourier,TST-v2-GateFourier,1024,50,ok,,7,0.10619372464716434,0.9788273615635179,0.975609756097561,0.10490171843744941,0.1894496012974521,0.003217605465956952,0.01987711898982525,3.999836280854652e-06,True,0.7308151125907898,0.7313805818557739,0.0,1,0.975609756097561,0.975609756097561,0.0,True,early_stopped_cleanly
synthetic_sparse_high_order,44,classification,ablation,TST-v2-GateFourier,TST-v2-GateFourier,1024,50,ok,,8,0.10554466769099236,0.9788273615635179,0.975609756097561,0.12640724010500315,0.17662013625206296,0.003217605465956952,0.02076132223010063,4.832287686440395e-06,True,0.7307519316673279,0.7311789989471436,0.0,1,0.975609756097561,0.975609756097561,0.0,True,early_stopped_cleanly
synthetic_sparse_high_order,44,classification,ablation,TST-v2-GateFourier,TST-v2-GateFourier,1024,50,ok,,9,0.0994782093912363,0.9788273615635179,0.975609756097561,0.10365706788106414,0.2193575684876268,0.003217605465956952,0.021762436255812645,5.9896669881709386e-06,True,0.7306853532791138,0.7309575080871582,0.0,1,0.975609756097561,0.975609756097561,0.0,True,early_stopped_cleanly
synthetic_sparse_high_order,44,classification,ablation,TST-v2-GateFourier,TST-v2-GateFourier,1024,50,ok,,10,0.10095638707280159,0.9788273615635179,0.975609756097561,0.05503908952115026,0.10964427748409863,0.003217605465956952,0.02233627811074257,6.962509360164404e-06,True,0.7306170463562012,0.7307190299034119,0.0,1,0.975609756097561,0.975609756097561,0.0,True,early_stopped_cleanly
synthetic_sparse_high_order,44,classification,ablation,TST-v2-GateFourier,TST-v2-GateFourier,1024,50,ok,,11,0.10249707773327828,0.9788273615635179,0.975609756097561,0.0710226861334422,0.12429264500446108,0.003217605465956952,0.02085602656006813,6.101871349528665e-06,True,0.7305460572242737,0.7306030988693237,0.0,1,0.975609756097561,0.975609756097561,0.0,True,early_stopped_cleanly
synthetic_sparse_high_order,44,classification,ablation,TST-v3-MoE,TST-v3-MoE,1024,50,ok,,1,0.21093333661556243,0.9788273615635179,0.975609756097561,1.6023027403077723,6.0675375925666835,0.003217605465956952,0.042530305683612823,1.4680083950224798e-05,True,0.7310228943824768,0.7308762669563293,0.0,1,0.975609756097561,0.975609756097561,0.0,True,early_stopped_cleanly
synthetic_sparse_high_order,44,classification,ablation,TST-v3-MoE,TST-v3-MoE,1024,50,ok,,2,0.10679446756839753,0.9788273615635179,0.975609756097561,0.1645358302469036,0.21496820318877433,0.003217605465956952,0.029956651851534843,4.596988674165914e-06,True,0.7309502363204956,0.7305336594581604,0.0,1,0.975609756097561,0.975609756097561,0.0,True,early_stopped_cleanly
synthetic_sparse_high_order,44,classification,ablation,TST-v3-MoE,TST-v3-MoE,1024,50,ok,,3,0.10570053681731224,0.9788273615635179,0.975609756097561,0.08300935843279919,0.1772611733921284,0.003217605465956952,0.023674122989177704,2.7616513307293644e-06,True,0.7308515906333923,0.7301878929138184,0.0,1,0.975609756097561,0.975609756097561,0.0,True,early_stopped_cleanly
synthetic_sparse_high_order,44,classification,ablation,TST-v3-MoE,TST-v3-MoE,1024,50,ok,,4,0.10753199458122253,0.9788273615635179,0.975609756097561,0.1213139481090408,0.20836357276744372,0.003217605465956952,0.01998276077210903,1.484019207964593e-06,True,0.7307388782501221,0.7300272583961487,0.0,1,0.975609756097561,0.975609756097561,0.0,True,early_stopped_cleanly
synthetic_sparse_high_order,44,classification,ablation,TST-v3-MoE,TST-v3-MoE,1024,50,ok,,5,0.09944653175771237,0.9788273615635179,0.975609756097561,0.10066549518593378,0.1769018232970944,0.003217605465956952,0.018217850476503372,1.2732214145216858e-06,True,0.7306166887283325,0.7299304008483887,0.0,1,0.975609756097561,0.975609756097561,0.0,True,early_stopped_cleanly
synthetic_sparse_high_order,44,classification,ablation,TST-v3-MoE,TST-v3-MoE,1024,50,ok,,6,0.10084149464964867,0.9788273615635179,0.975609756097561,0.03407384743340325,0.08688223731172397,0.003217605465956952,0.017151346430182457,1.142097403317166e-06,True,0.7304860949516296,0.7298445105552673,0.0,1,0.975609756097561,0.975609756097561,0.0,True,early_stopped_cleanly
synthetic_sparse_high_order,44,classification,ablation,TST-v3-MoE,TST-v3-MoE,1024,50,ok,,7,0.10408511459827423,0.9788273615635179,0.975609756097561,0.067346055504045,0.09962005727590659,0.003217605465956952,0.01642470620572567,9.803811735764612e-07,True,0.730347216129303,0.7297664880752563,0.0,1,0.975609756097561,0.975609756097561,0.0,True,early_stopped_cleanly
synthetic_sparse_high_order,44,classification,ablation,TST-v3-MoE,TST-v3-MoE,1024,50,ok,,8,0.1010548360645771,0.9788273615635179,0.975609756097561,0.09419671527451905,0.1605823333600056,0.003217605465956952,0.016745297238230705,1.1881251111844904e-06,True,0.7302017211914062,0.7296885251998901,0.0,1,0.975609756097561,0.975609756097561,0.0,True,early_stopped_cleanly
synthetic_sparse_high_order,44,classification,ablation,TST-v3-MoE,TST-v3-MoE,1024,50,ok,,9,0.10086502656340599,0.9788273615635179,0.975609756097561,0.068716177483598,0.15773237563524858,0.003217605465956952,0.017027290537953377,1.3207252322899876e-06,True,0.730048656463623,0.729631781578064,0.0,1,0.975609756097561,0.975609756097561,0.0,True,early_stopped_cleanly
synthetic_sparse_high_order,44,classification,ablation,TST-v3-MoE,TST-v3-MoE,1024,50,ok,,10,0.10243589356541634,0.9788273615635179,0.975609756097561,0.0656984005393815,0.15649628701648857,0.003217605465956952,0.017100654542446136,1.3218369758760673e-06,True,0.7298883199691772,0.7295069098472595,0.0,1,0.975609756097561,0.975609756097561,0.0,True,early_stopped_cleanly
synthetic_sparse_high_order,44,classification,ablation,TST-v3-MoE,TST-v3-MoE,1024,50,ok,,11,0.10700813718140126,0.9788273615635179,0.975609756097561,0.09854603808726745,0.23528160224665645,0.003217605465956952,0.017094574868679047,1.2594880445249146e-06,True,0.7297219038009644,0.7294626235961914,0.0,1,0.975609756097561,0.975609756097561,0.0,True,early_stopped_cleanly
