dataset,seed,task,family,model,variant,n_samples,n_features,status,error_message,benchmark_mode,base_variant,selected_config_id,selected_lr,selection_metric,selection_mode,selection_score,selected_epoch,candidate_config_count,candidate_lrs,tuning_budget_type,epoch,train_loss,train_metric,val_metric,grad_norm,grad_norm_max,train_val_gap,prediction_mean,prediction_std,has_gate,gate_mean,gate_median,gate_sparsity,best_epoch,best_val_metric,final_val_metric,final_vs_best,early_stopped,effective_training_status
synthetic_xor,42,classification,ablation,TST-v0,TST-v0,1024,20,ok,,tuned_tst_benchmark,,,,,,,,,,,1,1.1308363914489745,0.49022801302931596,0.4878048780487805,8.522629690402153,17.61502396033555,0.0024231349805354796,0.34412410855293274,0.0023136590607464314,False,,,,2,0.5121951219512195,0.4926829268292683,0.019512195121951237,True,early_stopped_cleanly
synthetic_xor,42,classification,ablation,TST-v0,TST-v0,1024,20,ok,,tuned_tst_benchmark,,,,,,,,,,,2,0.6996292233467102,0.509771986970684,0.5121951219512195,0.5266440894064839,1.2331641637203286,-0.0024231349805354796,0.6531035900115967,0.0008361935033462942,False,,,,2,0.5121951219512195,0.4926829268292683,0.019512195121951237,True,early_stopped_cleanly
synthetic_xor,42,classification,ablation,TST-v0,TST-v0,1024,20,ok,,tuned_tst_benchmark,,,,,,,,,,,3,0.735964834690094,0.509771986970684,0.5121951219512195,1.2800963221452288,1.6306301436434634,-0.0024231349805354796,0.6265581846237183,0.0005824881372973323,False,,,,2,0.5121951219512195,0.4926829268292683,0.019512195121951237,True,early_stopped_cleanly
synthetic_xor,42,classification,ablation,TST-v0,TST-v0,1024,20,ok,,tuned_tst_benchmark,,,,,,,,,,,4,0.7044110655784607,0.509771986970684,0.5121951219512195,0.5887084718497151,1.14799345326568,-0.0024231349805354796,0.5122705101966858,0.0005424213595688343,False,,,,2,0.5121951219512195,0.4926829268292683,0.019512195121951237,True,early_stopped_cleanly
synthetic_xor,42,classification,ablation,TST-v0,TST-v0,1024,20,ok,,tuned_tst_benchmark,,,,,,,,,,,5,0.6973160147666931,0.49022801302931596,0.4878048780487805,0.49536419003836263,0.6938137930786608,0.0024231349805354796,0.4503469467163086,0.0004913095617666841,False,,,,2,0.5121951219512195,0.4926829268292683,0.019512195121951237,True,early_stopped_cleanly
synthetic_xor,42,classification,ablation,TST-v0,TST-v0,1024,20,ok,,tuned_tst_benchmark,,,,,,,,,,,6,0.6998676061630249,0.49022801302931596,0.4878048780487805,0.5618296380250501,0.7794339591263459,0.0024231349805354796,0.465592622756958,0.0004303466703277081,False,,,,2,0.5121951219512195,0.4926829268292683,0.019512195121951237,True,early_stopped_cleanly
synthetic_xor,42,classification,ablation,TST-v0,TST-v0,1024,20,ok,,tuned_tst_benchmark,,,,,,,,,,,7,0.695685613155365,0.509771986970684,0.5121951219512195,0.33096536083083433,0.4472715357359338,-0.0024231349805354796,0.5020765662193298,0.0003840543795377016,False,,,,2,0.5121951219512195,0.4926829268292683,0.019512195121951237,True,early_stopped_cleanly
synthetic_xor,42,classification,ablation,TST-v0,TST-v0,1024,20,ok,,tuned_tst_benchmark,,,,,,,,,,,8,0.6926008343696595,0.509771986970684,0.5121951219512195,0.28145154110823845,0.6765161421521915,-0.0024231349805354796,0.5253937244415283,0.0003600938362069428,False,,,,2,0.5121951219512195,0.4926829268292683,0.019512195121951237,True,early_stopped_cleanly
synthetic_xor,42,classification,ablation,TST-v0,TST-v0,1024,20,ok,,tuned_tst_benchmark,,,,,,,,,,,9,0.6934279561042785,0.509771986970684,0.5121951219512195,0.25141615242460863,0.6040075084292433,-0.0024231349805354796,0.5322088003158569,0.0003531108086463064,False,,,,2,0.5121951219512195,0.4926829268292683,0.019512195121951237,True,early_stopped_cleanly
synthetic_xor,42,classification,ablation,TST-v0,TST-v0,1024,20,ok,,tuned_tst_benchmark,,,,,,,,,,,10,0.6931914210319519,0.509771986970684,0.5121951219512195,0.18115859060769163,0.45000753868110904,-0.0024231349805354796,0.521126389503479,0.00036033461219631135,False,,,,2,0.5121951219512195,0.4926829268292683,0.019512195121951237,True,early_stopped_cleanly
synthetic_xor,42,classification,ablation,TST-v0,TST-v0,1024,20,ok,,tuned_tst_benchmark,,,,,,,,,,,11,0.6931795597076416,0.509771986970684,0.5121951219512195,0.13441724552108542,0.24864147713834908,-0.0024231349805354796,0.5063788890838623,0.00037441300810314715,False,,,,2,0.5121951219512195,0.4926829268292683,0.019512195121951237,True,early_stopped_cleanly
synthetic_xor,42,classification,ablation,TST-v0,TST-v0,1024,20,ok,,tuned_tst_benchmark,,,,,,,,,,,12,0.6929063081741333,0.50814332247557,0.4926829268292683,0.21689382129783033,0.34915924178828767,0.01546039564630175,0.49926474690437317,0.0003896752605214715,False,,,,2,0.5121951219512195,0.4926829268292683,0.019512195121951237,True,early_stopped_cleanly
synthetic_xor,42,classification,ablation,TST-v1-Gate,TST-v1-Gate,1024,20,ok,,tuned_tst_benchmark,,,,,,,,,,,1,1.1695132493972777,0.49022801302931596,0.4878048780487805,23.065846469200686,59.47554547883392,0.0024231349805354796,0.3453649878501892,0.0013465933734551072,True,0.2251257598400116,0.21493405103683472,0.0,2,0.5121951219512195,0.5121951219512195,0.0,True,early_stopped_cleanly
synthetic_xor,42,classification,ablation,TST-v1-Gate,TST-v1-Gate,1024,20,ok,,tuned_tst_benchmark,,,,,,,,,,,2,0.7195490837097168,0.509771986970684,0.5121951219512195,0.5928677339254307,1.5066060834576909,-0.0024231349805354796,0.6517294049263,0.0003838492266368121,True,0.16550709307193756,0.15401068329811096,0.0,2,0.5121951219512195,0.5121951219512195,0.0,True,early_stopped_cleanly
synthetic_xor,42,classification,ablation,TST-v1-Gate,TST-v1-Gate,1024,20,ok,,tuned_tst_benchmark,,,,,,,,,,,3,0.7430726766586304,0.509771986970684,0.5121951219512195,1.2758089126728456,1.6517377750292666,-0.0024231349805354796,0.6223547458648682,0.00020682565809693187,True,0.11875257641077042,0.10667426884174347,0.35,2,0.5121951219512195,0.5121951219512195,0.0,True,early_stopped_cleanly
synthetic_xor,42,classification,ablation,TST-v1-Gate,TST-v1-Gate,1024,20,ok,,tuned_tst_benchmark,,,,,,,,,,,4,0.7055282354354858,0.509771986970684,0.5121951219512195,0.5610408721282286,1.1211714312437893,-0.0024231349805354796,0.5054784417152405,0.00015854636149015278,True,0.0883241593837738,0.08149069547653198,0.85,2,0.5121951219512195,0.5121951219512195,0.0,True,early_stopped_cleanly
synthetic_xor,42,classification,ablation,TST-v1-Gate,TST-v1-Gate,1024,20,ok,,tuned_tst_benchmark,,,,,,,,,,,5,0.698626697063446,0.49022801302931596,0.4878048780487805,0.5270333340432786,0.7631807601586569,0.0024231349805354796,0.4482322037220001,0.00011144417658215389,True,0.07141262292861938,0.06627879291772842,0.95,2,0.5121951219512195,0.5121951219512195,0.0,True,early_stopped_cleanly
synthetic_xor,42,classification,ablation,TST-v1-Gate,TST-v1-Gate,1024,20,ok,,tuned_tst_benchmark,,,,,,,,,,,6,0.6999439597129822,0.49022801302931596,0.4878048780487805,0.5728887786020809,0.791117035867315,0.0024231349805354796,0.47147199511528015,8.525908197043464e-05,True,0.06243809312582016,0.059471823275089264,1.0,2,0.5121951219512195,0.5121951219512195,0.0,True,early_stopped_cleanly
synthetic_xor,42,classification,ablation,TST-v1-Gate,TST-v1-Gate,1024,20,ok,,tuned_tst_benchmark,,,,,,,,,,,7,0.6950719833374024,0.509771986970684,0.5121951219512195,0.2999286672052929,0.3940675904396383,-0.0024231349805354796,0.5096608400344849,6.705795385641977e-05,True,0.05776185542345047,0.05596237629652023,1.0,2,0.5121951219512195,0.5121951219512195,0.0,True,early_stopped_cleanly
synthetic_xor,42,classification,ablation,TST-v1-Gate,TST-v1-Gate,1024,20,ok,,tuned_tst_benchmark,,,,,,,,,,,8,0.6927185893058777,0.509771986970684,0.5121951219512195,0.28553310909286,0.7422231439347919,-0.0024231349805354796,0.5283415913581848,5.782898369943723e-05,True,0.05532913655042648,0.05434934049844742,1.0,2,0.5121951219512195,0.5121951219512195,0.0,True,early_stopped_cleanly
synthetic_xor,42,classification,ablation,TST-v1-Gate,TST-v1-Gate,1024,20,ok,,tuned_tst_benchmark,,,,,,,,,,,9,0.693453598022461,0.509771986970684,0.5121951219512195,0.25536367122781345,0.6015382744988693,-0.0024231349805354796,0.5300104022026062,5.4041302064433694e-05,True,0.054155342280864716,0.05318994075059891,1.0,2,0.5121951219512195,0.5121951219512195,0.0,True,early_stopped_cleanly
synthetic_xor,42,classification,ablation,TST-v1-Gate,TST-v1-Gate,1024,20,ok,,tuned_tst_benchmark,,,,,,,,,,,10,0.6929762363433838,0.509771986970684,0.5121951219512195,0.17157291042867076,0.4178101023327456,-0.0024231349805354796,0.5171135067939758,5.2946001233067364e-05,True,0.0537206307053566,0.05244733765721321,1.0,2,0.5121951219512195,0.5121951219512195,0.0,True,early_stopped_cleanly
synthetic_xor,42,classification,ablation,TST-v1-Gate,TST-v1-Gate,1024,20,ok,,tuned_tst_benchmark,,,,,,,,,,,11,0.6931485295295715,0.509771986970684,0.5121951219512195,0.13001924786324956,0.22684454850155966,-0.0024231349805354796,0.5043112635612488,5.3319654398364946e-05,True,0.05373300239443779,0.052387796342372894,1.0,2,0.5121951219512195,0.5121951219512195,0.0,True,early_stopped_cleanly
synthetic_xor,42,classification,ablation,TST-v1-Gate,TST-v1-Gate,1024,20,ok,,tuned_tst_benchmark,,,,,,,,,,,12,0.6930793404579163,0.509771986970684,0.5121951219512195,0.22225913223777707,0.3495011652862909,-0.0024231349805354796,0.5002894997596741,5.390034129959531e-05,True,0.05402303487062454,0.05264108628034592,1.0,2,0.5121951219512195,0.5121951219512195,0.0,True,early_stopped_cleanly
synthetic_xor,42,classification,ablation,TST-v3-MoE,TST-v3-MoE,1024,20,ok,,tuned_tst_benchmark,,,,,,,,,,,1,0.7889451026916504,0.49022801302931596,0.4878048780487805,2.0200325787903366,5.069406161542214,0.0024231349805354796,0.4699459969997406,0.0001255220122402534,True,0.18376079201698303,0.18374663591384888,0.0,2,0.5121951219512195,0.5121951219512195,0.0,True,early_stopped_cleanly
synthetic_xor,42,classification,ablation,TST-v3-MoE,TST-v3-MoE,1024,20,ok,,tuned_tst_benchmark,,,,,,,,,,,2,0.7117709040641784,0.509771986970684,0.5121951219512195,0.6381380125533527,1.3162124516008828,-0.0024231349805354796,0.5624637603759766,4.1535029595252126e-05,True,0.12318982183933258,0.12317310273647308,0.0,2,0.5121951219512195,0.5121951219512195,0.0,True,early_stopped_cleanly
synthetic_xor,42,classification,ablation,TST-v3-MoE,TST-v3-MoE,1024,20,ok,,tuned_tst_benchmark,,,,,,,,,,,3,0.6982534289360046,0.49022801302931596,0.4878048780487805,0.5215375120639008,0.7830740553207602,0.0024231349805354796,0.45821383595466614,1.6217642041738145e-05,True,0.08489032089710236,0.08486998081207275,1.0,2,0.5121951219512195,0.5121951219512195,0.0,True,early_stopped_cleanly
synthetic_xor,42,classification,ablation,TST-v3-MoE,TST-v3-MoE,1024,20,ok,,tuned_tst_benchmark,,,,,,,,,,,4,0.6967905998229981,0.509771986970684,0.5121951219512195,0.29324966434207506,0.8085427896471521,-0.0024231349805354796,0.5138339996337891,1.054336826200597e-05,True,0.06660055369138718,0.06658360362052917,1.0,2,0.5121951219512195,0.5121951219512195,0.0,True,early_stopped_cleanly
synthetic_xor,42,classification,ablation,TST-v3-MoE,TST-v3-MoE,1024,20,ok,,tuned_tst_benchmark,,,,,,,,,,,5,0.6925724387168884,0.509771986970684,0.5121951219512195,0.25911142036961493,0.4715384676427057,-0.0024231349805354796,0.5252912044525146,8.135262760333717e-06,True,0.0574478916823864,0.05743265897035599,1.0,2,0.5121951219512195,0.5121951219512195,0.0,True,early_stopped_cleanly
synthetic_xor,42,classification,ablation,TST-v3-MoE,TST-v3-MoE,1024,20,ok,,tuned_tst_benchmark,,,,,,,,,,,6,0.6941341638565064,0.509771986970684,0.5121951219512195,0.19591024631997334,0.4006805677456731,-0.0024231349805354796,0.508553683757782,6.992368071223609e-06,True,0.05260901898145676,0.05259435623884201,1.0,2,0.5121951219512195,0.5121951219512195,0.0,True,early_stopped_cleanly
synthetic_xor,42,classification,ablation,TST-v3-MoE,TST-v3-MoE,1024,20,ok,,tuned_tst_benchmark,,,,,,,,,,,7,0.6938896179199219,0.509771986970684,0.5121951219512195,0.3087934062704424,0.5578375349332156,-0.0024231349805354796,0.5156891942024231,6.439875051000854e-06,True,0.0500410720705986,0.050024211406707764,1.0,2,0.5121951219512195,0.5121951219512195,0.0,True,early_stopped_cleanly
synthetic_xor,42,classification,ablation,TST-v3-MoE,TST-v3-MoE,1024,20,ok,,tuned_tst_benchmark,,,,,,,,,,,8,0.6932079672813416,0.509771986970684,0.5121951219512195,0.3432789688437673,0.46217898663337803,-0.0024231349805354796,0.5042384266853333,6.122977538325358e-06,True,0.0487561896443367,0.04873655363917351,1.0,2,0.5121951219512195,0.5121951219512195,0.0,True,early_stopped_cleanly
synthetic_xor,42,classification,ablation,TST-v3-MoE,TST-v3-MoE,1024,20,ok,,tuned_tst_benchmark,,,,,,,,,,,9,0.6954985499382019,0.49022801302931596,0.4878048780487805,0.3310831312902772,0.8583740744196152,0.0024231349805354796,0.4932391941547394,6.0145644056319725e-06,True,0.04822997376322746,0.04820821434259415,1.0,2,0.5121951219512195,0.5121951219512195,0.0,True,early_stopped_cleanly
synthetic_xor,42,classification,ablation,TST-v3-MoE,TST-v3-MoE,1024,20,ok,,tuned_tst_benchmark,,,,,,,,,,,10,0.6937619924545289,0.509771986970684,0.5121951219512195,0.4313098143867681,0.7179327709395253,-0.0024231349805354796,0.5260668396949768,6.131225291028386e-06,True,0.04816523939371109,0.04814498871564865,1.0,2,0.5121951219512195,0.5121951219512195,0.0,True,early_stopped_cleanly
synthetic_xor,42,classification,ablation,TST-v3-MoE,TST-v3-MoE,1024,20,ok,,tuned_tst_benchmark,,,,,,,,,,,11,0.6942307233810425,0.509771986970684,0.5121951219512195,0.26507581386309403,0.5906768804769316,-0.0024231349805354796,0.5210421085357666,6.107414719735971e-06,True,0.04838671162724495,0.04837021231651306,1.0,2,0.5121951219512195,0.5121951219512195,0.0,True,early_stopped_cleanly
synthetic_xor,42,classification,ablation,TST-v3-MoE,TST-v3-MoE,1024,20,ok,,tuned_tst_benchmark,,,,,,,,,,,12,0.6934421420097351,0.509771986970684,0.5121951219512195,0.16873762157430225,0.5332408882909081,-0.0024231349805354796,0.5091767311096191,6.119104000390507e-06,True,0.04878769814968109,0.048774294555187225,1.0,2,0.5121951219512195,0.5121951219512195,0.0,True,early_stopped_cleanly
synthetic_xor,42,classification,neural_baseline,FT-Transformer-style,local_ft_transformer,1024,20,ok,,tuned_tst_benchmark,,,,,,,,,,,1,0.9494256377220154,0.5325732899022801,0.5365853658536586,47.57510941647573,83.83497959895818,-0.004012075951378424,0.5039520263671875,0.010722694918513298,False,,,,1,0.5365853658536586,0.5073170731707317,0.029268292682926855,True,early_stopped_cleanly
synthetic_xor,42,classification,neural_baseline,FT-Transformer-style,local_ft_transformer,1024,20,ok,,tuned_tst_benchmark,,,,,,,,,,,2,0.7015061497688293,0.509771986970684,0.5121951219512195,2.7242242666528305,4.190040932445425,-0.0024231349805354796,0.6310169696807861,0.005690739955753088,False,,,,1,0.5365853658536586,0.5073170731707317,0.029268292682926855,True,early_stopped_cleanly
synthetic_xor,42,classification,neural_baseline,FT-Transformer-style,local_ft_transformer,1024,20,ok,,tuned_tst_benchmark,,,,,,,,,,,3,0.7112637519836426,0.509771986970684,0.5121951219512195,2.2046198192753113,3.488775656696367,-0.0024231349805354796,0.5365124344825745,0.005196222569793463,False,,,,1,0.5365853658536586,0.5073170731707317,0.029268292682926855,True,early_stopped_cleanly
synthetic_xor,42,classification,neural_baseline,FT-Transformer-style,local_ft_transformer,1024,20,ok,,tuned_tst_benchmark,,,,,,,,,,,4,0.6957834005355835,0.49022801302931596,0.4878048780487805,0.48765537460349717,0.9525990811604171,0.0024231349805354796,0.4603966772556305,0.004756984766572714,False,,,,1,0.5365853658536586,0.5073170731707317,0.029268292682926855,True,early_stopped_cleanly
synthetic_xor,42,classification,neural_baseline,FT-Transformer-style,local_ft_transformer,1024,20,ok,,tuned_tst_benchmark,,,,,,,,,,,5,0.6971851468086243,0.49022801302931596,0.4878048780487805,0.776261159093522,1.878819560887135,0.0024231349805354796,0.4689958989620209,0.004750449676066637,False,,,,1,0.5365853658536586,0.5073170731707317,0.029268292682926855,True,early_stopped_cleanly
synthetic_xor,42,classification,neural_baseline,FT-Transformer-style,local_ft_transformer,1024,20,ok,,tuned_tst_benchmark,,,,,,,,,,,6,0.6949265956878662,0.5130293159609121,0.5170731707317073,0.5673585177470669,1.1801672514288368,-0.004043854770795274,0.5124648213386536,0.005058650858700275,False,,,,1,0.5365853658536586,0.5073170731707317,0.029268292682926855,True,early_stopped_cleanly
synthetic_xor,42,classification,neural_baseline,FT-Transformer-style,local_ft_transformer,1024,20,ok,,tuned_tst_benchmark,,,,,,,,,,,7,0.6934672355651855,0.509771986970684,0.5121951219512195,0.4452685876058233,1.2323484709548829,-0.0024231349805354796,0.5388911366462708,0.005408508703112602,False,,,,1,0.5365853658536586,0.5073170731707317,0.029268292682926855,True,early_stopped_cleanly
synthetic_xor,42,classification,neural_baseline,FT-Transformer-style,local_ft_transformer,1024,20,ok,,tuned_tst_benchmark,,,,,,,,,,,8,0.6945468306541442,0.50814332247557,0.5170731707317073,0.4821341496457028,1.1391536493623207,-0.008929848256137296,0.5152450203895569,0.005861546378582716,False,,,,1,0.5365853658536586,0.5073170731707317,0.029268292682926855,True,early_stopped_cleanly
synthetic_xor,42,classification,neural_baseline,FT-Transformer-style,local_ft_transformer,1024,20,ok,,tuned_tst_benchmark,,,,,,,,,,,9,0.6901728272438049,0.5488599348534202,0.5219512195121951,0.3072171657264339,0.4925908840267016,0.026908715341225076,0.5013545751571655,0.006458200514316559,False,,,,1,0.5365853658536586,0.5073170731707317,0.029268292682926855,True,early_stopped_cleanly
synthetic_xor,42,classification,neural_baseline,FT-Transformer-style,local_ft_transformer,1024,20,ok,,tuned_tst_benchmark,,,,,,,,,,,10,0.6935589909553528,0.5488599348534202,0.526829268292683,0.578744980105454,1.123089084784448,0.022030666560737266,0.5034134984016418,0.0072412495501339436,False,,,,1,0.5365853658536586,0.5073170731707317,0.029268292682926855,True,early_stopped_cleanly
synthetic_xor,42,classification,neural_baseline,FT-Transformer-style,local_ft_transformer,1024,20,ok,,tuned_tst_benchmark,,,,,,,,,,,11,0.6925028562545776,0.5309446254071661,0.5073170731707317,0.6423680330196933,1.2093518753144938,0.023627552236434424,0.5159860253334045,0.008255827240645885,False,,,,1,0.5365853658536586,0.5073170731707317,0.029268292682926855,True,early_stopped_cleanly
synthetic_xor,42,classification,ablation,TST,TST-v0-tuned,1024,20,ok,,tuned_tst_benchmark,TST-v0,tst_v0_lr_1e-4,1e-4,val_accuracy,maximize,0.560976,1,3,"1e-4,3e-4,1e-3",lr_only,1,0.7399775624275208,0.4837133550488599,0.5609756097560976,10.400299576233,17.61502396033555,-0.07726225470723769,0.5306092500686646,0.048729877918958664,False,,,,1,0.5609756097560976,0.5170731707317073,0.04390243902439028,True,overfit
synthetic_xor,42,classification,ablation,TST,TST-v0-tuned,1024,20,ok,,tuned_tst_benchmark,TST-v0,tst_v0_lr_1e-4,1e-4,val_accuracy,maximize,0.560976,1,3,"1e-4,3e-4,1e-3",lr_only,2,0.7026437997817994,0.498371335504886,0.5219512195121951,3.270838385057509,5.859017586157616,-0.02357988400730915,0.565478503704071,0.03681773692369461,False,,,,1,0.5609756097560976,0.5170731707317073,0.04390243902439028,True,overfit
synthetic_xor,42,classification,ablation,TST,TST-v0-tuned,1024,20,ok,,tuned_tst_benchmark,TST-v0,tst_v0_lr_1e-4,1e-4,val_accuracy,maximize,0.560976,1,3,"1e-4,3e-4,1e-3",lr_only,3,0.6969350695610046,0.5130293159609121,0.5317073170731708,2.1134644420923077,4.580195977871251,-0.018678001112258702,0.49619022011756897,0.03027021698653698,False,,,,1,0.5609756097560976,0.5170731707317073,0.04390243902439028,True,overfit
synthetic_xor,42,classification,ablation,TST,TST-v0-tuned,1024,20,ok,,tuned_tst_benchmark,TST-v0,tst_v0_lr_1e-4,1e-4,val_accuracy,maximize,0.560976,1,3,"1e-4,3e-4,1e-3",lr_only,4,0.695891261100769,0.5244299674267101,0.5024390243902439,1.4232378445216523,2.4904157166621457,0.021990943036466204,0.4780219793319702,0.026889262720942497,False,,,,1,0.5609756097560976,0.5170731707317073,0.04390243902439028,True,overfit
synthetic_xor,42,classification,ablation,TST,TST-v0-tuned,1024,20,ok,,tuned_tst_benchmark,TST-v0,tst_v0_lr_1e-4,1e-4,val_accuracy,maximize,0.560976,1,3,"1e-4,3e-4,1e-3",lr_only,5,0.6936450600624084,0.506514657980456,0.551219512195122,1.7483596780668627,3.471750052428884,-0.04470485421466597,0.5176956653594971,0.02558506652712822,False,,,,1,0.5609756097560976,0.5170731707317073,0.04390243902439028,True,overfit
synthetic_xor,42,classification,ablation,TST,TST-v0-tuned,1024,20,ok,,tuned_tst_benchmark,TST-v0,tst_v0_lr_1e-4,1e-4,val_accuracy,maximize,0.560976,1,3,"1e-4,3e-4,1e-3",lr_only,6,0.6946358561515809,0.498371335504886,0.5219512195121951,1.2701276631512484,4.07512127574716,-0.02357988400730915,0.5388540625572205,0.025171127170324326,False,,,,1,0.5609756097560976,0.5170731707317073,0.04390243902439028,True,overfit
synthetic_xor,42,classification,ablation,TST,TST-v0-tuned,1024,20,ok,,tuned_tst_benchmark,TST-v0,tst_v0_lr_1e-4,1e-4,val_accuracy,maximize,0.560976,1,3,"1e-4,3e-4,1e-3",lr_only,7,0.6922543287277222,0.5211726384364821,0.5414634146341464,0.8182001002100465,1.392262961801287,-0.020290776197664284,0.49988552927970886,0.024443116039037704,False,,,,1,0.5609756097560976,0.5170731707317073,0.04390243902439028,True,overfit
synthetic_xor,42,classification,ablation,TST,TST-v0-tuned,1024,20,ok,,tuned_tst_benchmark,TST-v0,tst_v0_lr_1e-4,1e-4,val_accuracy,maximize,0.560976,1,3,"1e-4,3e-4,1e-3",lr_only,8,0.6916399359703064,0.5439739413680782,0.4975609756097561,1.9060905094637242,3.007080827819887,0.0464129657583221,0.48323166370391846,0.024309884756803513,False,,,,1,0.5609756097560976,0.5170731707317073,0.04390243902439028,True,overfit
synthetic_xor,42,classification,ablation,TST,TST-v0-tuned,1024,20,ok,,tuned_tst_benchmark,TST-v0,tst_v0_lr_1e-4,1e-4,val_accuracy,maximize,0.560976,1,3,"1e-4,3e-4,1e-3",lr_only,9,0.6901097059249878,0.5423452768729642,0.526829268292683,1.1518047994085374,1.8778567297880446,0.015516008580281238,0.5181493759155273,0.025427084416151047,False,,,,1,0.5609756097560976,0.5170731707317073,0.04390243902439028,True,overfit
synthetic_xor,42,classification,ablation,TST,TST-v0-tuned,1024,20,ok,,tuned_tst_benchmark,TST-v0,tst_v0_lr_1e-4,1e-4,val_accuracy,maximize,0.560976,1,3,"1e-4,3e-4,1e-3",lr_only,10,0.6902251482009888,0.5309446254071661,0.5463414634146342,0.7732100332073274,1.8394627890426523,-0.01539683800746805,0.5268966555595398,0.02625366486608982,False,,,,1,0.5609756097560976,0.5170731707317073,0.04390243902439028,True,overfit
synthetic_xor,42,classification,ablation,TST,TST-v0-tuned,1024,20,ok,,tuned_tst_benchmark,TST-v0,tst_v0_lr_1e-4,1e-4,val_accuracy,maximize,0.560976,1,3,"1e-4,3e-4,1e-3",lr_only,11,0.6893022179603576,0.5374592833876222,0.5170731707317073,0.6193427545092302,0.8576919062623809,0.020386112655914834,0.5033357739448547,0.02701009437441826,False,,,,1,0.5609756097560976,0.5170731707317073,0.04390243902439028,True,overfit
synthetic_xor,42,classification,ablation,TST,TST-v1-Gate-tuned,1024,20,ok,,tuned_tst_benchmark,TST-v1-Gate,tst_v1_gate_lr_1e-4,1e-4,val_accuracy,maximize,0.570732,1,3,"1e-4,3e-4,1e-3",lr_only,1,0.7745039939880372,0.49022801302931596,0.5707317073170731,35.07933777168698,59.47554547883392,-0.08050369428775717,0.5493975877761841,0.04579431191086769,True,0.26316264271736145,0.262622594833374,0.0,1,0.5707317073170731,0.526829268292683,0.04390243902439017,True,overfit
synthetic_xor,42,classification,ablation,TST,TST-v1-Gate-tuned,1024,20,ok,,tuned_tst_benchmark,TST-v1-Gate,tst_v1_gate_lr_1e-4,1e-4,val_accuracy,maximize,0.570732,1,3,"1e-4,3e-4,1e-3",lr_only,2,0.7370717406272889,0.498371335504886,0.526829268292683,11.736202454701886,21.051802689860242,-0.028457932787796958,0.5601223111152649,0.03349483385682106,True,0.2557273805141449,0.2553873658180237,0.0,1,0.5707317073170731,0.526829268292683,0.04390243902439017,True,overfit
synthetic_xor,42,classification,ablation,TST,TST-v1-Gate-tuned,1024,20,ok,,tuned_tst_benchmark,TST-v1-Gate,tst_v1_gate_lr_1e-4,1e-4,val_accuracy,maximize,0.570732,1,3,"1e-4,3e-4,1e-3",lr_only,3,0.7265725374221802,0.5211726384364821,0.526829268292683,5.778976655491204,13.310025354951275,-0.0056566298562008566,0.4905000925064087,0.027063507586717606,True,0.2476942092180252,0.24722732603549957,0.0,1,0.5707317073170731,0.526829268292683,0.04390243902439017,True,overfit
synthetic_xor,42,classification,ablation,TST,TST-v1-Gate-tuned,1024,20,ok,,tuned_tst_benchmark,TST-v1-Gate,tst_v1_gate_lr_1e-4,1e-4,val_accuracy,maximize,0.570732,1,3,"1e-4,3e-4,1e-3",lr_only,4,0.7247113704681396,0.5228013029315961,0.5024390243902439,4.273813371367573,7.909559869304137,0.020362278541352197,0.48024797439575195,0.02397981658577919,True,0.2395983189344406,0.23879390954971313,0.0,1,0.5707317073170731,0.526829268292683,0.04390243902439017,True,overfit
synthetic_xor,42,classification,ablation,TST,TST-v1-Gate-tuned,1024,20,ok,,tuned_tst_benchmark,TST-v1-Gate,tst_v1_gate_lr_1e-4,1e-4,val_accuracy,maximize,0.570732,1,3,"1e-4,3e-4,1e-3",lr_only,5,0.7210140347480773,0.5,0.551219512195122,5.306811534956112,10.658654590709462,-0.051219512195122,0.5195401310920715,0.022642774507403374,True,0.23161740601062775,0.2306233048439026,0.0,1,0.5707317073170731,0.526829268292683,0.04390243902439017,True,overfit
synthetic_xor,42,classification,ablation,TST,TST-v1-Gate-tuned,1024,20,ok,,tuned_tst_benchmark,TST-v1-Gate,tst_v1_gate_lr_1e-4,1e-4,val_accuracy,maximize,0.570732,1,3,"1e-4,3e-4,1e-3",lr_only,6,0.7206831097602844,0.506514657980456,0.5121951219512195,3.7829660397553595,13.00148652746277,-0.005680463970763494,0.5381398797035217,0.022055063396692276,True,0.22379012405872345,0.22247765958309174,0.0,1,0.5707317073170731,0.526829268292683,0.04390243902439017,True,overfit
synthetic_xor,42,classification,ablation,TST,TST-v1-Gate-tuned,1024,20,ok,,tuned_tst_benchmark,TST-v1-Gate,tst_v1_gate_lr_1e-4,1e-4,val_accuracy,maximize,0.570732,1,3,"1e-4,3e-4,1e-3",lr_only,7,0.7166446328163147,0.5195439739413681,0.526829268292683,2.3740098814457733,4.483493733849839,-0.007285294351314864,0.4999421238899231,0.021272968500852585,True,0.21612481772899628,0.215213805437088,0.0,1,0.5707317073170731,0.526829268292683,0.04390243902439017,True,overfit
synthetic_xor,42,classification,ablation,TST,TST-v1-Gate-tuned,1024,20,ok,,tuned_tst_benchmark,TST-v1-Gate,tst_v1_gate_lr_1e-4,1e-4,val_accuracy,maximize,0.570732,1,3,"1e-4,3e-4,1e-3",lr_only,8,0.7150743722915649,0.5374592833876222,0.48292682926829267,6.31669641637818,10.14095343047842,0.0545324541193295,0.4835577607154846,0.02095768228173256,True,0.20874731242656708,0.2081686556339264,0.0,1,0.5707317073170731,0.526829268292683,0.04390243902439017,True,overfit
synthetic_xor,42,classification,ablation,TST,TST-v1-Gate-tuned,1024,20,ok,,tuned_tst_benchmark,TST-v1-Gate,tst_v1_gate_lr_1e-4,1e-4,val_accuracy,maximize,0.570732,1,3,"1e-4,3e-4,1e-3",lr_only,9,0.7120487689971924,0.5293159609120521,0.5609756097560976,3.7596836468670256,6.501337429739189,-0.031659648844045485,0.5176878571510315,0.0216373298317194,True,0.20168384909629822,0.20143473148345947,0.0,1,0.5707317073170731,0.526829268292683,0.04390243902439017,True,overfit
synthetic_xor,42,classification,ablation,TST,TST-v1-Gate-tuned,1024,20,ok,,tuned_tst_benchmark,TST-v1-Gate,tst_v1_gate_lr_1e-4,1e-4,val_accuracy,maximize,0.570732,1,3,"1e-4,3e-4,1e-3",lr_only,10,0.7108760356903077,0.5162866449511401,0.5219512195121951,2.457240396295272,6.5800406539413485,-0.005664574561055069,0.5270013213157654,0.02208719775080681,True,0.19482679665088654,0.19442260265350342,0.0,1,0.5707317073170731,0.526829268292683,0.04390243902439017,True,overfit
synthetic_xor,42,classification,ablation,TST,TST-v1-Gate-tuned,1024,20,ok,,tuned_tst_benchmark,TST-v1-Gate,tst_v1_gate_lr_1e-4,1e-4,val_accuracy,maximize,0.570732,1,3,"1e-4,3e-4,1e-3",lr_only,11,0.7089865326881408,0.5276872964169381,0.526829268292683,1.9021817244754042,3.052630656209188,0.0008580281242551724,0.5041384100914001,0.02248254232108593,True,0.1882070004940033,0.1878676861524582,0.0,1,0.5707317073170731,0.526829268292683,0.04390243902439017,True,overfit
synthetic_xor,42,classification,ablation,TST,TST-v3-MoE-tuned,1024,20,ok,,tuned_tst_benchmark,TST-v3-MoE,tst_v3_moe_lr_1e-4,1e-4,val_accuracy,maximize,0.512195,2,3,"1e-4,3e-4,1e-3",lr_only,1,0.7284060001373291,0.49022801302931596,0.4878048780487805,0.891513097106816,1.314012200601067,0.0024231349805354796,0.46644455194473267,0.00037058492307551205,True,0.2593291103839874,0.25932931900024414,0.0,2,0.5121951219512195,0.5121951219512195,0.0,True,early_stopped_cleanly
synthetic_xor,42,classification,ablation,TST,TST-v3-MoE-tuned,1024,20,ok,,tuned_tst_benchmark,TST-v3-MoE,tst_v3_moe_lr_1e-4,1e-4,val_accuracy,maximize,0.512195,2,3,"1e-4,3e-4,1e-3",lr_only,2,0.7325891017913818,0.509771986970684,0.5121951219512195,1.2934187954369638,2.523001314327992,-0.0024231349805354796,0.5045613646507263,0.0003405481984373182,True,0.24996478855609894,0.24996638298034668,0.0,2,0.5121951219512195,0.5121951219512195,0.0,True,early_stopped_cleanly
synthetic_xor,42,classification,ablation,TST,TST-v3-MoE-tuned,1024,20,ok,,tuned_tst_benchmark,TST-v3-MoE,tst_v3_moe_lr_1e-4,1e-4,val_accuracy,maximize,0.512195,2,3,"1e-4,3e-4,1e-3",lr_only,3,0.7245211243629456,0.509771986970684,0.5121951219512195,0.8443577721680059,1.6677411132967628,-0.0024231349805354796,0.542025625705719,0.00032480646041221917,True,0.24087584018707275,0.24087455868721008,0.0,2,0.5121951219512195,0.5121951219512195,0.0,True,early_stopped_cleanly
synthetic_xor,42,classification,ablation,TST,TST-v3-MoE-tuned,1024,20,ok,,tuned_tst_benchmark,TST-v3-MoE,tst_v3_moe_lr_1e-4,1e-4,val_accuracy,maximize,0.512195,2,3,"1e-4,3e-4,1e-3",lr_only,4,0.7212679147720337,0.509771986970684,0.5121951219512195,0.4696614257913545,0.733818592491193,-0.0024231349805354796,0.5050362944602966,0.000339245394570753,True,0.23207977414131165,0.23207923769950867,0.0,2,0.5121951219512195,0.5121951219512195,0.0,True,early_stopped_cleanly
synthetic_xor,42,classification,ablation,TST,TST-v3-MoE-tuned,1024,20,ok,,tuned_tst_benchmark,TST-v3-MoE,tst_v3_moe_lr_1e-4,1e-4,val_accuracy,maximize,0.512195,2,3,"1e-4,3e-4,1e-3",lr_only,5,0.7205844044685363,0.49022801302931596,0.4878048780487805,0.5620610284398572,1.3403596352339648,0.0024231349805354796,0.47846391797065735,0.0003381182614248246,True,0.2235843688249588,0.22358110547065735,0.0,2,0.5121951219512195,0.5121951219512195,0.0,True,early_stopped_cleanly
synthetic_xor,42,classification,ablation,TST,TST-v3-MoE-tuned,1024,20,ok,,tuned_tst_benchmark,TST-v3-MoE,tst_v3_moe_lr_1e-4,1e-4,val_accuracy,maximize,0.512195,2,3,"1e-4,3e-4,1e-3",lr_only,6,0.7172675967216492,0.509771986970684,0.5121951219512195,0.34267475180561396,0.48609512184465203,-0.0024231349805354796,0.5146217346191406,0.0003168417315464467,True,0.21539480984210968,0.21539318561553955,0.0,2,0.5121951219512195,0.5121951219512195,0.0,True,early_stopped_cleanly
synthetic_xor,42,classification,ablation,TST,TST-v3-MoE-tuned,1024,20,ok,,tuned_tst_benchmark,TST-v3-MoE,tst_v3_moe_lr_1e-4,1e-4,val_accuracy,maximize,0.512195,2,3,"1e-4,3e-4,1e-3",lr_only,7,0.7181685566902161,0.509771986970684,0.5121951219512195,0.6473315118693787,0.9724678307964036,-0.0024231349805354796,0.536953866481781,0.0002945562300737947,True,0.20751889050006866,0.2075149416923523,0.0,2,0.5121951219512195,0.5121951219512195,0.0,True,early_stopped_cleanly
synthetic_xor,42,classification,ablation,TST,TST-v3-MoE-tuned,1024,20,ok,,tuned_tst_benchmark,TST-v3-MoE,tst_v3_moe_lr_1e-4,1e-4,val_accuracy,maximize,0.512195,2,3,"1e-4,3e-4,1e-3",lr_only,8,0.7149186849594116,0.509771986970684,0.5121951219512195,0.6162063322943916,1.0387281905320092,-0.0024231349805354796,0.5104373693466187,0.00028020143508911133,True,0.19995667040348053,0.19994723796844482,0.0,2,0.5121951219512195,0.5121951219512195,0.0,True,early_stopped_cleanly
synthetic_xor,42,classification,ablation,TST,TST-v3-MoE-tuned,1024,20,ok,,tuned_tst_benchmark,TST-v3-MoE,tst_v3_moe_lr_1e-4,1e-4,val_accuracy,maximize,0.512195,2,3,"1e-4,3e-4,1e-3",lr_only,9,0.7147316455841064,0.49022801302931596,0.4878048780487805,0.5968865763787927,1.4063070370373794,0.0024231349805354796,0.48219507932662964,0.00026548781897872686,True,0.19270311295986176,0.19269415736198425,0.0,2,0.5121951219512195,0.5121951219512195,0.0,True,early_stopped_cleanly
synthetic_xor,42,classification,ablation,TST,TST-v3-MoE-tuned,1024,20,ok,,tuned_tst_benchmark,TST-v3-MoE,tst_v3_moe_lr_1e-4,1e-4,val_accuracy,maximize,0.512195,2,3,"1e-4,3e-4,1e-3",lr_only,10,0.7123658299446106,0.509771986970684,0.5121951219512195,0.7174751942366557,1.2901421190255298,-0.0024231349805354796,0.5023506879806519,0.0002638993028085679,True,0.18574990332126617,0.18573878705501556,0.0,2,0.5121951219512195,0.5121951219512195,0.0,True,early_stopped_cleanly
synthetic_xor,42,classification,ablation,TST,TST-v3-MoE-tuned,1024,20,ok,,tuned_tst_benchmark,TST-v3-MoE,tst_v3_moe_lr_1e-4,1e-4,val_accuracy,maximize,0.512195,2,3,"1e-4,3e-4,1e-3",lr_only,11,0.7096631526947021,0.509771986970684,0.5121951219512195,0.35539088929041224,0.8041031170375214,-0.0024231349805354796,0.5225704908370972,0.00026316929142922163,True,0.1790936440229416,0.1790846586227417,0.0,2,0.5121951219512195,0.5121951219512195,0.0,True,early_stopped_cleanly
synthetic_xor,42,classification,ablation,TST,TST-v3-MoE-tuned,1024,20,ok,,tuned_tst_benchmark,TST-v3-MoE,tst_v3_moe_lr_1e-4,1e-4,val_accuracy,maximize,0.512195,2,3,"1e-4,3e-4,1e-3",lr_only,12,0.7087554812431336,0.509771986970684,0.5121951219512195,0.301934639241541,0.9838929283908676,-0.0024231349805354796,0.5262151956558228,0.0002621669846121222,True,0.17272701859474182,0.17271903157234192,0.0,2,0.5121951219512195,0.5121951219512195,0.0,True,early_stopped_cleanly
synthetic_irrelevant_noise,42,classification,ablation,TST-v0,TST-v0,1024,100,ok,,tuned_tst_benchmark,,,,,,,,,,,1,1.0522433280944825,0.5,0.5024390243902439,6.982248655025311,13.075441992641723,-0.0024390243902439046,0.5497786998748779,0.0012820977717638016,False,,,,1,0.5024390243902439,0.5024390243902439,0.0,True,early_stopped_cleanly
synthetic_irrelevant_noise,42,classification,ablation,TST-v0,TST-v0,1024,100,ok,,tuned_tst_benchmark,,,,,,,,,,,2,0.7279408931732178,0.5,0.4975609756097561,1.1576062752183822,1.8639577967714813,0.0024390243902439046,0.3284609019756317,0.0003149632248096168,False,,,,1,0.5024390243902439,0.5024390243902439,0.0,True,early_stopped_cleanly
synthetic_irrelevant_noise,42,classification,ablation,TST-v0,TST-v0,1024,100,ok,,tuned_tst_benchmark,,,,,,,,,,,3,0.7277836084365845,0.5,0.4975609756097561,1.1448402331451015,1.6633398413154727,0.0024390243902439046,0.4489678740501404,0.0002114786475431174,False,,,,1,0.5024390243902439,0.5024390243902439,0.0,True,early_stopped_cleanly
synthetic_irrelevant_noise,42,classification,ablation,TST-v0,TST-v0,1024,100,ok,,tuned_tst_benchmark,,,,,,,,,,,4,0.6950009822845459,0.5,0.5024390243902439,0.28650927061113524,0.7030218310214416,-0.0024390243902439046,0.5569343566894531,0.0002083893195958808,False,,,,1,0.5024390243902439,0.5024390243902439,0.0,True,early_stopped_cleanly
synthetic_irrelevant_noise,42,classification,ablation,TST-v0,TST-v0,1024,100,ok,,tuned_tst_benchmark,,,,,,,,,,,5,0.7031138420104981,0.5,0.5024390243902439,0.5938279689418675,1.183282368080211,-0.0024390243902439046,0.5674819350242615,0.00017570336058270186,False,,,,1,0.5024390243902439,0.5024390243902439,0.0,True,early_stopped_cleanly
synthetic_irrelevant_noise,42,classification,ablation,TST-v0,TST-v0,1024,100,ok,,tuned_tst_benchmark,,,,,,,,,,,6,0.699481475353241,0.5,0.5024390243902439,0.43620675422326566,1.1049814854309667,-0.0024390243902439046,0.5180458426475525,0.00013411570398602635,False,,,,1,0.5024390243902439,0.5024390243902439,0.0,True,early_stopped_cleanly
synthetic_irrelevant_noise,42,classification,ablation,TST-v0,TST-v0,1024,100,ok,,tuned_tst_benchmark,,,,,,,,,,,7,0.6936457991600037,0.5,0.4975609756097561,0.16922261696058039,0.35347737015261604,0.0024390243902439046,0.4800493121147156,0.00010888904216699302,False,,,,1,0.5024390243902439,0.5024390243902439,0.0,True,early_stopped_cleanly
synthetic_irrelevant_noise,42,classification,ablation,TST-v0,TST-v0,1024,100,ok,,tuned_tst_benchmark,,,,,,,,,,,8,0.6941692948341369,0.5,0.4975609756097561,0.29422216657731326,0.5425618519575419,0.0024390243902439046,0.4751977026462555,0.00010048462718259543,False,,,,1,0.5024390243902439,0.5024390243902439,0.0,True,early_stopped_cleanly
synthetic_irrelevant_noise,42,classification,ablation,TST-v0,TST-v0,1024,100,ok,,tuned_tst_benchmark,,,,,,,,,,,9,0.6940871596336364,0.5,0.4975609756097561,0.3272737697310851,0.4876605088314731,0.0024390243902439046,0.4905547797679901,0.0001004458317765966,False,,,,1,0.5024390243902439,0.5024390243902439,0.0,True,early_stopped_cleanly
synthetic_irrelevant_noise,42,classification,ablation,TST-v0,TST-v0,1024,100,ok,,tuned_tst_benchmark,,,,,,,,,,,10,0.6932785391807557,0.5,0.5024390243902439,0.15751750175244075,0.3140905862128964,-0.0024390243902439046,0.5006816387176514,0.00010143963299924508,False,,,,1,0.5024390243902439,0.5024390243902439,0.0,True,early_stopped_cleanly
synthetic_irrelevant_noise,42,classification,ablation,TST-v0,TST-v0,1024,100,ok,,tuned_tst_benchmark,,,,,,,,,,,11,0.693443775177002,0.5,0.5024390243902439,0.23482468343946725,0.3871662192128717,-0.0024390243902439046,0.5053443908691406,0.00010267391189699993,False,,,,1,0.5024390243902439,0.5024390243902439,0.0,True,early_stopped_cleanly
synthetic_irrelevant_noise,42,classification,ablation,TST-v1-Gate,TST-v1-Gate,1024,100,ok,,tuned_tst_benchmark,,,,,,,,,,,1,1.1972915768623351,0.5,0.5024390243902439,19.230577355913354,45.696224187038766,-0.0024390243902439046,0.5559061765670776,0.0007806422654539347,True,0.18467570841312408,0.1841275990009308,0.0,1,0.5024390243902439,0.5024390243902439,0.0,True,early_stopped_cleanly
synthetic_irrelevant_noise,42,classification,ablation,TST-v1-Gate,TST-v1-Gate,1024,100,ok,,tuned_tst_benchmark,,,,,,,,,,,2,0.7849608778953552,0.5,0.4975609756097561,1.2476385777116534,1.9061925058944238,0.0024390243902439046,0.33128607273101807,0.00011435923806857318,True,0.12420738488435745,0.12373416125774384,0.0,1,0.5024390243902439,0.5024390243902439,0.0,True,early_stopped_cleanly
synthetic_irrelevant_noise,42,classification,ablation,TST-v1-Gate,TST-v1-Gate,1024,100,ok,,tuned_tst_benchmark,,,,,,,,,,,3,0.7344465732574463,0.5,0.4975609756097561,1.1314810430790456,1.6821289700584237,0.0024390243902439046,0.45579707622528076,7.133119652280584e-05,True,0.08571702241897583,0.08522443473339081,0.99,1,0.5024390243902439,0.5024390243902439,0.0,True,early_stopped_cleanly
synthetic_irrelevant_noise,42,classification,ablation,TST-v1-Gate,TST-v1-Gate,1024,100,ok,,tuned_tst_benchmark,,,,,,,,,,,4,0.6952126741409301,0.5,0.5024390243902439,0.33604835715965586,0.6528510938045665,-0.0024390243902439046,0.5628176927566528,5.2561321354005486e-05,True,0.06714113056659698,0.06686230003833771,1.0,1,0.5024390243902439,0.5024390243902439,0.0,True,early_stopped_cleanly
synthetic_irrelevant_noise,42,classification,ablation,TST-v1-Gate,TST-v1-Gate,1024,100,ok,,tuned_tst_benchmark,,,,,,,,,,,5,0.7036509037017822,0.5,0.5024390243902439,0.6188521043855257,1.2403252558745967,-0.0024390243902439046,0.562248170375824,3.4427452192176133e-05,True,0.057856813073158264,0.05771603435277939,1.0,1,0.5024390243902439,0.5024390243902439,0.0,True,early_stopped_cleanly
synthetic_irrelevant_noise,42,classification,ablation,TST-v1-Gate,TST-v1-Gate,1024,100,ok,,tuned_tst_benchmark,,,,,,,,,,,6,0.6984325051307678,0.5,0.5024390243902439,0.4016039909695919,1.0725308427317375,-0.0024390243902439046,0.5060727596282959,2.2309210180537775e-05,True,0.05295116826891899,0.05286988615989685,1.0,1,0.5024390243902439,0.5024390243902439,0.0,True,early_stopped_cleanly
synthetic_irrelevant_noise,42,classification,ablation,TST-v1-Gate,TST-v1-Gate,1024,100,ok,,tuned_tst_benchmark,,,,,,,,,,,7,0.6937653064727783,0.5,0.4975609756097561,0.18724033522480288,0.3537127961776865,0.0024390243902439046,0.4732791781425476,1.7143922377726994e-05,True,0.050345346331596375,0.0502803772687912,1.0,1,0.5024390243902439,0.5024390243902439,0.0,True,early_stopped_cleanly
synthetic_irrelevant_noise,42,classification,ablation,TST-v1-Gate,TST-v1-Gate,1024,100,ok,,tuned_tst_benchmark,,,,,,,,,,,8,0.694590938091278,0.5,0.4975609756097561,0.32054674744314626,0.5508618667242139,0.0024390243902439046,0.47762158513069153,1.5213377992040478e-05,True,0.04903797805309296,0.048966556787490845,1.0,1,0.5024390243902439,0.5024390243902439,0.0,True,early_stopped_cleanly
synthetic_irrelevant_noise,42,classification,ablation,TST-v1-Gate,TST-v1-Gate,1024,100,ok,,tuned_tst_benchmark,,,,,,,,,,,9,0.6940250039100647,0.5,0.4975609756097561,0.3092597212427858,0.5462532114558062,0.0024390243902439046,0.49733373522758484,1.4693633602291811e-05,True,0.04849803447723389,0.04843935742974281,1.0,1,0.5024390243902439,0.5024390243902439,0.0,True,early_stopped_cleanly
synthetic_irrelevant_noise,42,classification,ablation,TST-v1-Gate,TST-v1-Gate,1024,100,ok,,tuned_tst_benchmark,,,,,,,,,,,10,0.6932586908340455,0.5,0.5024390243902439,0.1679626032329185,0.2819149690207742,-0.0024390243902439046,0.5045399069786072,1.4369305972650182e-05,True,0.048424821346998215,0.048373736441135406,1.0,1,0.5024390243902439,0.5024390243902439,0.0,True,early_stopped_cleanly
synthetic_irrelevant_noise,42,classification,ablation,TST-v1-Gate,TST-v1-Gate,1024,100,ok,,tuned_tst_benchmark,,,,,,,,,,,11,0.6935338973999023,0.5,0.5024390243902439,0.23882072301971355,0.3939220243316397,-0.0024390243902439046,0.5040038824081421,1.4199337783793453e-05,True,0.04864053800702095,0.04859388619661331,1.0,1,0.5024390243902439,0.5024390243902439,0.0,True,early_stopped_cleanly
synthetic_irrelevant_noise,42,classification,ablation,TST-v3-MoE,TST-v3-MoE,1024,100,ok,,tuned_tst_benchmark,,,,,,,,,,,1,0.890774929523468,0.5,0.5024390243902439,1.5143962016054882,5.281882264392825,-0.0024390243902439046,0.5797809362411499,4.771112435264513e-05,True,0.18373577296733856,0.18373672664165497,0.0,1,0.5024390243902439,0.4975609756097561,0.004878048780487809,True,early_stopped_cleanly
synthetic_irrelevant_noise,42,classification,ablation,TST-v3-MoE,TST-v3-MoE,1024,100,ok,,tuned_tst_benchmark,,,,,,,,,,,2,0.7642739892005921,0.5,0.5024390243902439,0.8067905993396695,1.4828555725478867,-0.0024390243902439046,0.5111849308013916,1.786896973499097e-05,True,0.12316834181547165,0.1231679618358612,0.0,1,0.5024390243902439,0.4975609756097561,0.004878048780487809,True,early_stopped_cleanly
synthetic_irrelevant_noise,42,classification,ablation,TST-v3-MoE,TST-v3-MoE,1024,100,ok,,tuned_tst_benchmark,,,,,,,,,,,3,0.7119855999946594,0.5,0.5024390243902439,0.5557353648283292,1.1853333737876572,-0.0024390243902439046,0.5286942720413208,7.37028813091456e-06,True,0.084879070520401,0.0848798155784607,1.0,1,0.5024390243902439,0.4975609756097561,0.004878048780487809,True,early_stopped_cleanly
synthetic_irrelevant_noise,42,classification,ablation,TST-v3-MoE,TST-v3-MoE,1024,100,ok,,tuned_tst_benchmark,,,,,,,,,,,4,0.6999290347099304,0.5,0.4975609756097561,0.48465397824769596,0.7031565351625048,0.0024390243902439046,0.44435781240463257,4.044375145895174e-06,True,0.06659246236085892,0.06659296154975891,1.0,1,0.5024390243902439,0.4975609756097561,0.004878048780487809,True,early_stopped_cleanly
synthetic_irrelevant_noise,42,classification,ablation,TST-v3-MoE,TST-v3-MoE,1024,100,ok,,tuned_tst_benchmark,,,,,,,,,,,5,0.6942194700241089,0.5,0.5024390243902439,0.27949996190073695,0.6810797764425116,-0.0024390243902439046,0.5290129780769348,2.9814939352945657e-06,True,0.05744032934308052,0.05744032561779022,1.0,1,0.5024390243902439,0.4975609756097561,0.004878048780487809,True,early_stopped_cleanly
synthetic_irrelevant_noise,42,classification,ablation,TST-v3-MoE,TST-v3-MoE,1024,100,ok,,tuned_tst_benchmark,,,,,,,,,,,6,0.7027491450309753,0.5,0.5024390243902439,0.6259771110205163,1.1955635261422044,-0.0024390243902439046,0.5423106551170349,2.397013531663106e-06,True,0.05260094627737999,0.05260077118873596,1.0,1,0.5024390243902439,0.4975609756097561,0.004878048780487809,True,early_stopped_cleanly
synthetic_irrelevant_noise,42,classification,ablation,TST-v3-MoE,TST-v3-MoE,1024,100,ok,,tuned_tst_benchmark,,,,,,,,,,,7,0.6948062777519226,0.5,0.4975609756097561,0.45158068061534795,0.7957668493232326,0.0024390243902439046,0.4562077820301056,1.9820890884147957e-06,True,0.05003183335065842,0.0500316321849823,1.0,1,0.5024390243902439,0.4975609756097561,0.004878048780487809,True,early_stopped_cleanly
synthetic_irrelevant_noise,42,classification,ablation,TST-v3-MoE,TST-v3-MoE,1024,100,ok,,tuned_tst_benchmark,,,,,,,,,,,8,0.7002160787582398,0.5,0.4975609756097561,0.45736313332458883,1.0393798414581386,0.0024390243902439046,0.4650883972644806,1.800546669983305e-06,True,0.04874551668763161,0.048744820058345795,1.0,1,0.5024390243902439,0.4975609756097561,0.004878048780487809,True,early_stopped_cleanly
synthetic_irrelevant_noise,42,classification,ablation,TST-v3-MoE,TST-v3-MoE,1024,100,ok,,tuned_tst_benchmark,,,,,,,,,,,9,0.6932725310325623,0.5,0.5024390243902439,0.17487442978657156,0.35942388623985344,-0.0024390243902439046,0.5432604551315308,1.7089025732275331e-06,True,0.04821757227182388,0.048216164112091064,1.0,1,0.5024390243902439,0.4975609756097561,0.004878048780487809,True,early_stopped_cleanly
synthetic_irrelevant_noise,42,classification,ablation,TST-v3-MoE,TST-v3-MoE,1024,100,ok,,tuned_tst_benchmark,,,,,,,,,,,10,0.6980731248855591,0.5,0.5024390243902439,0.3368035031569257,0.7029060388798669,-0.0024390243902439046,0.5363530516624451,1.6569662193433032e-06,True,0.04815102741122246,0.04814913868904114,1.0,1,0.5024390243902439,0.4975609756097561,0.004878048780487809,True,early_stopped_cleanly
synthetic_irrelevant_noise,42,classification,ablation,TST-v3-MoE,TST-v3-MoE,1024,100,ok,,tuned_tst_benchmark,,,,,,,,,,,11,0.6940013647079468,0.5,0.4975609756097561,0.22992236954593698,0.4238260403314337,0.0024390243902439046,0.478573203086853,1.5520115539402468e-06,True,0.048370275646448135,0.04836799576878548,1.0,1,0.5024390243902439,0.4975609756097561,0.004878048780487809,True,early_stopped_cleanly
synthetic_irrelevant_noise,42,classification,neural_baseline,FT-Transformer-style,local_ft_transformer,1024,100,ok,,tuned_tst_benchmark,,,,,,,,,,,1,0.9514877796173096,0.5,0.4975609756097561,57.05017055267903,122.28717549563527,0.0024390243902439046,0.44927293062210083,0.010989991948008537,False,,,,40,0.9414634146341463,0.9365853658536586,0.004878048780487698,True,early_stopped_cleanly
synthetic_irrelevant_noise,42,classification,neural_baseline,FT-Transformer-style,local_ft_transformer,1024,100,ok,,tuned_tst_benchmark,,,,,,,,,,,2,0.7354967713356018,0.5,0.4975609756097561,5.246956348777073,10.669906932043986,0.0024390243902439046,0.3544555902481079,0.005532270763069391,False,,,,40,0.9414634146341463,0.9365853658536586,0.004878048780487698,True,early_stopped_cleanly
synthetic_irrelevant_noise,42,classification,neural_baseline,FT-Transformer-style,local_ft_transformer,1024,100,ok,,tuned_tst_benchmark,,,,,,,,,,,3,0.7133567094802856,0.5553745928338762,0.5121951219512195,2.687656433058372,4.978516904087303,0.04317947088265672,0.5061481595039368,0.004619556479156017,False,,,,40,0.9414634146341463,0.9365853658536586,0.004878048780487698,True,early_stopped_cleanly
synthetic_irrelevant_noise,42,classification,neural_baseline,FT-Transformer-style,local_ft_transformer,1024,100,ok,,tuned_tst_benchmark,,,,,,,,,,,4,0.6945191144943237,0.5,0.5024390243902439,1.0381961063957235,2.337496700921536,-0.0024390243902439046,0.5657422542572021,0.003998990636318922,False,,,,40,0.9414634146341463,0.9365853658536586,0.004878048780487698,True,early_stopped_cleanly
synthetic_irrelevant_noise,42,classification,neural_baseline,FT-Transformer-style,local_ft_transformer,1024,100,ok,,tuned_tst_benchmark,,,,,,,,,,,5,0.7007570385932922,0.5,0.5024390243902439,1.13778596869899,1.669714016730442,-0.0024390243902439046,0.5373361110687256,0.004017651081085205,False,,,,40,0.9414634146341463,0.9365853658536586,0.004878048780487698,True,early_stopped_cleanly
synthetic_irrelevant_noise,42,classification,neural_baseline,FT-Transformer-style,local_ft_transformer,1024,100,ok,,tuned_tst_benchmark,,,,,,,,,,,6,0.6915189266204834,0.5,0.4975609756097561,0.9404032359034821,1.8267320656210684,0.0024390243902439046,0.47927922010421753,0.004280274733901024,False,,,,40,0.9414634146341463,0.9365853658536586,0.004878048780487698,True,early_stopped_cleanly
synthetic_irrelevant_noise,42,classification,neural_baseline,FT-Transformer-style,local_ft_transformer,1024,100,ok,,tuned_tst_benchmark,,,,,,,,,,,7,0.6886243939399719,0.5,0.4975609756097561,0.6612515971991866,0.9855361905068021,0.0024390243902439046,0.4706055521965027,0.0046533565036952496,False,,,,40,0.9414634146341463,0.9365853658536586,0.004878048780487698,True,early_stopped_cleanly
synthetic_irrelevant_noise,42,classification,neural_baseline,FT-Transformer-style,local_ft_transformer,1024,100,ok,,tuned_tst_benchmark,,,,,,,,,,,8,0.6910881996154785,0.7182410423452769,0.6048780487804878,0.8599234202715422,1.3974119837748495,0.11336299356478907,0.4982427954673767,0.005226454231888056,False,,,,40,0.9414634146341463,0.9365853658536586,0.004878048780487698,True,early_stopped_cleanly
synthetic_irrelevant_noise,42,classification,neural_baseline,FT-Transformer-style,local_ft_transformer,1024,100,ok,,tuned_tst_benchmark,,,,,,,,,,,9,0.6881872057914734,0.7117263843648208,0.6292682926829268,0.5892414894083506,1.0762258044014665,0.082458091681894,0.5003159046173096,0.006125505547970533,False,,,,40,0.9414634146341463,0.9365853658536586,0.004878048780487698,True,early_stopped_cleanly
synthetic_irrelevant_noise,42,classification,neural_baseline,FT-Transformer-style,local_ft_transformer,1024,100,ok,,tuned_tst_benchmark,,,,,,,,,,,10,0.683230721950531,0.7149837133550488,0.624390243902439,1.0216390013802206,1.5127936762118963,0.09059346945260982,0.5011608004570007,0.007612505462020636,False,,,,40,0.9414634146341463,0.9365853658536586,0.004878048780487698,True,early_stopped_cleanly
synthetic_irrelevant_noise,42,classification,neural_baseline,FT-Transformer-style,local_ft_transformer,1024,100,ok,,tuned_tst_benchmark,,,,,,,,,,,11,0.6841837644577027,0.5374592833876222,0.5073170731707317,0.7161251371733351,1.2725033035592932,0.030142210216890453,0.516797661781311,0.010076040402054787,False,,,,40,0.9414634146341463,0.9365853658536586,0.004878048780487698,True,early_stopped_cleanly
synthetic_irrelevant_noise,42,classification,neural_baseline,FT-Transformer-style,local_ft_transformer,1024,100,ok,,tuned_tst_benchmark,,,,,,,,,,,12,0.6829947352409362,0.7198697068403909,0.6390243902439025,0.5308290488511613,1.0657698268901061,0.08084531659648841,0.5002655386924744,0.015842020511627197,False,,,,40,0.9414634146341463,0.9365853658536586,0.004878048780487698,True,early_stopped_cleanly
synthetic_irrelevant_noise,42,classification,neural_baseline,FT-Transformer-style,local_ft_transformer,1024,100,ok,,tuned_tst_benchmark,,,,,,,,,,,13,0.6723499655723572,0.7312703583061889,0.6292682926829268,0.5965822265683874,0.8208096500127009,0.10200206562326208,0.48192352056503296,0.027786266058683395,False,,,,40,0.9414634146341463,0.9365853658536586,0.004878048780487698,True,early_stopped_cleanly
synthetic_irrelevant_noise,42,classification,neural_baseline,FT-Transformer-style,local_ft_transformer,1024,100,ok,,tuned_tst_benchmark,,,,,,,,,,,14,0.6446638345718384,0.8403908794788274,0.8048780487804879,0.8432506515128662,1.0089933601074415,0.03551283069833955,0.5037024617195129,0.07031184434890747,False,,,,40,0.9414634146341463,0.9365853658536586,0.004878048780487698,True,early_stopped_cleanly
synthetic_irrelevant_noise,42,classification,neural_baseline,FT-Transformer-style,local_ft_transformer,1024,100,ok,,tuned_tst_benchmark,,,,,,,,,,,15,0.575272512435913,0.8566775244299675,0.848780487804878,1.4053740820913423,2.2644176086410432,0.007897036625089449,0.47688671946525574,0.15089616179466248,False,,,,40,0.9414634146341463,0.9365853658536586,0.004878048780487698,True,early_stopped_cleanly
synthetic_irrelevant_noise,42,classification,neural_baseline,FT-Transformer-style,local_ft_transformer,1024,100,ok,,tuned_tst_benchmark,,,,,,,,,,,16,0.4615031123161316,0.8680781758957655,0.8146341463414634,1.6880034787946279,2.732435085014368,0.053444029554302164,0.5329745411872864,0.261427104473114,False,,,,40,0.9414634146341463,0.9365853658536586,0.004878048780487698,True,early_stopped_cleanly
synthetic_irrelevant_noise,42,classification,neural_baseline,FT-Transformer-style,local_ft_transformer,1024,100,ok,,tuned_tst_benchmark,,,,,,,,,,,17,0.37706720232963564,0.8827361563517915,0.8731707317073171,2.577566218613291,3.7582923630876026,0.009565424644474407,0.49383825063705444,0.33592355251312256,False,,,,40,0.9414634146341463,0.9365853658536586,0.004878048780487698,True,early_stopped_cleanly
synthetic_irrelevant_noise,42,classification,neural_baseline,FT-Transformer-style,local_ft_transformer,1024,100,ok,,tuned_tst_benchmark,,,,,,,,,,,18,0.3250221848487854,0.8762214983713354,0.8292682926829268,2.808971369045822,3.418750971785113,0.04695320568840866,0.46682724356651306,0.3867455720901489,False,,,,40,0.9414634146341463,0.9365853658536586,0.004878048780487698,True,early_stopped_cleanly
synthetic_irrelevant_noise,42,classification,neural_baseline,FT-Transformer-style,local_ft_transformer,1024,100,ok,,tuned_tst_benchmark,,,,,,,,,,,19,0.27786398530006406,0.9022801302931596,0.8682926829268293,3.654218745715723,7.0541434589324465,0.0339874473663303,0.5461328029632568,0.39725613594055176,False,,,,40,0.9414634146341463,0.9365853658536586,0.004878048780487698,True,early_stopped_cleanly
synthetic_irrelevant_noise,42,classification,neural_baseline,FT-Transformer-style,local_ft_transformer,1024,100,ok,,tuned_tst_benchmark,,,,,,,,,,,20,0.3130515217781067,0.9136807817589576,0.8682926829268293,2.7381920557717843,3.371728748867342,0.045388098832128354,0.5013253688812256,0.41150832176208496,False,,,,40,0.9414634146341463,0.9365853658536586,0.004878048780487698,True,early_stopped_cleanly
synthetic_irrelevant_noise,42,classification,neural_baseline,FT-Transformer-style,local_ft_transformer,1024,100,ok,,tuned_tst_benchmark,,,,,,,,,,,21,0.27563356459140775,0.9218241042345277,0.8780487804878049,3.4333139270542454,4.702752508575059,0.04377532374672277,0.5489779114723206,0.40507400035858154,False,,,,40,0.9414634146341463,0.9365853658536586,0.004878048780487698,True,early_stopped_cleanly
synthetic_irrelevant_noise,42,classification,neural_baseline,FT-Transformer-style,local_ft_transformer,1024,100,ok,,tuned_tst_benchmark,,,,,,,,,,,22,0.2836875319480896,0.9397394136807817,0.9073170731707317,3.901038530865965,9.836270722516202,0.032422340510049996,0.4841326177120209,0.4111252725124359,False,,,,40,0.9414634146341463,0.9365853658536586,0.004878048780487698,True,early_stopped_cleanly
synthetic_irrelevant_noise,42,classification,neural_baseline,FT-Transformer-style,local_ft_transformer,1024,100,ok,,tuned_tst_benchmark,,,,,,,,,,,23,0.23490741550922395,0.9397394136807817,0.8829268292682927,3.348909166612427,4.087368996019929,0.05681258441248904,0.5172275304794312,0.40540632605552673,False,,,,40,0.9414634146341463,0.9365853658536586,0.004878048780487698,True,early_stopped_cleanly
synthetic_irrelevant_noise,42,classification,neural_baseline,FT-Transformer-style,local_ft_transformer,1024,100,ok,,tuned_tst_benchmark,,,,,,,,,,,24,0.21230638027191162,0.9315960912052117,0.8829268292682927,2.3973588456068318,3.12773730392418,0.048669261936919006,0.533961832523346,0.40347176790237427,False,,,,40,0.9414634146341463,0.9365853658536586,0.004878048780487698,True,early_stopped_cleanly
synthetic_irrelevant_noise,42,classification,neural_baseline,FT-Transformer-style,local_ft_transformer,1024,100,ok,,tuned_tst_benchmark,,,,,,,,,,,25,0.2231837034225464,0.9560260586319218,0.9024390243902439,1.9785411271289277,2.493206013661113,0.05358703424167788,0.4960571229457855,0.41164398193359375,False,,,,40,0.9414634146341463,0.9365853658536586,0.004878048780487698,True,early_stopped_cleanly
synthetic_irrelevant_noise,42,classification,neural_baseline,FT-Transformer-style,local_ft_transformer,1024,100,ok,,tuned_tst_benchmark,,,,,,,,,,,26,0.21508063971996308,0.9462540716612378,0.8926829268292683,3.3033134674667286,4.4037980839854,0.05357114483196945,0.5298041105270386,0.42547351121902466,False,,,,40,0.9414634146341463,0.9365853658536586,0.004878048780487698,True,early_stopped_cleanly
synthetic_irrelevant_noise,42,classification,neural_baseline,FT-Transformer-style,local_ft_transformer,1024,100,ok,,tuned_tst_benchmark,,,,,,,,,,,27,0.18780832290649413,0.9446254071661238,0.9121951219512195,4.9650985992131735,8.064930841184557,0.03243028521490421,0.5501870512962341,0.43522319197654724,False,,,,40,0.9414634146341463,0.9365853658536586,0.004878048780487698,True,early_stopped_cleanly
synthetic_irrelevant_noise,42,classification,neural_baseline,FT-Transformer-style,local_ft_transformer,1024,100,ok,,tuned_tst_benchmark,,,,,,,,,,,28,0.19376111328601836,0.9397394136807817,0.9121951219512195,6.718636726392337,9.904236896821388,0.027544291729562187,0.5639967918395996,0.4290769100189209,False,,,,40,0.9414634146341463,0.9365853658536586,0.004878048780487698,True,early_stopped_cleanly
synthetic_irrelevant_noise,42,classification,neural_baseline,FT-Transformer-style,local_ft_transformer,1024,100,ok,,tuned_tst_benchmark,,,,,,,,,,,29,0.16961709856987,0.9609120521172638,0.9121951219512195,5.187281691440889,9.213669607337302,0.04871693016604428,0.48988577723503113,0.4428398907184601,False,,,,40,0.9414634146341463,0.9365853658536586,0.004878048780487698,True,early_stopped_cleanly
synthetic_irrelevant_noise,42,classification,neural_baseline,FT-Transformer-style,local_ft_transformer,1024,100,ok,,tuned_tst_benchmark,,,,,,,,,,,30,0.1901891350746155,0.9706840390879479,0.9073170731707317,6.407016484273062,11.671548026683926,0.06336696591721613,0.5098140835762024,0.4362858235836029,False,,,,40,0.9414634146341463,0.9365853658536586,0.004878048780487698,True,early_stopped_cleanly
synthetic_irrelevant_noise,42,classification,neural_baseline,FT-Transformer-style,local_ft_transformer,1024,100,ok,,tuned_tst_benchmark,,,,,,,,,,,31,0.1627045378088951,0.9381107491856677,0.9024390243902439,6.658043399798991,11.556958613817107,0.0356717247954238,0.5689635276794434,0.4299410879611969,False,,,,40,0.9414634146341463,0.9365853658536586,0.004878048780487698,True,early_stopped_cleanly
synthetic_irrelevant_noise,42,classification,neural_baseline,FT-Transformer-style,local_ft_transformer,1024,100,ok,,tuned_tst_benchmark,,,,,,,,,,,32,0.14974542558193207,0.9576547231270358,0.9219512195121952,4.0991670195763135,7.632952610732364,0.03570350361484065,0.4284106492996216,0.44134074449539185,False,,,,40,0.9414634146341463,0.9365853658536586,0.004878048780487698,True,early_stopped_cleanly
synthetic_irrelevant_noise,42,classification,neural_baseline,FT-Transformer-style,local_ft_transformer,1024,100,ok,,tuned_tst_benchmark,,,,,,,,,,,33,0.16524693816900254,0.9218241042345277,0.9121951219512195,6.619987826217657,12.421560786109655,0.009628982283308107,0.5915049314498901,0.4388240575790405,False,,,,40,0.9414634146341463,0.9365853658536586,0.004878048780487698,True,early_stopped_cleanly
synthetic_irrelevant_noise,42,classification,neural_baseline,FT-Transformer-style,local_ft_transformer,1024,100,ok,,tuned_tst_benchmark,,,,,,,,,,,34,0.16128172129392623,0.9755700325732899,0.926829268292683,6.494304108811673,10.245902896516972,0.04874076428060692,0.4392121732234955,0.4480084776878357,False,,,,40,0.9414634146341463,0.9365853658536586,0.004878048780487698,True,early_stopped_cleanly
synthetic_irrelevant_noise,42,classification,neural_baseline,FT-Transformer-style,local_ft_transformer,1024,100,ok,,tuned_tst_benchmark,,,,,,,,,,,35,0.18293648362159728,0.9674267100977199,0.9121951219512195,7.934614946554376,16.359846876739784,0.05523158814650031,0.5156373381614685,0.4436664879322052,False,,,,40,0.9414634146341463,0.9365853658536586,0.004878048780487698,True,early_stopped_cleanly
synthetic_irrelevant_noise,42,classification,neural_baseline,FT-Transformer-style,local_ft_transformer,1024,100,ok,,tuned_tst_benchmark,,,,,,,,,,,36,0.1334550216794014,0.9788273615635179,0.9121951219512195,5.617772660990235,10.142079735799491,0.06663223961229836,0.48157230019569397,0.4469962418079376,False,,,,40,0.9414634146341463,0.9365853658536586,0.004878048780487698,True,early_stopped_cleanly
synthetic_irrelevant_noise,42,classification,neural_baseline,FT-Transformer-style,local_ft_transformer,1024,100,ok,,tuned_tst_benchmark,,,,,,,,,,,37,0.15099394023418428,0.9755700325732899,0.9365853658536586,5.974999561005658,12.431356261466416,0.0389846667196313,0.5193001627922058,0.44740593433380127,False,,,,40,0.9414634146341463,0.9365853658536586,0.004878048780487698,True,early_stopped_cleanly
synthetic_irrelevant_noise,42,classification,neural_baseline,FT-Transformer-style,local_ft_transformer,1024,100,ok,,tuned_tst_benchmark,,,,,,,,,,,38,0.12529537975788116,0.9804560260586319,0.9219512195121952,4.396236488525092,5.782849234295021,0.05850480654643675,0.4820975065231323,0.4497681260108948,False,,,,40,0.9414634146341463,0.9365853658536586,0.004878048780487698,True,early_stopped_cleanly
synthetic_irrelevant_noise,42,classification,neural_baseline,FT-Transformer-style,local_ft_transformer,1024,100,ok,,tuned_tst_benchmark,,,,,,,,,,,39,0.1000513032078743,0.9804560260586319,0.926829268292683,2.6476056852421204,3.97388181032447,0.05362675776594894,0.5198730826377869,0.45008543133735657,False,,,,40,0.9414634146341463,0.9365853658536586,0.004878048780487698,True,early_stopped_cleanly
synthetic_irrelevant_noise,42,classification,neural_baseline,FT-Transformer-style,local_ft_transformer,1024,100,ok,,tuned_tst_benchmark,,,,,,,,,,,40,0.12339920848608017,0.9853420195439739,0.9414634146341463,3.00456148606479,6.0039089406273645,0.043878604909827645,0.4570094347000122,0.4545475244522095,False,,,,40,0.9414634146341463,0.9365853658536586,0.004878048780487698,True,early_stopped_cleanly
synthetic_irrelevant_noise,42,classification,neural_baseline,FT-Transformer-style,local_ft_transformer,1024,100,ok,,tuned_tst_benchmark,,,,,,,,,,,41,0.1470232054591179,0.9723127035830619,0.9414634146341463,5.052246652043812,8.833202692462681,0.030849288948915587,0.525649905204773,0.45336663722991943,False,,,,40,0.9414634146341463,0.9365853658536586,0.004878048780487698,True,early_stopped_cleanly
synthetic_irrelevant_noise,42,classification,neural_baseline,FT-Transformer-style,local_ft_transformer,1024,100,ok,,tuned_tst_benchmark,,,,,,,,,,,42,0.12603945210576056,0.990228013029316,0.9365853658536586,4.517564217060441,12.562357910566599,0.053642647175657365,0.5085029602050781,0.46000972390174866,False,,,,40,0.9414634146341463,0.9365853658536586,0.004878048780487698,True,early_stopped_cleanly
synthetic_irrelevant_noise,42,classification,neural_baseline,FT-Transformer-style,local_ft_transformer,1024,100,ok,,tuned_tst_benchmark,,,,,,,,,,,43,0.109006105363369,0.9755700325732899,0.9170731707317074,4.972294415001511,9.028253384032311,0.05849686184158254,0.4585895538330078,0.4612603187561035,False,,,,40,0.9414634146341463,0.9365853658536586,0.004878048780487698,True,early_stopped_cleanly
synthetic_irrelevant_noise,42,classification,neural_baseline,FT-Transformer-style,local_ft_transformer,1024,100,ok,,tuned_tst_benchmark,,,,,,,,,,,44,0.13907384276390075,0.9332247557003257,0.9073170731707317,7.857479141083438,13.056217980650196,0.025907682529593967,0.5838894248008728,0.4555208384990692,False,,,,40,0.9414634146341463,0.9365853658536586,0.004878048780487698,True,early_stopped_cleanly
synthetic_irrelevant_noise,42,classification,neural_baseline,FT-Transformer-style,local_ft_transformer,1024,100,ok,,tuned_tst_benchmark,,,,,,,,,,,45,0.14544109553098677,0.9853420195439739,0.9170731707317074,8.452973964889994,12.419646296063926,0.06826884881226658,0.4384147524833679,0.4550947844982147,False,,,,40,0.9414634146341463,0.9365853658536586,0.004878048780487698,True,early_stopped_cleanly
synthetic_irrelevant_noise,42,classification,neural_baseline,FT-Transformer-style,local_ft_transformer,1024,100,ok,,tuned_tst_benchmark,,,,,,,,,,,46,0.0965743750333786,0.9723127035830619,0.9365853658536586,4.513202325907831,6.258518752645726,0.035727337729403286,0.5483030080795288,0.45613420009613037,False,,,,40,0.9414634146341463,0.9365853658536586,0.004878048780487698,True,early_stopped_cleanly
synthetic_irrelevant_noise,42,classification,neural_baseline,FT-Transformer-style,local_ft_transformer,1024,100,ok,,tuned_tst_benchmark,,,,,,,,,,,47,0.10454219728708267,0.9869706840390879,0.9414634146341463,3.000420543664662,4.553739313558473,0.04550726940494165,0.48427093029022217,0.45566704869270325,False,,,,40,0.9414634146341463,0.9365853658536586,0.004878048780487698,True,early_stopped_cleanly
synthetic_irrelevant_noise,42,classification,neural_baseline,FT-Transformer-style,local_ft_transformer,1024,100,ok,,tuned_tst_benchmark,,,,,,,,,,,48,0.09772763252258301,0.9820846905537459,0.9414634146341463,2.8493251177265115,4.682093347951936,0.04062127591959963,0.5289266705513,0.4586334824562073,False,,,,40,0.9414634146341463,0.9365853658536586,0.004878048780487698,True,early_stopped_cleanly
synthetic_irrelevant_noise,42,classification,neural_baseline,FT-Transformer-style,local_ft_transformer,1024,100,ok,,tuned_tst_benchmark,,,,,,,,,,,49,0.09410123080015183,0.99185667752443,0.926829268292683,3.3906531738065064,6.7628608776829555,0.06502740923174699,0.49861255288124084,0.46204161643981934,False,,,,40,0.9414634146341463,0.9365853658536586,0.004878048780487698,True,early_stopped_cleanly
synthetic_irrelevant_noise,42,classification,neural_baseline,FT-Transformer-style,local_ft_transformer,1024,100,ok,,tuned_tst_benchmark,,,,,,,,,,,50,0.09119039475917816,0.99185667752443,0.9365853658536586,3.1701475656570537,4.744201949163222,0.05527131167077137,0.48610901832580566,0.463540256023407,False,,,,40,0.9414634146341463,0.9365853658536586,0.004878048780487698,True,early_stopped_cleanly
synthetic_irrelevant_noise,42,classification,ablation,TST,TST-v0-tuned,1024,100,ok,,tuned_tst_benchmark,TST-v0,tst_v0_lr_3e-4,3e-4,val_accuracy,maximize,0.882927,48,3,"1e-4,3e-4,1e-3",lr_only,1,0.8387231588363647,0.5,0.4975609756097561,11.311344879887452,27.652247435203577,0.0024390243902439046,0.4052909314632416,0.013689253479242325,False,,,,48,0.8829268292682927,0.8585365853658536,0.024390243902439046,False,underfit
synthetic_irrelevant_noise,42,classification,ablation,TST,TST-v0-tuned,1024,100,ok,,tuned_tst_benchmark,TST-v0,tst_v0_lr_3e-4,3e-4,val_accuracy,maximize,0.882927,48,3,"1e-4,3e-4,1e-3",lr_only,2,0.7346237778663636,0.5,0.4975609756097561,3.658674325064851,4.815428086689844,0.0024390243902439046,0.4064236879348755,0.007076744455844164,False,,,,48,0.8829268292682927,0.8585365853658536,0.024390243902439046,False,underfit
synthetic_irrelevant_noise,42,classification,ablation,TST,TST-v0-tuned,1024,100,ok,,tuned_tst_benchmark,TST-v0,tst_v0_lr_3e-4,3e-4,val_accuracy,maximize,0.882927,48,3,"1e-4,3e-4,1e-3",lr_only,3,0.6977863192558289,0.5,0.5024390243902439,0.7811362960543742,2.2565557362085014,-0.0024390243902439046,0.5387097597122192,0.004521734546869993,False,,,,48,0.8829268292682927,0.8585365853658536,0.024390243902439046,False,underfit
synthetic_irrelevant_noise,42,classification,ablation,TST,TST-v0-tuned,1024,100,ok,,tuned_tst_benchmark,TST-v0,tst_v0_lr_3e-4,3e-4,val_accuracy,maximize,0.882927,48,3,"1e-4,3e-4,1e-3",lr_only,4,0.7000924944877625,0.5,0.5024390243902439,0.8331641364339945,1.363518418090542,-0.0024390243902439046,0.5688602924346924,0.003442323999479413,False,,,,48,0.8829268292682927,0.8585365853658536,0.024390243902439046,False,underfit
synthetic_irrelevant_noise,42,classification,ablation,TST,TST-v0-tuned,1024,100,ok,,tuned_tst_benchmark,TST-v0,tst_v0_lr_3e-4,3e-4,val_accuracy,maximize,0.882927,48,3,"1e-4,3e-4,1e-3",lr_only,5,0.6990191698074341,0.5,0.5024390243902439,0.742189974792088,1.7999002185313668,-0.0024390243902439046,0.5274480581283569,0.0031094050500541925,False,,,,48,0.8829268292682927,0.8585365853658536,0.024390243902439046,False,underfit
synthetic_irrelevant_noise,42,classification,ablation,TST,TST-v0-tuned,1024,100,ok,,tuned_tst_benchmark,TST-v0,tst_v0_lr_3e-4,3e-4,val_accuracy,maximize,0.882927,48,3,"1e-4,3e-4,1e-3",lr_only,6,0.694752287864685,0.5,0.4975609756097561,0.5149050184003375,1.154092284251681,0.0024390243902439046,0.47650080919265747,0.0029315759893506765,False,,,,48,0.8829268292682927,0.8585365853658536,0.024390243902439046,False,underfit
synthetic_irrelevant_noise,42,classification,ablation,TST,TST-v0-tuned,1024,100,ok,,tuned_tst_benchmark,TST-v0,tst_v0_lr_3e-4,3e-4,val_accuracy,maximize,0.882927,48,3,"1e-4,3e-4,1e-3",lr_only,7,0.6941515445709229,0.5,0.4975609756097561,0.3921949196180293,0.6693789772865489,0.0024390243902439046,0.4730232059955597,0.002810541307553649,False,,,,48,0.8829268292682927,0.8585365853658536,0.024390243902439046,False,underfit
synthetic_irrelevant_noise,42,classification,ablation,TST,TST-v0-tuned,1024,100,ok,,tuned_tst_benchmark,TST-v0,tst_v0_lr_3e-4,3e-4,val_accuracy,maximize,0.882927,48,3,"1e-4,3e-4,1e-3",lr_only,8,0.6931110382080078,0.5846905537459284,0.4975609756097561,0.4806108410488131,0.6815367595974414,0.08712957813617228,0.4995565414428711,0.0027537792921066284,False,,,,48,0.8829268292682927,0.8585365853658536,0.024390243902439046,False,underfit
synthetic_irrelevant_noise,42,classification,ablation,TST,TST-v0-tuned,1024,100,ok,,tuned_tst_benchmark,TST-v0,tst_v0_lr_3e-4,3e-4,val_accuracy,maximize,0.882927,48,3,"1e-4,3e-4,1e-3",lr_only,9,0.6925944566726685,0.5,0.5024390243902439,0.35498019233719474,1.035710786748525,-0.0024390243902439046,0.5171133279800415,0.002741176402196288,False,,,,48,0.8829268292682927,0.8585365853658536,0.024390243902439046,False,underfit
synthetic_irrelevant_noise,42,classification,ablation,TST,TST-v0-tuned,1024,100,ok,,tuned_tst_benchmark,TST-v0,tst_v0_lr_3e-4,3e-4,val_accuracy,maximize,0.882927,48,3,"1e-4,3e-4,1e-3",lr_only,10,0.6921023845672607,0.509771986970684,0.4878048780487805,0.28763883091656844,0.4570949183480813,0.021967108921903566,0.5063753724098206,0.002811618847772479,False,,,,48,0.8829268292682927,0.8585365853658536,0.024390243902439046,False,underfit
synthetic_irrelevant_noise,42,classification,ablation,TST,TST-v0-tuned,1024,100,ok,,tuned_tst_benchmark,TST-v0,tst_v0_lr_3e-4,3e-4,val_accuracy,maximize,0.882927,48,3,"1e-4,3e-4,1e-3",lr_only,11,0.6914534330368042,0.5260586319218241,0.5024390243902439,0.34151872882095907,0.5284398414048554,0.02361960753158021,0.4939804673194885,0.0029160708654671907,False,,,,48,0.8829268292682927,0.8585365853658536,0.024390243902439046,False,underfit
synthetic_irrelevant_noise,42,classification,ablation,TST,TST-v0-tuned,1024,100,ok,,tuned_tst_benchmark,TST-v0,tst_v0_lr_3e-4,3e-4,val_accuracy,maximize,0.882927,48,3,"1e-4,3e-4,1e-3",lr_only,12,0.6919189929962158,0.5,0.4975609756097561,0.39061843184921047,0.7398477499441127,0.0024390243902439046,0.4893927276134491,0.003055817913264036,False,,,,48,0.8829268292682927,0.8585365853658536,0.024390243902439046,False,underfit
synthetic_irrelevant_noise,42,classification,ablation,TST,TST-v0-tuned,1024,100,ok,,tuned_tst_benchmark,TST-v0,tst_v0_lr_3e-4,3e-4,val_accuracy,maximize,0.882927,48,3,"1e-4,3e-4,1e-3",lr_only,13,0.6912745714187623,0.6172638436482085,0.5414634146341464,0.5106078578005236,0.640574165892406,0.07580042901406214,0.4970073401927948,0.003211876144632697,False,,,,48,0.8829268292682927,0.8585365853658536,0.024390243902439046,False,underfit
synthetic_irrelevant_noise,42,classification,ablation,TST,TST-v0-tuned,1024,100,ok,,tuned_tst_benchmark,TST-v0,tst_v0_lr_3e-4,3e-4,val_accuracy,maximize,0.882927,48,3,"1e-4,3e-4,1e-3",lr_only,14,0.690400767326355,0.5,0.5024390243902439,0.33263974357041093,0.4856747239752676,-0.0024390243902439046,0.5143442749977112,0.003385750809684396,False,,,,48,0.8829268292682927,0.8585365853658536,0.024390243902439046,False,underfit
synthetic_irrelevant_noise,42,classification,ablation,TST,TST-v0-tuned,1024,100,ok,,tuned_tst_benchmark,TST-v0,tst_v0_lr_3e-4,3e-4,val_accuracy,maximize,0.882927,48,3,"1e-4,3e-4,1e-3",lr_only,15,0.6917651653289795,0.5,0.5024390243902439,0.5751726822734722,1.0059478036827614,-0.0024390243902439046,0.5197191834449768,0.00364243658259511,False,,,,48,0.8829268292682927,0.8585365853658536,0.024390243902439046,False,underfit
synthetic_irrelevant_noise,42,classification,ablation,TST,TST-v0-tuned,1024,100,ok,,tuned_tst_benchmark,TST-v0,tst_v0_lr_3e-4,3e-4,val_accuracy,maximize,0.882927,48,3,"1e-4,3e-4,1e-3",lr_only,16,0.6898728728294372,0.5456026058631922,0.5170731707317073,0.5053683813911378,1.0533065868216465,0.02852943513148487,0.4926881790161133,0.004008466377854347,False,,,,48,0.8829268292682927,0.8585365853658536,0.024390243902439046,False,underfit
synthetic_irrelevant_noise,42,classification,ablation,TST,TST-v0-tuned,1024,100,ok,,tuned_tst_benchmark,TST-v0,tst_v0_lr_3e-4,3e-4,val_accuracy,maximize,0.882927,48,3,"1e-4,3e-4,1e-3",lr_only,17,0.689810836315155,0.5,0.4975609756097561,0.5193335393415139,1.6517096867460592,0.0024390243902439046,0.4846785366535187,0.0044260513968765736,False,,,,48,0.8829268292682927,0.8585365853658536,0.024390243902439046,False,underfit
synthetic_irrelevant_noise,42,classification,ablation,TST,TST-v0-tuned,1024,100,ok,,tuned_tst_benchmark,TST-v0,tst_v0_lr_3e-4,3e-4,val_accuracy,maximize,0.882927,48,3,"1e-4,3e-4,1e-3",lr_only,18,0.6891911029815674,0.6009771986970684,0.551219512195122,0.30004534202672245,1.0574330326129244,0.04975768650194645,0.4936205744743347,0.004915117286145687,False,,,,48,0.8829268292682927,0.8585365853658536,0.024390243902439046,False,underfit
synthetic_irrelevant_noise,42,classification,ablation,TST,TST-v0-tuned,1024,100,ok,,tuned_tst_benchmark,TST-v0,tst_v0_lr_3e-4,3e-4,val_accuracy,maximize,0.882927,48,3,"1e-4,3e-4,1e-3",lr_only,19,0.6876561999320984,0.5146579804560261,0.4975609756097561,0.532209834129427,1.201658944715023,0.01709700484626997,0.512071430683136,0.0054752761498093605,False,,,,48,0.8829268292682927,0.8585365853658536,0.024390243902439046,False,underfit
synthetic_irrelevant_noise,42,classification,ablation,TST,TST-v0-tuned,1024,100,ok,,tuned_tst_benchmark,TST-v0,tst_v0_lr_3e-4,3e-4,val_accuracy,maximize,0.882927,48,3,"1e-4,3e-4,1e-3",lr_only,20,0.6881868481636048,0.506514657980456,0.5024390243902439,0.3277265832546937,0.6644125417784774,0.004075633590212124,0.5159558653831482,0.006304779089987278,False,,,,48,0.8829268292682927,0.8585365853658536,0.024390243902439046,False,underfit
synthetic_irrelevant_noise,42,classification,ablation,TST,TST-v0-tuned,1024,100,ok,,tuned_tst_benchmark,TST-v0,tst_v0_lr_3e-4,3e-4,val_accuracy,maximize,0.882927,48,3,"1e-4,3e-4,1e-3",lr_only,21,0.6858399033546447,0.6042345276872965,0.5707317073170731,0.6135322074205473,0.9707991629492461,0.03350282037022334,0.4897478520870209,0.007513255812227726,False,,,,48,0.8829268292682927,0.8585365853658536,0.024390243902439046,False,underfit
synthetic_irrelevant_noise,42,classification,ablation,TST,TST-v0-tuned,1024,100,ok,,tuned_tst_benchmark,TST-v0,tst_v0_lr_3e-4,3e-4,val_accuracy,maximize,0.882927,48,3,"1e-4,3e-4,1e-3",lr_only,22,0.6848546147346497,0.5781758957654723,0.5463414634146342,0.6790037992527449,1.1050240379381078,0.03183443235083816,0.4857950210571289,0.00899182166904211,False,,,,48,0.8829268292682927,0.8585365853658536,0.024390243902439046,False,underfit
synthetic_irrelevant_noise,42,classification,ablation,TST,TST-v0-tuned,1024,100,ok,,tuned_tst_benchmark,TST-v0,tst_v0_lr_3e-4,3e-4,val_accuracy,maximize,0.882927,48,3,"1e-4,3e-4,1e-3",lr_only,23,0.6822216629981994,0.745928338762215,0.6536585365853659,0.44594459291542565,1.1266247763539088,0.0922698021768491,0.49616655707359314,0.010955573059618473,False,,,,48,0.8829268292682927,0.8585365853658536,0.024390243902439046,False,underfit
synthetic_irrelevant_noise,42,classification,ablation,TST,TST-v0-tuned,1024,100,ok,,tuned_tst_benchmark,TST-v0,tst_v0_lr_3e-4,3e-4,val_accuracy,maximize,0.882927,48,3,"1e-4,3e-4,1e-3",lr_only,24,0.6794054269790649,0.6188925081433225,0.5707317073170731,0.5655164037388615,0.8798445115769237,0.048160800826249406,0.5148130655288696,0.01374101359397173,False,,,,48,0.8829268292682927,0.8585365853658536,0.024390243902439046,False,underfit
synthetic_irrelevant_noise,42,classification,ablation,TST,TST-v0-tuned,1024,100,ok,,tuned_tst_benchmark,TST-v0,tst_v0_lr_3e-4,3e-4,val_accuracy,maximize,0.882927,48,3,"1e-4,3e-4,1e-3",lr_only,25,0.6752442836761474,0.757328990228013,0.6731707317073171,0.6753565039837779,2.049789352565299,0.08415825852069592,0.49569442868232727,0.018538903445005417,False,,,,48,0.8829268292682927,0.8585365853658536,0.024390243902439046,False,underfit
synthetic_irrelevant_noise,42,classification,ablation,TST,TST-v0-tuned,1024,100,ok,,tuned_tst_benchmark,TST-v0,tst_v0_lr_3e-4,3e-4,val_accuracy,maximize,0.882927,48,3,"1e-4,3e-4,1e-3",lr_only,26,0.6711315274238586,0.7198697068403909,0.6,1.4784820967514745,2.182170957688532,0.11986970684039089,0.47956395149230957,0.025517510250210762,False,,,,48,0.8829268292682927,0.8585365853658536,0.024390243902439046,False,underfit
synthetic_irrelevant_noise,42,classification,ablation,TST,TST-v0-tuned,1024,100,ok,,tuned_tst_benchmark,TST-v0,tst_v0_lr_3e-4,3e-4,val_accuracy,maximize,0.882927,48,3,"1e-4,3e-4,1e-3",lr_only,27,0.6609481930732727,0.7231270358306189,0.6,1.7550464464347997,3.020621976147524,0.1231270358306189,0.514587938785553,0.03593460097908974,False,,,,48,0.8829268292682927,0.8585365853658536,0.024390243902439046,False,underfit
synthetic_irrelevant_noise,42,classification,ablation,TST,TST-v0-tuned,1024,100,ok,,tuned_tst_benchmark,TST-v0,tst_v0_lr_3e-4,3e-4,val_accuracy,maximize,0.882927,48,3,"1e-4,3e-4,1e-3",lr_only,28,0.6464019656181336,0.758957654723127,0.6585365853658537,1.7618326882723108,3.821575075319506,0.10042106935727335,0.47444677352905273,0.05667826533317566,False,,,,48,0.8829268292682927,0.8585365853658536,0.024390243902439046,False,underfit
synthetic_irrelevant_noise,42,classification,ablation,TST,TST-v0-tuned,1024,100,ok,,tuned_tst_benchmark,TST-v0,tst_v0_lr_3e-4,3e-4,val_accuracy,maximize,0.882927,48,3,"1e-4,3e-4,1e-3",lr_only,29,0.6290395259857178,0.6286644951140065,0.5756097560975609,4.579546661280584,10.594175993579537,0.05305473901644553,0.37365052103996277,0.08771118521690369,False,,,,48,0.8829268292682927,0.8585365853658536,0.024390243902439046,False,underfit
synthetic_irrelevant_noise,42,classification,ablation,TST,TST-v0-tuned,1024,100,ok,,tuned_tst_benchmark,TST-v0,tst_v0_lr_3e-4,3e-4,val_accuracy,maximize,0.882927,48,3,"1e-4,3e-4,1e-3",lr_only,30,0.6046494245529175,0.7719869706840391,0.6439024390243903,7.816714636337878,12.393194510653077,0.12808453165964884,0.5063092708587646,0.1283699870109558,False,,,,48,0.8829268292682927,0.8585365853658536,0.024390243902439046,False,underfit
synthetic_irrelevant_noise,42,classification,ablation,TST,TST-v0-tuned,1024,100,ok,,tuned_tst_benchmark,TST-v0,tst_v0_lr_3e-4,3e-4,val_accuracy,maximize,0.882927,48,3,"1e-4,3e-4,1e-3",lr_only,31,0.5540894985198974,0.757328990228013,0.6487804878048781,8.918981532011525,21.878524185058673,0.10854850242313496,0.38997840881347656,0.19708968698978424,False,,,,48,0.8829268292682927,0.8585365853658536,0.024390243902439046,False,underfit
synthetic_irrelevant_noise,42,classification,ablation,TST,TST-v0-tuned,1024,100,ok,,tuned_tst_benchmark,TST-v0,tst_v0_lr_3e-4,3e-4,val_accuracy,maximize,0.882927,48,3,"1e-4,3e-4,1e-3",lr_only,32,0.5052316963672638,0.8078175895765473,0.6731707317073171,12.565296826243225,29.658364594499684,0.13464685786923014,0.4440808892250061,0.26747336983680725,False,,,,48,0.8829268292682927,0.8585365853658536,0.024390243902439046,False,underfit
synthetic_irrelevant_noise,42,classification,ablation,TST,TST-v0-tuned,1024,100,ok,,tuned_tst_benchmark,TST-v0,tst_v0_lr_3e-4,3e-4,val_accuracy,maximize,0.882927,48,3,"1e-4,3e-4,1e-3",lr_only,33,0.43784348368644715,0.7947882736156352,0.6439024390243903,10.796225658604413,23.03831506649187,0.15088583459124494,0.31607115268707275,0.29679325222969055,False,,,,48,0.8829268292682927,0.8585365853658536,0.024390243902439046,False,underfit
synthetic_irrelevant_noise,42,classification,ablation,TST,TST-v0-tuned,1024,100,ok,,tuned_tst_benchmark,TST-v0,tst_v0_lr_3e-4,3e-4,val_accuracy,maximize,0.882927,48,3,"1e-4,3e-4,1e-3",lr_only,34,0.43071746826171875,0.7817589576547231,0.6926829268292682,26.78955042973473,42.14768481062274,0.0890760308254549,0.6088029742240906,0.3216915428638458,False,,,,48,0.8829268292682927,0.8585365853658536,0.024390243902439046,False,underfit
synthetic_irrelevant_noise,42,classification,ablation,TST,TST-v0-tuned,1024,100,ok,,tuned_tst_benchmark,TST-v0,tst_v0_lr_3e-4,3e-4,val_accuracy,maximize,0.882927,48,3,"1e-4,3e-4,1e-3",lr_only,35,0.4095523178577423,0.8289902280130294,0.7317073170731707,33.16033845838942,60.088327614619644,0.09728291093985864,0.5737758278846741,0.3155897855758667,False,,,,48,0.8829268292682927,0.8585365853658536,0.024390243902439046,False,underfit
synthetic_irrelevant_noise,42,classification,ablation,TST,TST-v0-tuned,1024,100,ok,,tuned_tst_benchmark,TST-v0,tst_v0_lr_3e-4,3e-4,val_accuracy,maximize,0.882927,48,3,"1e-4,3e-4,1e-3",lr_only,36,0.44384990334510804,0.747557003257329,0.6878048780487804,43.36155819592146,75.99773048002262,0.05975212520854856,0.6725850105285645,0.26379746198654175,False,,,,48,0.8829268292682927,0.8585365853658536,0.024390243902439046,False,underfit
synthetic_irrelevant_noise,42,classification,ablation,TST,TST-v0-tuned,1024,100,ok,,tuned_tst_benchmark,TST-v0,tst_v0_lr_3e-4,3e-4,val_accuracy,maximize,0.882927,48,3,"1e-4,3e-4,1e-3",lr_only,37,0.43945488929748533,0.7850162866449512,0.7219512195121951,37.73160117347476,64.70599314534779,0.06306506713275606,0.6338587403297424,0.2584744989871979,False,,,,48,0.8829268292682927,0.8585365853658536,0.024390243902439046,False,underfit
synthetic_irrelevant_noise,42,classification,ablation,TST,TST-v0-tuned,1024,100,ok,,tuned_tst_benchmark,TST-v0,tst_v0_lr_3e-4,3e-4,val_accuracy,maximize,0.882927,48,3,"1e-4,3e-4,1e-3",lr_only,38,0.4188290357589722,0.8420195439739414,0.7463414634146341,33.93478499791131,50.8625544813623,0.09567808055930727,0.33957862854003906,0.2734041213989258,False,,,,48,0.8829268292682927,0.8585365853658536,0.024390243902439046,False,underfit
synthetic_irrelevant_noise,42,classification,ablation,TST,TST-v0-tuned,1024,100,ok,,tuned_tst_benchmark,TST-v0,tst_v0_lr_3e-4,3e-4,val_accuracy,maximize,0.882927,48,3,"1e-4,3e-4,1e-3",lr_only,39,0.3857827842235565,0.8713355048859935,0.7902439024390244,33.70694677701875,56.2170333491295,0.08109160244696911,0.365695983171463,0.3039330840110779,False,,,,48,0.8829268292682927,0.8585365853658536,0.024390243902439046,False,underfit
synthetic_irrelevant_noise,42,classification,ablation,TST,TST-v0-tuned,1024,100,ok,,tuned_tst_benchmark,TST-v0,tst_v0_lr_3e-4,3e-4,val_accuracy,maximize,0.882927,48,3,"1e-4,3e-4,1e-3",lr_only,40,0.32508574724197387,0.8517915309446255,0.8,28.78033341386735,48.12192136451801,0.05179153094462541,0.5697295665740967,0.34369370341300964,False,,,,48,0.8829268292682927,0.8585365853658536,0.024390243902439046,False,underfit
synthetic_irrelevant_noise,42,classification,ablation,TST,TST-v0-tuned,1024,100,ok,,tuned_tst_benchmark,TST-v0,tst_v0_lr_3e-4,3e-4,val_accuracy,maximize,0.882927,48,3,"1e-4,3e-4,1e-3",lr_only,41,0.2938493013381958,0.8452768729641694,0.8,30.4243628780557,56.353702245419655,0.04527687296416938,0.6012869477272034,0.36757293343544006,False,,,,48,0.8829268292682927,0.8585365853658536,0.024390243902439046,False,underfit
synthetic_irrelevant_noise,42,classification,ablation,TST,TST-v0-tuned,1024,100,ok,,tuned_tst_benchmark,TST-v0,tst_v0_lr_3e-4,3e-4,val_accuracy,maximize,0.882927,48,3,"1e-4,3e-4,1e-3",lr_only,42,0.3369840204715729,0.9169381107491856,0.8439024390243902,55.1550444393874,70.91529363919835,0.07303567172479541,0.4543432593345642,0.3834039270877838,False,,,,48,0.8829268292682927,0.8585365853658536,0.024390243902439046,False,underfit
synthetic_irrelevant_noise,42,classification,ablation,TST,TST-v0-tuned,1024,100,ok,,tuned_tst_benchmark,TST-v0,tst_v0_lr_3e-4,3e-4,val_accuracy,maximize,0.882927,48,3,"1e-4,3e-4,1e-3",lr_only,43,0.2705627501010895,0.8876221498371335,0.8,28.628384767273353,51.358716414541355,0.08762214983713346,0.3616584539413452,0.35772913694381714,False,,,,48,0.8829268292682927,0.8585365853658536,0.024390243902439046,False,underfit
synthetic_irrelevant_noise,42,classification,ablation,TST,TST-v0-tuned,1024,100,ok,,tuned_tst_benchmark,TST-v0,tst_v0_lr_3e-4,3e-4,val_accuracy,maximize,0.882927,48,3,"1e-4,3e-4,1e-3",lr_only,44,0.25106426477432253,0.9267100977198697,0.8536585365853658,30.53876340854268,52.60477931136447,0.07305156113450384,0.43447571992874146,0.38196688890457153,False,,,,48,0.8829268292682927,0.8585365853658536,0.024390243902439046,False,underfit
synthetic_irrelevant_noise,42,classification,ablation,TST,TST-v0-tuned,1024,100,ok,,tuned_tst_benchmark,TST-v0,tst_v0_lr_3e-4,3e-4,val_accuracy,maximize,0.882927,48,3,"1e-4,3e-4,1e-3",lr_only,45,0.22258646190166473,0.9185667752442996,0.848780487804878,23.42563778104826,61.402876460910974,0.06978628743942161,0.5489983558654785,0.3988332748413086,False,,,,48,0.8829268292682927,0.8585365853658536,0.024390243902439046,False,underfit
synthetic_irrelevant_noise,42,classification,ablation,TST,TST-v0-tuned,1024,100,ok,,tuned_tst_benchmark,TST-v0,tst_v0_lr_3e-4,3e-4,val_accuracy,maximize,0.882927,48,3,"1e-4,3e-4,1e-3",lr_only,46,0.18313050717115403,0.9332247557003257,0.8634146341463415,16.722529247498393,31.544103959865925,0.06981012155398425,0.52336585521698,0.4208809435367584,False,,,,48,0.8829268292682927,0.8585365853658536,0.024390243902439046,False,underfit
synthetic_irrelevant_noise,42,classification,ablation,TST,TST-v0-tuned,1024,100,ok,,tuned_tst_benchmark,TST-v0,tst_v0_lr_3e-4,3e-4,val_accuracy,maximize,0.882927,48,3,"1e-4,3e-4,1e-3",lr_only,47,0.15590769648551941,0.9397394136807817,0.8682926829268293,22.5263440094247,34.91691947192779,0.07144673075395247,0.42893484234809875,0.4341217875480652,False,,,,48,0.8829268292682927,0.8585365853658536,0.024390243902439046,False,underfit
synthetic_irrelevant_noise,42,classification,ablation,TST,TST-v0-tuned,1024,100,ok,,tuned_tst_benchmark,TST-v0,tst_v0_lr_3e-4,3e-4,val_accuracy,maximize,0.882927,48,3,"1e-4,3e-4,1e-3",lr_only,48,0.17879820317029954,0.9641693811074918,0.8829268292682927,46.983372277625776,85.18213635802253,0.08124255183919915,0.4507841169834137,0.43860089778900146,False,,,,48,0.8829268292682927,0.8585365853658536,0.024390243902439046,False,underfit
synthetic_irrelevant_noise,42,classification,ablation,TST,TST-v0-tuned,1024,100,ok,,tuned_tst_benchmark,TST-v0,tst_v0_lr_3e-4,3e-4,val_accuracy,maximize,0.882927,48,3,"1e-4,3e-4,1e-3",lr_only,49,0.15583261251449584,0.9592833876221498,0.8829268292682927,47.28428397654977,74.81298250413415,0.07635655835385713,0.42869120836257935,0.43370288610458374,False,,,,48,0.8829268292682927,0.8585365853658536,0.024390243902439046,False,underfit
synthetic_irrelevant_noise,42,classification,ablation,TST,TST-v0-tuned,1024,100,ok,,tuned_tst_benchmark,TST-v0,tst_v0_lr_3e-4,3e-4,val_accuracy,maximize,0.882927,48,3,"1e-4,3e-4,1e-3",lr_only,50,0.17117362916469575,0.9381107491856677,0.8585365853658536,50.98738998962296,80.50151963449511,0.07957416381981408,0.39147886633872986,0.4185448884963989,False,,,,48,0.8829268292682927,0.8585365853658536,0.024390243902439046,False,underfit
synthetic_irrelevant_noise,42,classification,ablation,TST,TST-v1-Gate-tuned,1024,100,ok,,tuned_tst_benchmark,TST-v1-Gate,tst_v1_gate_lr_1e-4,1e-4,val_accuracy,maximize,0.887805,46,3,"1e-4,3e-4,1e-3",lr_only,1,0.9082954168319702,0.4837133550488599,0.4634146341463415,38.691209650602744,92.69047227999826,0.02029872090251844,0.44406774640083313,0.03565312176942825,True,0.2597503662109375,0.2595502734184265,0.0,46,0.8878048780487805,0.8829268292682927,0.004878048780487809,False,underfit
synthetic_irrelevant_noise,42,classification,ablation,TST,TST-v1-Gate-tuned,1024,100,ok,,tuned_tst_benchmark,TST-v1-Gate,tst_v1_gate_lr_1e-4,1e-4,val_accuracy,maximize,0.887805,46,3,"1e-4,3e-4,1e-3",lr_only,2,0.869157862663269,0.42996742671009774,0.3804878048780488,15.551841863699417,25.16235141620193,0.04947962183204896,0.5045307278633118,0.024739719927310944,True,0.2505824565887451,0.2503325939178467,0.0,46,0.8878048780487805,0.8829268292682927,0.004878048780487809,False,underfit
synthetic_irrelevant_noise,42,classification,ablation,TST,TST-v1-Gate-tuned,1024,100,ok,,tuned_tst_benchmark,TST-v1-Gate,tst_v1_gate_lr_1e-4,1e-4,val_accuracy,maximize,0.887805,46,3,"1e-4,3e-4,1e-3",lr_only,3,0.8483366370201111,0.496742671009772,0.48292682926829267,6.87443436730764,18.206124844825958,0.013815841741479318,0.5434945821762085,0.018856173381209373,True,0.24159084260463715,0.24132680892944336,0.0,46,0.8878048780487805,0.8829268292682927,0.004878048780487809,False,underfit
synthetic_irrelevant_noise,42,classification,ablation,TST,TST-v1-Gate-tuned,1024,100,ok,,tuned_tst_benchmark,TST-v1-Gate,tst_v1_gate_lr_1e-4,1e-4,val_accuracy,maximize,0.887805,46,3,"1e-4,3e-4,1e-3",lr_only,4,0.8373185992240906,0.47068403908794787,0.4292682926829268,4.7689410411556965,12.545024203506346,0.04141574640502105,0.4928136169910431,0.01652361825108528,True,0.23285329341888428,0.23259985446929932,0.0,46,0.8878048780487805,0.8829268292682927,0.004878048780487809,False,underfit
synthetic_irrelevant_noise,42,classification,ablation,TST,TST-v1-Gate-tuned,1024,100,ok,,tuned_tst_benchmark,TST-v1-Gate,tst_v1_gate_lr_1e-4,1e-4,val_accuracy,maximize,0.887805,46,3,"1e-4,3e-4,1e-3",lr_only,5,0.825970721244812,0.504885993485342,0.4682926829268293,6.712819101326948,11.1982852509941,0.036593310558512726,0.4767642915248871,0.0147757139056921,True,0.2243809849023819,0.22407513856887817,0.0,46,0.8878048780487805,0.8829268292682927,0.004878048780487809,False,underfit
synthetic_irrelevant_noise,42,classification,ablation,TST,TST-v1-Gate-tuned,1024,100,ok,,tuned_tst_benchmark,TST-v1-Gate,tst_v1_gate_lr_1e-4,1e-4,val_accuracy,maximize,0.887805,46,3,"1e-4,3e-4,1e-3",lr_only,6,0.8157559156417846,0.496742671009772,0.43414634146341463,5.791431732565232,10.235368935582896,0.06259632954635735,0.49833017587661743,0.013525104150176048,True,0.21619625389575958,0.21588018536567688,0.0,46,0.8878048780487805,0.8829268292682927,0.004878048780487809,False,underfit
synthetic_irrelevant_noise,42,classification,ablation,TST,TST-v1-Gate-tuned,1024,100,ok,,tuned_tst_benchmark,TST-v1-Gate,tst_v1_gate_lr_1e-4,1e-4,val_accuracy,maximize,0.887805,46,3,"1e-4,3e-4,1e-3",lr_only,7,0.8062116146087647,0.503257328990228,0.48292682926829267,2.639695208075232,5.255231134917662,0.020330499721935347,0.5247880816459656,0.012576278299093246,True,0.20831702649593353,0.2079170197248459,0.0,46,0.8878048780487805,0.8829268292682927,0.004878048780487809,False,underfit
synthetic_irrelevant_noise,42,classification,ablation,TST,TST-v1-Gate-tuned,1024,100,ok,,tuned_tst_benchmark,TST-v1-Gate,tst_v1_gate_lr_1e-4,1e-4,val_accuracy,maximize,0.887805,46,3,"1e-4,3e-4,1e-3",lr_only,8,0.7983135461807251,0.509771986970684,0.44878048780487806,4.862808525522672,10.750109419751933,0.060991499165805985,0.5105813145637512,0.012270285747945309,True,0.2007581889629364,0.20029282569885254,0.0,46,0.8878048780487805,0.8829268292682927,0.004878048780487809,False,underfit
synthetic_irrelevant_noise,42,classification,ablation,TST,TST-v1-Gate-tuned,1024,100,ok,,tuned_tst_benchmark,TST-v1-Gate,tst_v1_gate_lr_1e-4,1e-4,val_accuracy,maximize,0.887805,46,3,"1e-4,3e-4,1e-3",lr_only,9,0.7886412501335144,0.5293159609120521,0.4975609756097561,3.3889941945756545,9.339378225575885,0.031754985302296035,0.4864473342895508,0.012139437720179558,True,0.19350700080394745,0.19303619861602783,0.0,46,0.8878048780487805,0.8829268292682927,0.004878048780487809,False,underfit
synthetic_irrelevant_noise,42,classification,ablation,TST,TST-v1-Gate-tuned,1024,100,ok,,tuned_tst_benchmark,TST-v1-Gate,tst_v1_gate_lr_1e-4,1e-4,val_accuracy,maximize,0.887805,46,3,"1e-4,3e-4,1e-3",lr_only,10,0.7821587562561035,0.5358306188925082,0.48292682926829267,3.7635828328589405,8.11812952055517,0.05290378962421549,0.4833102822303772,0.012097972445189953,True,0.18655532598495483,0.18605735898017883,0.0,46,0.8878048780487805,0.8829268292682927,0.004878048780487809,False,underfit
synthetic_irrelevant_noise,42,classification,ablation,TST,TST-v1-Gate-tuned,1024,100,ok,,tuned_tst_benchmark,TST-v1-Gate,tst_v1_gate_lr_1e-4,1e-4,val_accuracy,maximize,0.887805,46,3,"1e-4,3e-4,1e-3",lr_only,11,0.7737628221511841,0.5732899022801303,0.4634146341463415,4.0184171204723365,9.279382603073627,0.10987526813378884,0.5061244964599609,0.012087555602192879,True,0.17989709973335266,0.1793258786201477,0.0,46,0.8878048780487805,0.8829268292682927,0.004878048780487809,False,underfit
synthetic_irrelevant_noise,42,classification,ablation,TST,TST-v1-Gate-tuned,1024,100,ok,,tuned_tst_benchmark,TST-v1-Gate,tst_v1_gate_lr_1e-4,1e-4,val_accuracy,maximize,0.887805,46,3,"1e-4,3e-4,1e-3",lr_only,12,0.7666293144226074,0.5846905537459284,0.47804878048780486,4.698896712520764,8.385832798170016,0.10664177325812352,0.5027435421943665,0.012434698641300201,True,0.1735338419675827,0.17292505502700806,0.0,46,0.8878048780487805,0.8829268292682927,0.004878048780487809,False,underfit
synthetic_irrelevant_noise,42,classification,ablation,TST,TST-v1-Gate-tuned,1024,100,ok,,tuned_tst_benchmark,TST-v1-Gate,tst_v1_gate_lr_1e-4,1e-4,val_accuracy,maximize,0.887805,46,3,"1e-4,3e-4,1e-3",lr_only,13,0.7598432898521423,0.6172638436482085,0.5073170731707317,7.651547890958918,8.635383979336307,0.10994677047747681,0.49619176983833313,0.01295043621212244,True,0.16745153069496155,0.16682171821594238,0.0,46,0.8878048780487805,0.8829268292682927,0.004878048780487809,False,underfit
synthetic_irrelevant_noise,42,classification,ablation,TST,TST-v1-Gate-tuned,1024,100,ok,,tuned_tst_benchmark,TST-v1-Gate,tst_v1_gate_lr_1e-4,1e-4,val_accuracy,maximize,0.887805,46,3,"1e-4,3e-4,1e-3",lr_only,14,0.7509429574012756,0.5456026058631922,0.5024390243902439,4.856522309665395,7.608144440204393,0.0431635814729483,0.5145947337150574,0.013509869575500488,True,0.16163530945777893,0.16098952293395996,0.0,46,0.8878048780487805,0.8829268292682927,0.004878048780487809,False,underfit
synthetic_irrelevant_noise,42,classification,ablation,TST,TST-v1-Gate-tuned,1024,100,ok,,tuned_tst_benchmark,TST-v1-Gate,tst_v1_gate_lr_1e-4,1e-4,val_accuracy,maximize,0.887805,46,3,"1e-4,3e-4,1e-3",lr_only,15,0.7466692447662353,0.6254071661237784,0.5073170731707317,8.756857845059544,16.553303615388042,0.11809009295304673,0.5024497509002686,0.014659217558801174,True,0.15609005093574524,0.1554536372423172,0.0,46,0.8878048780487805,0.8829268292682927,0.004878048780487809,False,underfit
synthetic_irrelevant_noise,42,classification,ablation,TST,TST-v1-Gate-tuned,1024,100,ok,,tuned_tst_benchmark,TST-v1-Gate,tst_v1_gate_lr_1e-4,1e-4,val_accuracy,maximize,0.887805,46,3,"1e-4,3e-4,1e-3",lr_only,16,0.7387035965919495,0.5260586319218241,0.5024390243902439,8.959275465833388,22.14730452843932,0.02361960753158021,0.47103577852249146,0.015980340540409088,True,0.15080061554908752,0.15012657642364502,0.0,46,0.8878048780487805,0.8829268292682927,0.004878048780487809,False,underfit
synthetic_irrelevant_noise,42,classification,ablation,TST,TST-v1-Gate-tuned,1024,100,ok,,tuned_tst_benchmark,TST-v1-Gate,tst_v1_gate_lr_1e-4,1e-4,val_accuracy,maximize,0.887805,46,3,"1e-4,3e-4,1e-3",lr_only,17,0.7328585624694824,0.5504885993485342,0.5073170731707317,11.371345074553206,30.105023234418585,0.04317152617780251,0.5234478116035461,0.01734880916774273,True,0.1457454264163971,0.14503706991672516,0.0,46,0.8878048780487805,0.8829268292682927,0.004878048780487809,False,underfit
synthetic_irrelevant_noise,42,classification,ablation,TST,TST-v1-Gate-tuned,1024,100,ok,,tuned_tst_benchmark,TST-v1-Gate,tst_v1_gate_lr_1e-4,1e-4,val_accuracy,maximize,0.887805,46,3,"1e-4,3e-4,1e-3",lr_only,18,0.724942147731781,0.6530944625407166,0.5560975609756098,10.299647316813118,21.30181337094389,0.09699690156510676,0.4856526553630829,0.020132573321461678,True,0.1409386396408081,0.14022943377494812,0.0,46,0.8878048780487805,0.8829268292682927,0.004878048780487809,False,underfit
synthetic_irrelevant_noise,42,classification,ablation,TST,TST-v1-Gate-tuned,1024,100,ok,,tuned_tst_benchmark,TST-v1-Gate,tst_v1_gate_lr_1e-4,1e-4,val_accuracy,maximize,0.887805,46,3,"1e-4,3e-4,1e-3",lr_only,19,0.7153928399085998,0.6628664495114006,0.5609756097560976,13.150220706440047,25.287629262546208,0.101890839755303,0.5070923566818237,0.02351376973092556,True,0.13633961975574493,0.1355321854352951,0.0,46,0.8878048780487805,0.8829268292682927,0.004878048780487809,False,underfit
synthetic_irrelevant_noise,42,classification,ablation,TST,TST-v1-Gate-tuned,1024,100,ok,,tuned_tst_benchmark,TST-v1-Gate,tst_v1_gate_lr_1e-4,1e-4,val_accuracy,maximize,0.887805,46,3,"1e-4,3e-4,1e-3",lr_only,20,0.7074737787246704,0.6775244299674267,0.5853658536585366,10.14966215085186,22.84796942981098,0.09215857630889013,0.47753840684890747,0.029708418995141983,True,0.13195684552192688,0.13110759854316711,0.0,46,0.8878048780487805,0.8829268292682927,0.004878048780487809,False,underfit
synthetic_irrelevant_noise,42,classification,ablation,TST,TST-v1-Gate-tuned,1024,100,ok,,tuned_tst_benchmark,TST-v1-Gate,tst_v1_gate_lr_1e-4,1e-4,val_accuracy,maximize,0.887805,46,3,"1e-4,3e-4,1e-3",lr_only,21,0.7022527813911438,0.5586319218241043,0.5170731707317073,32.54826195102688,58.38284972970599,0.04155875109239693,0.5548136234283447,0.036827944219112396,True,0.12780039012432098,0.1269061267375946,0.0,46,0.8878048780487805,0.8829268292682927,0.004878048780487809,False,underfit
synthetic_irrelevant_noise,42,classification,ablation,TST,TST-v1-Gate-tuned,1024,100,ok,,tuned_tst_benchmark,TST-v1-Gate,tst_v1_gate_lr_1e-4,1e-4,val_accuracy,maximize,0.887805,46,3,"1e-4,3e-4,1e-3",lr_only,22,0.6847521781921386,0.7100977198697068,0.5902439024390244,38.79134934433664,70.84040817282458,0.11985381743068246,0.4687550663948059,0.05236967280507088,True,0.1238914430141449,0.12291420996189117,0.0,46,0.8878048780487805,0.8829268292682927,0.004878048780487809,False,underfit
synthetic_irrelevant_noise,42,classification,ablation,TST,TST-v1-Gate-tuned,1024,100,ok,,tuned_tst_benchmark,TST-v1-Gate,tst_v1_gate_lr_1e-4,1e-4,val_accuracy,maximize,0.887805,46,3,"1e-4,3e-4,1e-3",lr_only,23,0.6629855394363403,0.6237785016286646,0.5560975609756098,51.16531296542858,136.9080785304385,0.06768094065305474,0.5774601101875305,0.08216272294521332,True,0.12016432732343674,0.11891329288482666,0.0,46,0.8878048780487805,0.8829268292682927,0.004878048780487809,False,underfit
synthetic_irrelevant_noise,42,classification,ablation,TST,TST-v1-Gate-tuned,1024,100,ok,,tuned_tst_benchmark,TST-v1-Gate,tst_v1_gate_lr_1e-4,1e-4,val_accuracy,maximize,0.887805,46,3,"1e-4,3e-4,1e-3",lr_only,24,0.6700175881385804,0.737785016286645,0.6585365853658537,201.2658140019279,353.2457941071386,0.07924843092079126,0.5009714961051941,0.11959931254386902,True,0.11694490164518356,0.11527456343173981,0.0,46,0.8878048780487805,0.8829268292682927,0.004878048780487809,False,underfit
synthetic_irrelevant_noise,42,classification,ablation,TST,TST-v1-Gate-tuned,1024,100,ok,,tuned_tst_benchmark,TST-v1-Gate,tst_v1_gate_lr_1e-4,1e-4,val_accuracy,maximize,0.887805,46,3,"1e-4,3e-4,1e-3",lr_only,25,0.6702857136726379,0.760586319218241,0.6439024390243903,261.23559575549206,410.6188273165371,0.11668388019385079,0.47863784432411194,0.10744689404964447,True,0.11437977850437164,0.112228162586689,0.0,46,0.8878048780487805,0.8829268292682927,0.004878048780487809,False,underfit
synthetic_irrelevant_noise,42,classification,ablation,TST,TST-v1-Gate-tuned,1024,100,ok,,tuned_tst_benchmark,TST-v1-Gate,tst_v1_gate_lr_1e-4,1e-4,val_accuracy,maximize,0.887805,46,3,"1e-4,3e-4,1e-3",lr_only,26,0.6788646101951599,0.5570032573289903,0.5365853658536586,172.4592684716406,358.48449290446837,0.020417891475331684,0.614874541759491,0.06882309168577194,True,0.11229991912841797,0.10962226241827011,0.0,46,0.8878048780487805,0.8829268292682927,0.004878048780487809,False,underfit
synthetic_irrelevant_noise,42,classification,ablation,TST,TST-v1-Gate-tuned,1024,100,ok,,tuned_tst_benchmark,TST-v1-Gate,tst_v1_gate_lr_1e-4,1e-4,val_accuracy,maximize,0.887805,46,3,"1e-4,3e-4,1e-3",lr_only,27,0.6567288398742676,0.7785016286644951,0.697560975609756,102.62720014661105,179.24580353705795,0.08094065305473908,0.4781380295753479,0.06410015374422073,True,0.11027248203754425,0.10719705373048782,0.0,46,0.8878048780487805,0.8829268292682927,0.004878048780487809,False,underfit
synthetic_irrelevant_noise,42,classification,ablation,TST,TST-v1-Gate-tuned,1024,100,ok,,tuned_tst_benchmark,TST-v1-Gate,tst_v1_gate_lr_1e-4,1e-4,val_accuracy,maximize,0.887805,46,3,"1e-4,3e-4,1e-3",lr_only,28,0.6451957941055297,0.6726384364820847,0.6097560975609756,71.53843519976907,110.88993920866376,0.06288233892110906,0.425943523645401,0.06569256633520126,True,0.10821820050477982,0.10463665425777435,0.01,46,0.8878048780487805,0.8829268292682927,0.004878048780487809,False,underfit
synthetic_irrelevant_noise,42,classification,ablation,TST,TST-v1-Gate-tuned,1024,100,ok,,tuned_tst_benchmark,TST-v1-Gate,tst_v1_gate_lr_1e-4,1e-4,val_accuracy,maximize,0.887805,46,3,"1e-4,3e-4,1e-3",lr_only,29,0.6412411093711853,0.6270358306188925,0.5756097560975609,93.41419507440173,211.62227139186942,0.05142607452133152,0.5889302492141724,0.07600855827331543,True,0.10621950030326843,0.10189340263605118,0.27,46,0.8878048780487805,0.8829268292682927,0.004878048780487809,False,underfit
synthetic_irrelevant_noise,42,classification,ablation,TST,TST-v1-Gate-tuned,1024,100,ok,,tuned_tst_benchmark,TST-v1-Gate,tst_v1_gate_lr_1e-4,1e-4,val_accuracy,maximize,0.887805,46,3,"1e-4,3e-4,1e-3",lr_only,30,0.5908115863800049,0.6433224755700325,0.624390243902439,53.74187878811301,107.71619120249618,0.018932231667593502,0.36982011795043945,0.09582933038473129,True,0.10454722493886948,0.09934699535369873,0.59,46,0.8878048780487805,0.8829268292682927,0.004878048780487809,False,underfit
synthetic_irrelevant_noise,42,classification,ablation,TST,TST-v1-Gate-tuned,1024,100,ok,,tuned_tst_benchmark,TST-v1-Gate,tst_v1_gate_lr_1e-4,1e-4,val_accuracy,maximize,0.887805,46,3,"1e-4,3e-4,1e-3",lr_only,31,0.5842679500579834,0.8241042345276873,0.7219512195121951,153.5461209704077,348.7750676935202,0.10215301501549223,0.5159302353858948,0.15019389986991882,True,0.1033356785774231,0.0975138247013092,0.78,46,0.8878048780487805,0.8829268292682927,0.004878048780487809,False,underfit
synthetic_irrelevant_noise,42,classification,ablation,TST,TST-v1-Gate-tuned,1024,100,ok,,tuned_tst_benchmark,TST-v1-Gate,tst_v1_gate_lr_1e-4,1e-4,val_accuracy,maximize,0.887805,46,3,"1e-4,3e-4,1e-3",lr_only,32,0.5166351139545441,0.6612377850162866,0.6146341463414634,216.38129264122625,327.98688869123123,0.0466036386748232,0.6955178380012512,0.1723809540271759,True,0.10251476615667343,0.0959707647562027,0.83,46,0.8878048780487805,0.8829268292682927,0.004878048780487809,False,underfit
synthetic_irrelevant_noise,42,classification,ablation,TST,TST-v1-Gate-tuned,1024,100,ok,,tuned_tst_benchmark,TST-v1-Gate,tst_v1_gate_lr_1e-4,1e-4,val_accuracy,maximize,0.887805,46,3,"1e-4,3e-4,1e-3",lr_only,33,0.4815126538276672,0.7947882736156352,0.7658536585365854,417.5390938394327,608.0488129682615,0.02893461507904982,0.6155074238777161,0.26322731375694275,True,0.10196659713983536,0.09462541341781616,0.93,46,0.8878048780487805,0.8829268292682927,0.004878048780487809,False,underfit
synthetic_irrelevant_noise,42,classification,ablation,TST,TST-v1-Gate-tuned,1024,100,ok,,tuned_tst_benchmark,TST-v1-Gate,tst_v1_gate_lr_1e-4,1e-4,val_accuracy,maximize,0.887805,46,3,"1e-4,3e-4,1e-3",lr_only,34,0.42284520268440245,0.8501628664495114,0.7609756097560976,452.43449267488376,610.4045559988535,0.08918725669341387,0.5063602924346924,0.32049140334129333,True,0.10151830315589905,0.09337200224399567,0.93,46,0.8878048780487805,0.8829268292682927,0.004878048780487809,False,underfit
synthetic_irrelevant_noise,42,classification,ablation,TST,TST-v1-Gate-tuned,1024,100,ok,,tuned_tst_benchmark,TST-v1-Gate,tst_v1_gate_lr_1e-4,1e-4,val_accuracy,maximize,0.887805,46,3,"1e-4,3e-4,1e-3",lr_only,35,0.36182327270507814,0.8599348534201955,0.7804878048780488,383.18445385036114,530.2251932490121,0.07944704854214668,0.4862786531448364,0.3425958752632141,True,0.10109312832355499,0.09225495159626007,0.95,46,0.8878048780487805,0.8829268292682927,0.004878048780487809,False,underfit
synthetic_irrelevant_noise,42,classification,ablation,TST,TST-v1-Gate-tuned,1024,100,ok,,tuned_tst_benchmark,TST-v1-Gate,tst_v1_gate_lr_1e-4,1e-4,val_accuracy,maximize,0.887805,46,3,"1e-4,3e-4,1e-3",lr_only,36,0.3963814675807953,0.8322475570032574,0.7804878048780488,538.0884815889688,809.6214258144221,0.05175975212520856,0.6014803051948547,0.3031102418899536,True,0.10073994845151901,0.0913095623254776,0.97,46,0.8878048780487805,0.8829268292682927,0.004878048780487809,False,underfit
synthetic_irrelevant_noise,42,classification,ablation,TST,TST-v1-Gate-tuned,1024,100,ok,,tuned_tst_benchmark,TST-v1-Gate,tst_v1_gate_lr_1e-4,1e-4,val_accuracy,maximize,0.887805,46,3,"1e-4,3e-4,1e-3",lr_only,37,0.407201087474823,0.8322475570032574,0.7804878048780488,402.2327334132427,666.9346840485375,0.05175975212520856,0.5975823402404785,0.2656557559967041,True,0.10061786323785782,0.09043559432029724,0.97,46,0.8878048780487805,0.8829268292682927,0.004878048780487809,False,underfit
synthetic_irrelevant_noise,42,classification,ablation,TST,TST-v1-Gate-tuned,1024,100,ok,,tuned_tst_benchmark,TST-v1-Gate,tst_v1_gate_lr_1e-4,1e-4,val_accuracy,maximize,0.887805,46,3,"1e-4,3e-4,1e-3",lr_only,38,0.3881032347679138,0.8534201954397395,0.8048780487804879,314.49126673842056,469.7923875386894,0.048542146659251606,0.337640643119812,0.31431180238723755,True,0.10053036361932755,0.09007008373737335,0.96,46,0.8878048780487805,0.8829268292682927,0.004878048780487809,False,underfit
synthetic_irrelevant_noise,42,classification,ablation,TST,TST-v1-Gate-tuned,1024,100,ok,,tuned_tst_benchmark,TST-v1-Gate,tst_v1_gate_lr_1e-4,1e-4,val_accuracy,maximize,0.887805,46,3,"1e-4,3e-4,1e-3",lr_only,39,0.3348779320716858,0.9055374592833876,0.8341463414634146,367.9621500491521,562.6222794559225,0.07139111781997298,0.41165727376937866,0.37809616327285767,True,0.10035745799541473,0.08927904069423676,0.96,46,0.8878048780487805,0.8829268292682927,0.004878048780487809,False,underfit
synthetic_irrelevant_noise,42,classification,ablation,TST,TST-v1-Gate-tuned,1024,100,ok,,tuned_tst_benchmark,TST-v1-Gate,tst_v1_gate_lr_1e-4,1e-4,val_accuracy,maximize,0.887805,46,3,"1e-4,3e-4,1e-3",lr_only,40,0.26560146510601046,0.8892508143322475,0.848780487804878,209.36396322606993,341.1993879737214,0.04047032652736948,0.5291607975959778,0.38282540440559387,True,0.10011910647153854,0.08875694870948792,0.96,46,0.8878048780487805,0.8829268292682927,0.004878048780487809,False,underfit
synthetic_irrelevant_noise,42,classification,ablation,TST,TST-v1-Gate-tuned,1024,100,ok,,tuned_tst_benchmark,TST-v1-Gate,tst_v1_gate_lr_1e-4,1e-4,val_accuracy,maximize,0.887805,46,3,"1e-4,3e-4,1e-3",lr_only,41,0.2638059765100479,0.8925081433224755,0.8585365853658536,249.66175004374017,572.1884043017379,0.03397155795662188,0.5258675813674927,0.39318063855171204,True,0.09989268332719803,0.08828195929527283,0.97,46,0.8878048780487805,0.8829268292682927,0.004878048780487809,False,underfit
synthetic_irrelevant_noise,42,classification,ablation,TST,TST-v1-Gate-tuned,1024,100,ok,,tuned_tst_benchmark,TST-v1-Gate,tst_v1_gate_lr_1e-4,1e-4,val_accuracy,maximize,0.887805,46,3,"1e-4,3e-4,1e-3",lr_only,42,0.27478073835372924,0.9087947882736156,0.848780487804878,335.7151275608152,508.30478279631706,0.06001430046873757,0.4228626489639282,0.38213735818862915,True,0.09980414062738419,0.08830903470516205,0.97,46,0.8878048780487805,0.8829268292682927,0.004878048780487809,False,underfit
synthetic_irrelevant_noise,42,classification,ablation,TST,TST-v1-Gate-tuned,1024,100,ok,,tuned_tst_benchmark,TST-v1-Gate,tst_v1_gate_lr_1e-4,1e-4,val_accuracy,maximize,0.887805,46,3,"1e-4,3e-4,1e-3",lr_only,43,0.2331707715988159,0.9071661237785016,0.8634146341463415,103.8305406659651,265.8212054158513,0.043751489632160134,0.4602382779121399,0.4014745056629181,True,0.09961573779582977,0.08796532452106476,0.96,46,0.8878048780487805,0.8829268292682927,0.004878048780487809,False,underfit
synthetic_irrelevant_noise,42,classification,ablation,TST,TST-v1-Gate-tuned,1024,100,ok,,tuned_tst_benchmark,TST-v1-Gate,tst_v1_gate_lr_1e-4,1e-4,val_accuracy,maximize,0.887805,46,3,"1e-4,3e-4,1e-3",lr_only,44,0.222638738155365,0.9120521172638436,0.8634146341463415,94.43673423381449,140.19945025004697,0.048637483117502156,0.41682204604148865,0.4127492606639862,True,0.09945392608642578,0.08782462775707245,0.97,46,0.8878048780487805,0.8829268292682927,0.004878048780487809,False,underfit
synthetic_irrelevant_noise,42,classification,ablation,TST,TST-v1-Gate-tuned,1024,100,ok,,tuned_tst_benchmark,TST-v1-Gate,tst_v1_gate_lr_1e-4,1e-4,val_accuracy,maximize,0.887805,46,3,"1e-4,3e-4,1e-3",lr_only,45,0.24024361968040467,0.9136807817589576,0.8829268292682927,234.67826231072394,545.8987429711293,0.030753952490664926,0.4844280779361725,0.38927680253982544,True,0.0994357317686081,0.08781145513057709,0.95,46,0.8878048780487805,0.8829268292682927,0.004878048780487809,False,underfit
synthetic_irrelevant_noise,42,classification,ablation,TST,TST-v1-Gate-tuned,1024,100,ok,,tuned_tst_benchmark,TST-v1-Gate,tst_v1_gate_lr_1e-4,1e-4,val_accuracy,maximize,0.887805,46,3,"1e-4,3e-4,1e-3",lr_only,46,0.213216695189476,0.9153094462540716,0.8878048780487805,84.7166957060876,140.53705266630823,0.027504568205291124,0.49027833342552185,0.4144253730773926,True,0.0994538813829422,0.08764657378196716,0.95,46,0.8878048780487805,0.8829268292682927,0.004878048780487809,False,underfit
synthetic_irrelevant_noise,42,classification,ablation,TST,TST-v1-Gate-tuned,1024,100,ok,,tuned_tst_benchmark,TST-v1-Gate,tst_v1_gate_lr_1e-4,1e-4,val_accuracy,maximize,0.887805,46,3,"1e-4,3e-4,1e-3",lr_only,47,0.20948147475719453,0.9104234527687296,0.848780487804878,189.74117166143282,291.6798026672106,0.061642964963851576,0.40449824929237366,0.4161229729652405,True,0.09950555115938187,0.08732704073190689,0.95,46,0.8878048780487805,0.8829268292682927,0.004878048780487809,False,underfit
synthetic_irrelevant_noise,42,classification,ablation,TST,TST-v1-Gate-tuned,1024,100,ok,,tuned_tst_benchmark,TST-v1-Gate,tst_v1_gate_lr_1e-4,1e-4,val_accuracy,maximize,0.887805,46,3,"1e-4,3e-4,1e-3",lr_only,48,0.233807834982872,0.9201954397394136,0.8780487804878049,286.99831610866397,376.85351143488805,0.042146659251608765,0.46183717250823975,0.40025317668914795,True,0.09962556511163712,0.0875011757016182,0.95,46,0.8878048780487805,0.8829268292682927,0.004878048780487809,False,underfit
synthetic_irrelevant_noise,42,classification,ablation,TST,TST-v1-Gate-tuned,1024,100,ok,,tuned_tst_benchmark,TST-v1-Gate,tst_v1_gate_lr_1e-4,1e-4,val_accuracy,maximize,0.887805,46,3,"1e-4,3e-4,1e-3",lr_only,49,0.22314572632312774,0.9169381107491856,0.8731707317073171,225.99327827673537,407.6223765800564,0.04376737904186856,0.5273577570915222,0.41528865694999695,True,0.09968060255050659,0.08767177909612656,0.94,46,0.8878048780487805,0.8829268292682927,0.004878048780487809,False,underfit
synthetic_irrelevant_noise,42,classification,ablation,TST,TST-v1-Gate-tuned,1024,100,ok,,tuned_tst_benchmark,TST-v1-Gate,tst_v1_gate_lr_1e-4,1e-4,val_accuracy,maximize,0.887805,46,3,"1e-4,3e-4,1e-3",lr_only,50,0.20088400244712828,0.9201954397394136,0.8829268292682927,198.80141977158422,241.3381534990077,0.037268610471120955,0.5059354305267334,0.4218829870223999,True,0.09975244849920273,0.08777529746294022,0.93,46,0.8878048780487805,0.8829268292682927,0.004878048780487809,False,underfit
synthetic_irrelevant_noise,42,classification,ablation,TST,TST-v3-MoE-tuned,1024,100,ok,,tuned_tst_benchmark,TST-v3-MoE,tst_v3_moe_lr_3e-4,3e-4,val_accuracy,maximize,0.502439,1,3,"1e-4,3e-4,1e-3",lr_only,1,0.8641045928001404,0.5,0.5024390243902439,1.2799886975874557,3.1069033642612522,-0.0024390243902439046,0.5514233708381653,0.000185060576768592,True,0.24081602692604065,0.24081635475158691,0.0,1,0.5024390243902439,0.4975609756097561,0.004878048780487809,True,early_stopped_cleanly
synthetic_irrelevant_noise,42,classification,ablation,TST,TST-v3-MoE-tuned,1024,100,ok,,tuned_tst_benchmark,TST-v3-MoE,tst_v3_moe_lr_3e-4,3e-4,val_accuracy,maximize,0.502439,1,3,"1e-4,3e-4,1e-3",lr_only,2,0.8297844767570496,0.5,0.4975609756097561,0.794738297332669,1.6071173011047053,0.0024390243902439046,0.4847782552242279,0.00014046170690562576,True,0.2149989753961563,0.21499867737293243,0.0,1,0.5024390243902439,0.4975609756097561,0.004878048780487809,True,early_stopped_cleanly
synthetic_irrelevant_noise,42,classification,ablation,TST,TST-v3-MoE-tuned,1024,100,ok,,tuned_tst_benchmark,TST-v3-MoE,tst_v3_moe_lr_3e-4,3e-4,val_accuracy,maximize,0.502439,1,3,"1e-4,3e-4,1e-3",lr_only,3,0.8016282200813294,0.5,0.5024390243902439,0.42276568297463546,1.0873165058734855,-0.0024390243902439046,0.5198295712471008,0.00011106449528597295,True,0.1916360706090927,0.1916346549987793,0.0,1,0.5024390243902439,0.4975609756097561,0.004878048780487809,True,early_stopped_cleanly
synthetic_irrelevant_noise,42,classification,ablation,TST,TST-v3-MoE-tuned,1024,100,ok,,tuned_tst_benchmark,TST-v3-MoE,tst_v3_moe_lr_3e-4,3e-4,val_accuracy,maximize,0.502439,1,3,"1e-4,3e-4,1e-3",lr_only,4,0.7790003895759583,0.5,0.4975609756097561,0.45471117177445625,0.6821013551544144,0.0024390243902439046,0.47516974806785583,9.703769319457933e-05,True,0.1707659512758255,0.1707637757062912,0.0,1,0.5024390243902439,0.4975609756097561,0.004878048780487809,True,early_stopped_cleanly
synthetic_irrelevant_noise,42,classification,ablation,TST,TST-v3-MoE-tuned,1024,100,ok,,tuned_tst_benchmark,TST-v3-MoE,tst_v3_moe_lr_3e-4,3e-4,val_accuracy,maximize,0.502439,1,3,"1e-4,3e-4,1e-3",lr_only,5,0.7560580968856812,0.5,0.5024390243902439,0.3563049364616979,0.6229971003650564,-0.0024390243902439046,0.5239062905311584,8.681695908308029e-05,True,0.15232646465301514,0.1523224115371704,0.0,1,0.5024390243902439,0.4975609756097561,0.004878048780487809,True,early_stopped_cleanly
synthetic_irrelevant_noise,42,classification,ablation,TST,TST-v3-MoE-tuned,1024,100,ok,,tuned_tst_benchmark,TST-v3-MoE,tst_v3_moe_lr_3e-4,3e-4,val_accuracy,maximize,0.502439,1,3,"1e-4,3e-4,1e-3",lr_only,6,0.7450080275535583,0.5,0.5024390243902439,0.6854030554816963,1.3867836582786395,-0.0024390243902439046,0.5179617404937744,7.937796908663586e-05,True,0.1361750364303589,0.13616928458213806,0.0,1,0.5024390243902439,0.4975609756097561,0.004878048780487809,True,early_stopped_cleanly
synthetic_irrelevant_noise,42,classification,ablation,TST,TST-v3-MoE-tuned,1024,100,ok,,tuned_tst_benchmark,TST-v3-MoE,tst_v3_moe_lr_3e-4,3e-4,val_accuracy,maximize,0.502439,1,3,"1e-4,3e-4,1e-3",lr_only,7,0.7254828929901123,0.5,0.4975609756097561,0.5921206986921765,0.8198177496592939,0.0024390243902439046,0.4521404802799225,6.992428825469688e-05,True,0.12211506813764572,0.12210889160633087,0.0,1,0.5024390243902439,0.4975609756097561,0.004878048780487809,True,early_stopped_cleanly
synthetic_irrelevant_noise,42,classification,ablation,TST,TST-v3-MoE-tuned,1024,100,ok,,tuned_tst_benchmark,TST-v3-MoE,tst_v3_moe_lr_3e-4,3e-4,val_accuracy,maximize,0.502439,1,3,"1e-4,3e-4,1e-3",lr_only,8,0.7136430263519287,0.5,0.4975609756097561,0.4631105634292788,1.0752097696200478,0.0024390243902439046,0.48997437953948975,6.122412742115557e-05,True,0.10992135107517242,0.10991387814283371,0.0,1,0.5024390243902439,0.4975609756097561,0.004878048780487809,True,early_stopped_cleanly
synthetic_irrelevant_noise,42,classification,ablation,TST,TST-v3-MoE-tuned,1024,100,ok,,tuned_tst_benchmark,TST-v3-MoE,tst_v3_moe_lr_3e-4,3e-4,val_accuracy,maximize,0.502439,1,3,"1e-4,3e-4,1e-3",lr_only,9,0.6993430614471435,0.5,0.5024390243902439,0.242597430205958,0.5570500236189602,-0.0024390243902439046,0.5475640296936035,5.084825897938572e-05,True,0.09936247020959854,0.09935377538204193,1.0,1,0.5024390243902439,0.4975609756097561,0.004878048780487809,True,early_stopped_cleanly
synthetic_irrelevant_noise,42,classification,ablation,TST,TST-v3-MoE-tuned,1024,100,ok,,tuned_tst_benchmark,TST-v3-MoE,tst_v3_moe_lr_3e-4,3e-4,val_accuracy,maximize,0.502439,1,3,"1e-4,3e-4,1e-3",lr_only,10,0.6966116428375244,0.5,0.5024390243902439,0.32815217749676695,0.672545049441035,-0.0024390243902439046,0.5188935995101929,4.5019001845503226e-05,True,0.09219721704721451,0.09218744188547134,1.0,1,0.5024390243902439,0.4975609756097561,0.004878048780487809,True,early_stopped_cleanly
synthetic_irrelevant_noise,42,classification,ablation,TST,TST-v3-MoE-tuned,1024,100,ok,,tuned_tst_benchmark,TST-v3-MoE,tst_v3_moe_lr_3e-4,3e-4,val_accuracy,maximize,0.502439,1,3,"1e-4,3e-4,1e-3",lr_only,11,0.6933931946754456,0.5,0.4975609756097561,0.2540987747187404,0.3549260536432898,0.0024390243902439046,0.4726603329181671,4.219679249217734e-05,True,0.0881054624915123,0.08809459954500198,1.0,1,0.5024390243902439,0.4975609756097561,0.004878048780487809,True,early_stopped_cleanly
synthetic_xor,43,classification,ablation,TST-v0,TST-v0,1024,20,ok,,tuned_tst_benchmark,,,,,,,,,,,1,1.1168446302413941,0.5244299674267101,0.526829268292683,6.619760082554855,10.607912292486285,-0.002399300865972842,0.5520886778831482,0.0029302649199962616,False,,,,1,0.526829268292683,0.526829268292683,0.0,True,early_stopped_cleanly
synthetic_xor,43,classification,ablation,TST-v0,TST-v0,1024,20,ok,,tuned_tst_benchmark,,,,,,,,,,,2,0.7197921276092529,0.4755700325732899,0.47317073170731705,1.0377248445864795,1.551537617728696,0.002399300865972842,0.3629993796348572,0.0008102121064439416,False,,,,1,0.526829268292683,0.526829268292683,0.0,True,early_stopped_cleanly
synthetic_xor,43,classification,ablation,TST-v0,TST-v0,1024,20,ok,,tuned_tst_benchmark,,,,,,,,,,,3,0.7170286774635315,0.5244299674267101,0.526829268292683,0.876365255667284,1.738555418980007,-0.002399300865972842,0.5232583284378052,0.0005841701058670878,False,,,,1,0.526829268292683,0.526829268292683,0.0,True,early_stopped_cleanly
synthetic_xor,43,classification,ablation,TST-v0,TST-v0,1024,20,ok,,tuned_tst_benchmark,,,,,,,,,,,4,0.6977320194244385,0.5244299674267101,0.526829268292683,0.4636179904677598,0.9695942826023796,-0.002399300865972842,0.598712682723999,0.00047043635277077556,False,,,,1,0.526829268292683,0.526829268292683,0.0,True,early_stopped_cleanly
synthetic_xor,43,classification,ablation,TST-v0,TST-v0,1024,20,ok,,tuned_tst_benchmark,,,,,,,,,,,5,0.7004865169525146,0.5244299674267101,0.526829268292683,0.6680758268306661,1.1201363356159906,-0.002399300865972842,0.5620086789131165,0.0003513315168675035,False,,,,1,0.526829268292683,0.526829268292683,0.0,True,early_stopped_cleanly
synthetic_xor,43,classification,ablation,TST-v0,TST-v0,1024,20,ok,,tuned_tst_benchmark,,,,,,,,,,,6,0.694224727153778,0.5244299674267101,0.526829268292683,0.33683436290921626,0.6614512587316338,-0.002399300865972842,0.5123265981674194,0.0002723814104683697,False,,,,1,0.526829268292683,0.526829268292683,0.0,True,early_stopped_cleanly
synthetic_xor,43,classification,ablation,TST-v0,TST-v0,1024,20,ok,,tuned_tst_benchmark,,,,,,,,,,,7,0.6924839615821838,0.5244299674267101,0.526829268292683,0.42752276018950763,0.7585012628059007,-0.002399300865972842,0.505133867263794,0.00024835229851305485,False,,,,1,0.526829268292683,0.526829268292683,0.0,True,early_stopped_cleanly
synthetic_xor,43,classification,ablation,TST-v0,TST-v0,1024,20,ok,,tuned_tst_benchmark,,,,,,,,,,,8,0.6937694311141968,0.5244299674267101,0.526829268292683,0.4392516074579036,0.5682113067771507,-0.002399300865972842,0.5051509737968445,0.00023842138762120157,False,,,,1,0.526829268292683,0.526829268292683,0.0,True,early_stopped_cleanly
synthetic_xor,43,classification,ablation,TST-v0,TST-v0,1024,20,ok,,tuned_tst_benchmark,,,,,,,,,,,9,0.6926793813705444,0.5244299674267101,0.526829268292683,0.2671783596018392,0.49623156801568796,-0.002399300865972842,0.5332428216934204,0.00024009100161492825,False,,,,1,0.526829268292683,0.526829268292683,0.0,True,early_stopped_cleanly
synthetic_xor,43,classification,ablation,TST-v0,TST-v0,1024,20,ok,,tuned_tst_benchmark,,,,,,,,,,,10,0.6930981040000915,0.5244299674267101,0.526829268292683,0.2973359586905941,0.4440949922101458,-0.002399300865972842,0.5352315306663513,0.00024063816817943007,False,,,,1,0.526829268292683,0.526829268292683,0.0,True,early_stopped_cleanly
synthetic_xor,43,classification,ablation,TST-v0,TST-v0,1024,20,ok,,tuned_tst_benchmark,,,,,,,,,,,11,0.6924373149871826,0.5244299674267101,0.526829268292683,0.24839708969982682,0.3274605490780782,-0.002399300865972842,0.5226119756698608,0.00024621744523756206,False,,,,1,0.526829268292683,0.526829268292683,0.0,True,early_stopped_cleanly
synthetic_xor,43,classification,ablation,TST-v1-Gate,TST-v1-Gate,1024,20,ok,,tuned_tst_benchmark,,,,,,,,,,,1,1.158105194568634,0.5244299674267101,0.526829268292683,17.367931090661223,36.18706305742228,-0.002399300865972842,0.5643338561058044,0.0018867901526391506,True,0.19224359095096588,0.18843108415603638,0.0,1,0.526829268292683,0.526829268292683,0.0,True,early_stopped_cleanly
synthetic_xor,43,classification,ablation,TST-v1-Gate,TST-v1-Gate,1024,20,ok,,tuned_tst_benchmark,,,,,,,,,,,2,0.7311735987663269,0.4755700325732899,0.47317073170731705,1.0677502263851508,1.5871735058664451,0.002399300865972842,0.363848477602005,0.0003707854193635285,True,0.13290557265281677,0.13075479865074158,0.0,1,0.526829268292683,0.526829268292683,0.0,True,early_stopped_cleanly
synthetic_xor,43,classification,ablation,TST-v1-Gate,TST-v1-Gate,1024,20,ok,,tuned_tst_benchmark,,,,,,,,,,,3,0.7194292306900024,0.5244299674267101,0.526829268292683,0.8702524813695668,1.7681476389092818,-0.002399300865972842,0.5296637415885925,0.00018555772840045393,True,0.09290127456188202,0.0908183753490448,0.9,1,0.526829268292683,0.526829268292683,0.0,True,early_stopped_cleanly
synthetic_xor,43,classification,ablation,TST-v1-Gate,TST-v1-Gate,1024,20,ok,,tuned_tst_benchmark,,,,,,,,,,,4,0.6989365935325622,0.5244299674267101,0.526829268292683,0.48781781629629883,1.0358350250543418,-0.002399300865972842,0.6000851392745972,0.0001158908853540197,True,0.0717373639345169,0.07101084291934967,1.0,1,0.526829268292683,0.526829268292683,0.0,True,early_stopped_cleanly
synthetic_xor,43,classification,ablation,TST-v1-Gate,TST-v1-Gate,1024,20,ok,,tuned_tst_benchmark,,,,,,,,,,,5,0.7002650499343872,0.5244299674267101,0.526829268292683,0.6658943808583884,1.1486509582743785,-0.002399300865972842,0.5519545078277588,6.722826219629496e-05,True,0.06122782826423645,0.06016136333346367,1.0,1,0.526829268292683,0.526829268292683,0.0,True,early_stopped_cleanly
synthetic_xor,43,classification,ablation,TST-v1-Gate,TST-v1-Gate,1024,20,ok,,tuned_tst_benchmark,,,,,,,,,,,6,0.6938633441925048,0.5244299674267101,0.526829268292683,0.3215163010730072,0.6007828669621536,-0.002399300865972842,0.5034825205802917,4.475225796340965e-05,True,0.055692680180072784,0.05458386242389679,1.0,1,0.526829268292683,0.526829268292683,0.0,True,early_stopped_cleanly
synthetic_xor,43,classification,ablation,TST-v1-Gate,TST-v1-Gate,1024,20,ok,,tuned_tst_benchmark,,,,,,,,,,,7,0.6931377649307251,0.5244299674267101,0.526829268292683,0.4518335236776506,0.836434851642267,-0.002399300865972842,0.5064162611961365,3.851583460345864e-05,True,0.05274419113993645,0.05161125585436821,1.0,1,0.526829268292683,0.526829268292683,0.0,True,early_stopped_cleanly
synthetic_xor,43,classification,ablation,TST-v1-Gate,TST-v1-Gate,1024,20,ok,,tuned_tst_benchmark,,,,,,,,,,,8,0.6931920409202575,0.5244299674267101,0.526829268292683,0.41281024320461207,0.5818649870660847,-0.002399300865972842,0.5114768743515015,3.555602961569093e-05,True,0.051242537796497345,0.05007768049836159,1.0,1,0.526829268292683,0.526829268292683,0.0,True,early_stopped_cleanly
synthetic_xor,43,classification,ablation,TST-v1-Gate,TST-v1-Gate,1024,20,ok,,tuned_tst_benchmark,,,,,,,,,,,9,0.6925888180732727,0.5244299674267101,0.526829268292683,0.2557748486763087,0.44318843765700977,-0.002399300865972842,0.5379437208175659,3.5504486731952056e-05,True,0.050592947751283646,0.04918944835662842,1.0,1,0.526829268292683,0.526829268292683,0.0,True,early_stopped_cleanly
synthetic_xor,43,classification,ablation,TST-v1-Gate,TST-v1-Gate,1024,20,ok,,tuned_tst_benchmark,,,,,,,,,,,10,0.6931878447532653,0.5244299674267101,0.526829268292683,0.29844641801237765,0.47690617913945965,-0.002399300865972842,0.5335322022438049,3.4420507290633395e-05,True,0.05045529082417488,0.04891187697649002,1.0,1,0.526829268292683,0.526829268292683,0.0,True,early_stopped_cleanly
synthetic_xor,43,classification,ablation,TST-v1-Gate,TST-v1-Gate,1024,20,ok,,tuned_tst_benchmark,,,,,,,,,,,11,0.6925281524658203,0.5244299674267101,0.526829268292683,0.25096897084649467,0.36470813230234805,-0.002399300865972842,0.5179388523101807,3.2762050977908075e-05,True,0.05063242465257645,0.04900825768709183,1.0,1,0.526829268292683,0.526829268292683,0.0,True,early_stopped_cleanly
synthetic_xor,43,classification,ablation,TST-v3-MoE,TST-v3-MoE,1024,20,ok,,tuned_tst_benchmark,,,,,,,,,,,1,0.7868103623390198,0.5244299674267101,0.526829268292683,1.873560407039846,3.19031289752953,-0.002399300865972842,0.6755260229110718,6.725714774802327e-05,True,0.18372151255607605,0.1837267279624939,0.0,1,0.526829268292683,0.526829268292683,0.0,True,early_stopped_cleanly
synthetic_xor,43,classification,ablation,TST-v3-MoE,TST-v3-MoE,1024,20,ok,,tuned_tst_benchmark,,,,,,,,,,,2,0.7118138909339905,0.4755700325732899,0.47317073170731705,0.4142595158034668,1.544889782630257,0.002399300865972842,0.44555649161338806,4.962855746271089e-05,True,0.12312734127044678,0.12311973422765732,0.0,1,0.526829268292683,0.526829268292683,0.0,True,early_stopped_cleanly
synthetic_xor,43,classification,ablation,TST-v3-MoE,TST-v3-MoE,1024,20,ok,,tuned_tst_benchmark,,,,,,,,,,,3,0.7030643820762634,0.5244299674267101,0.526829268292683,0.4912014907169766,0.9897571648752882,-0.002399300865972842,0.5439090728759766,1.0367903996666428e-05,True,0.08482609689235687,0.08480310440063477,1.0,1,0.526829268292683,0.526829268292683,0.0,True,early_stopped_cleanly
synthetic_xor,43,classification,ablation,TST-v3-MoE,TST-v3-MoE,1024,20,ok,,tuned_tst_benchmark,,,,,,,,,,,4,0.6914825558662414,0.5244299674267101,0.526829268292683,0.3326583141593156,0.865294880522761,-0.002399300865972842,0.5682331323623657,4.0422214624413755e-06,True,0.0665377676486969,0.06651492416858673,1.0,1,0.526829268292683,0.526829268292683,0.0,True,early_stopped_cleanly
synthetic_xor,43,classification,ablation,TST-v3-MoE,TST-v3-MoE,1024,20,ok,,tuned_tst_benchmark,,,,,,,,,,,5,0.6943164110183716,0.5244299674267101,0.526829268292683,0.24747347153737223,0.7824114903446638,-0.002399300865972842,0.5428783893585205,2.404956831014715e-06,True,0.0573863685131073,0.05736610293388367,1.0,1,0.526829268292683,0.526829268292683,0.0,True,early_stopped_cleanly
synthetic_xor,43,classification,ablation,TST-v3-MoE,TST-v3-MoE,1024,20,ok,,tuned_tst_benchmark,,,,,,,,,,,6,0.6920016288757325,0.5244299674267101,0.526829268292683,0.26952062874071575,0.4994249882492462,-0.002399300865972842,0.5257850885391235,1.8762848412734456e-06,True,0.05254746228456497,0.052529849112033844,1.0,1,0.526829268292683,0.526829268292683,0.0,True,early_stopped_cleanly
synthetic_xor,43,classification,ablation,TST-v3-MoE,TST-v3-MoE,1024,20,ok,,tuned_tst_benchmark,,,,,,,,,,,7,0.6921034812927246,0.5244299674267101,0.526829268292683,0.2706712854576239,0.5686248739414982,-0.002399300865972842,0.5185209512710571,1.5574011058561155e-06,True,0.04997847229242325,0.04996241629123688,1.0,1,0.526829268292683,0.526829268292683,0.0,True,early_stopped_cleanly
synthetic_xor,43,classification,ablation,TST-v3-MoE,TST-v3-MoE,1024,20,ok,,tuned_tst_benchmark,,,,,,,,,,,8,0.6930961608886719,0.5244299674267101,0.526829268292683,0.2312646164798963,0.42253338061719825,-0.002399300865972842,0.5280594229698181,1.368705397908343e-06,True,0.048691920936107635,0.04867692291736603,1.0,1,0.526829268292683,0.526829268292683,0.0,True,early_stopped_cleanly
synthetic_xor,43,classification,ablation,TST-v3-MoE,TST-v3-MoE,1024,20,ok,,tuned_tst_benchmark,,,,,,,,,,,9,0.6924762725830078,0.5244299674267101,0.526829268292683,0.26122728254151234,0.3901217258097795,-0.002399300865972842,0.5342609882354736,1.270469624614634e-06,True,0.048163581639528275,0.04814901947975159,1.0,1,0.526829268292683,0.526829268292683,0.0,True,early_stopped_cleanly
synthetic_xor,43,classification,ablation,TST-v3-MoE,TST-v3-MoE,1024,20,ok,,tuned_tst_benchmark,,,,,,,,,,,10,0.6935171723365784,0.5244299674267101,0.526829268292683,0.2329178700225032,0.6524347671867505,-0.002399300865972842,0.5381829142570496,1.2900704859930556e-06,True,0.0480964258313179,0.04808194935321808,1.0,1,0.526829268292683,0.526829268292683,0.0,True,early_stopped_cleanly
synthetic_xor,43,classification,ablation,TST-v3-MoE,TST-v3-MoE,1024,20,ok,,tuned_tst_benchmark,,,,,,,,,,,11,0.6923921346664429,0.5244299674267101,0.526829268292683,0.3628422062509283,0.5679198736466321,-0.002399300865972842,0.525123119354248,1.4045501757209422e-06,True,0.048314981162548065,0.04830067604780197,1.0,1,0.526829268292683,0.526829268292683,0.0,True,early_stopped_cleanly
synthetic_xor,43,classification,neural_baseline,FT-Transformer-style,local_ft_transformer,1024,20,ok,,tuned_tst_benchmark,,,,,,,,,,,1,0.7912968754768371,0.4788273615635179,0.47317073170731705,34.44671524882365,69.80444733034476,0.0056566298562008566,0.4498194754123688,0.02004184015095234,False,,,,3,0.526829268292683,0.43414634146341463,0.09268292682926832,True,overfit
synthetic_xor,43,classification,neural_baseline,FT-Transformer-style,local_ft_transformer,1024,20,ok,,tuned_tst_benchmark,,,,,,,,,,,2,0.7123929977416992,0.4755700325732899,0.47317073170731705,4.750313219768422,6.904786871527899,0.002399300865972842,0.44391313195228577,0.013217421248555183,False,,,,3,0.526829268292683,0.43414634146341463,0.09268292682926832,True,overfit
synthetic_xor,43,classification,neural_baseline,FT-Transformer-style,local_ft_transformer,1024,20,ok,,tuned_tst_benchmark,,,,,,,,,,,3,0.6904291868209839,0.5244299674267101,0.526829268292683,1.074928513268651,2.6303141924359017,-0.002399300865972842,0.5625630021095276,0.011300926096737385,False,,,,3,0.526829268292683,0.43414634146341463,0.09268292682926832,True,overfit
synthetic_xor,43,classification,neural_baseline,FT-Transformer-style,local_ft_transformer,1024,20,ok,,tuned_tst_benchmark,,,,,,,,,,,4,0.6996034026145935,0.5244299674267101,0.526829268292683,1.3420250098053437,2.2646800282295736,-0.002399300865972842,0.59190833568573,0.010653291828930378,False,,,,3,0.526829268292683,0.43414634146341463,0.09268292682926832,True,overfit
synthetic_xor,43,classification,neural_baseline,FT-Transformer-style,local_ft_transformer,1024,20,ok,,tuned_tst_benchmark,,,,,,,,,,,5,0.6935170412063598,0.5276872964169381,0.526829268292683,0.8425136176927724,2.0133754687882335,0.0008580281242551724,0.5257914662361145,0.011448445729911327,False,,,,3,0.526829268292683,0.43414634146341463,0.09268292682926832,True,overfit
synthetic_xor,43,classification,neural_baseline,FT-Transformer-style,local_ft_transformer,1024,20,ok,,tuned_tst_benchmark,,,,,,,,,,,6,0.6947546005249023,0.5374592833876222,0.4975609756097561,0.5991050873640342,1.442760190722842,0.03989830777786607,0.48943182826042175,0.012601603753864765,False,,,,3,0.526829268292683,0.43414634146341463,0.09268292682926832,True,overfit
synthetic_xor,43,classification,neural_baseline,FT-Transformer-style,local_ft_transformer,1024,20,ok,,tuned_tst_benchmark,,,,,,,,,,,7,0.688348388671875,0.5716612377850163,0.43414634146341463,0.6279651555909268,1.4434428934331616,0.1375148963216017,0.5104880928993225,0.01409576740115881,False,,,,3,0.526829268292683,0.43414634146341463,0.09268292682926832,True,overfit
synthetic_xor,43,classification,neural_baseline,FT-Transformer-style,local_ft_transformer,1024,20,ok,,tuned_tst_benchmark,,,,,,,,,,,8,0.6879337549209594,0.5260586319218241,0.5219512195121951,0.5260061919581868,0.7719350839862977,0.004107412409628974,0.5343631505966187,0.01614476926624775,False,,,,3,0.526829268292683,0.43414634146341463,0.09268292682926832,True,overfit
synthetic_xor,43,classification,neural_baseline,FT-Transformer-style,local_ft_transformer,1024,20,ok,,tuned_tst_benchmark,,,,,,,,,,,9,0.6892429232597351,0.5374592833876222,0.526829268292683,0.3767616176115731,0.48075530878260797,0.010630015094939216,0.5379675626754761,0.019004808738827705,False,,,,3,0.526829268292683,0.43414634146341463,0.09268292682926832,True,overfit
synthetic_xor,43,classification,neural_baseline,FT-Transformer-style,local_ft_transformer,1024,20,ok,,tuned_tst_benchmark,,,,,,,,,,,10,0.6867432951927185,0.5651465798045603,0.48292682926829267,0.7709356221694879,1.5313661690521503,0.08221975053626762,0.5272251963615417,0.0230023805052042,False,,,,3,0.526829268292683,0.43414634146341463,0.09268292682926832,True,overfit
synthetic_xor,43,classification,neural_baseline,FT-Transformer-style,local_ft_transformer,1024,20,ok,,tuned_tst_benchmark,,,,,,,,,,,11,0.6822906494140625,0.5830618892508144,0.4097560975609756,0.636680101905265,1.4419711218525575,0.17330579168983878,0.5124829411506653,0.028617966920137405,False,,,,3,0.526829268292683,0.43414634146341463,0.09268292682926832,True,overfit
synthetic_xor,43,classification,neural_baseline,FT-Transformer-style,local_ft_transformer,1024,20,ok,,tuned_tst_benchmark,,,,,,,,,,,12,0.6842066049575806,0.5781758957654723,0.43902439024390244,0.8767238236508389,1.809231372652196,0.1391515055215699,0.5273661017417908,0.03558627888560295,False,,,,3,0.526829268292683,0.43414634146341463,0.09268292682926832,True,overfit
synthetic_xor,43,classification,neural_baseline,FT-Transformer-style,local_ft_transformer,1024,20,ok,,tuned_tst_benchmark,,,,,,,,,,,13,0.6759918212890625,0.5846905537459284,0.43414634146341463,0.4193330604195274,0.6012974640599409,0.15054421228251375,0.5317675471305847,0.04507178068161011,False,,,,3,0.526829268292683,0.43414634146341463,0.09268292682926832,True,overfit
synthetic_xor,43,classification,ablation,TST,TST-v0-tuned,1024,20,ok,,tuned_tst_benchmark,TST-v0,tst_v0_lr_1e-4,1e-4,val_accuracy,maximize,0.560976,3,3,"1e-4,3e-4,1e-3",lr_only,1,0.7388491272926331,0.48697068403908794,0.4682926829268293,11.000096707665813,22.357986316457783,0.018678001112258646,0.4041900038719177,0.06541168689727783,False,,,,3,0.5609756097560976,0.43902439024390244,0.12195121951219517,True,overfit
synthetic_xor,43,classification,ablation,TST,TST-v0-tuned,1024,20,ok,,tuned_tst_benchmark,TST-v0,tst_v0_lr_1e-4,1e-4,val_accuracy,maximize,0.560976,3,3,"1e-4,3e-4,1e-3",lr_only,2,0.7108624935150146,0.5244299674267101,0.5365853658536586,5.390292851503587,13.594165528878882,-0.01215539842694846,0.5674886703491211,0.04300336167216301,False,,,,3,0.5609756097560976,0.43902439024390244,0.12195121951219517,True,overfit
synthetic_xor,43,classification,ablation,TST,TST-v0-tuned,1024,20,ok,,tuned_tst_benchmark,TST-v0,tst_v0_lr_1e-4,1e-4,val_accuracy,maximize,0.560976,3,3,"1e-4,3e-4,1e-3",lr_only,3,0.6969159841537476,0.5260586319218241,0.5609756097560976,3.3102425827189754,5.068244297233716,-0.0349169778342735,0.5425915122032166,0.03620649874210358,False,,,,3,0.5609756097560976,0.43902439024390244,0.12195121951219517,True,overfit
synthetic_xor,43,classification,ablation,TST,TST-v0-tuned,1024,20,ok,,tuned_tst_benchmark,TST-v0,tst_v0_lr_1e-4,1e-4,val_accuracy,maximize,0.560976,3,3,"1e-4,3e-4,1e-3",lr_only,4,0.6882987022399902,0.5342019543973942,0.48292682926829267,2.214345284304323,4.440560426688069,0.051275125129101484,0.4767381548881531,0.0334530808031559,False,,,,3,0.5609756097560976,0.43902439024390244,0.12195121951219517,True,overfit
synthetic_xor,43,classification,ablation,TST,TST-v0-tuned,1024,20,ok,,tuned_tst_benchmark,TST-v0,tst_v0_lr_1e-4,1e-4,val_accuracy,maximize,0.560976,3,3,"1e-4,3e-4,1e-3",lr_only,5,0.6888325333595275,0.5667752442996743,0.4975609756097561,2.4414746113748778,6.481522765160876,0.0692142686899182,0.5126699805259705,0.03257782384753227,False,,,,3,0.5609756097560976,0.43902439024390244,0.12195121951219517,True,overfit
synthetic_xor,43,classification,ablation,TST,TST-v0-tuned,1024,20,ok,,tuned_tst_benchmark,TST-v0,tst_v0_lr_1e-4,1e-4,val_accuracy,maximize,0.560976,3,3,"1e-4,3e-4,1e-3",lr_only,6,0.6836634159088135,0.5423452768729642,0.5219512195121951,1.4987953069788853,2.026641688836441,0.020394057360769047,0.5610882043838501,0.03297411650419235,False,,,,3,0.5609756097560976,0.43902439024390244,0.12195121951219517,True,overfit
synthetic_xor,43,classification,ablation,TST,TST-v0-tuned,1024,20,ok,,tuned_tst_benchmark,TST-v0,tst_v0_lr_1e-4,1e-4,val_accuracy,maximize,0.560976,3,3,"1e-4,3e-4,1e-3",lr_only,7,0.6864912390708924,0.5651465798045603,0.5219512195121951,2.8903110108510583,5.5803314629925875,0.04319536029236515,0.5403833985328674,0.03465797007083893,False,,,,3,0.5609756097560976,0.43902439024390244,0.12195121951219517,True,overfit
synthetic_xor,43,classification,ablation,TST,TST-v0-tuned,1024,20,ok,,tuned_tst_benchmark,TST-v0,tst_v0_lr_1e-4,1e-4,val_accuracy,maximize,0.560976,3,3,"1e-4,3e-4,1e-3",lr_only,8,0.6873816013336181,0.5374592833876222,0.4926829268292683,3.080244197700507,4.964987025224247,0.04477635655835388,0.4766234755516052,0.0362265519797802,False,,,,3,0.5609756097560976,0.43902439024390244,0.12195121951219517,True,overfit
synthetic_xor,43,classification,ablation,TST,TST-v0-tuned,1024,20,ok,,tuned_tst_benchmark,TST-v0,tst_v0_lr_1e-4,1e-4,val_accuracy,maximize,0.560976,3,3,"1e-4,3e-4,1e-3",lr_only,9,0.6861505508422852,0.5798045602605864,0.5024390243902439,1.9475475292720414,3.5574244144519733,0.07736553587034245,0.5409597754478455,0.03909759968519211,False,,,,3,0.5609756097560976,0.43902439024390244,0.12195121951219517,True,overfit
synthetic_xor,43,classification,ablation,TST,TST-v0-tuned,1024,20,ok,,tuned_tst_benchmark,TST-v0,tst_v0_lr_1e-4,1e-4,val_accuracy,maximize,0.560976,3,3,"1e-4,3e-4,1e-3",lr_only,10,0.6808620095252991,0.5798045602605864,0.47804878048780486,1.9976658941437915,2.9163363877370228,0.1017557797727815,0.5327048897743225,0.04192822799086571,False,,,,3,0.5609756097560976,0.43902439024390244,0.12195121951219517,True,overfit
synthetic_xor,43,classification,ablation,TST,TST-v0-tuned,1024,20,ok,,tuned_tst_benchmark,TST-v0,tst_v0_lr_1e-4,1e-4,val_accuracy,maximize,0.560976,3,3,"1e-4,3e-4,1e-3",lr_only,11,0.681561815738678,0.5765472312703583,0.4634146341463415,1.9712714696026503,3.241939646082006,0.11313259712401685,0.503226101398468,0.045427922159433365,False,,,,3,0.5609756097560976,0.43902439024390244,0.12195121951219517,True,overfit
synthetic_xor,43,classification,ablation,TST,TST-v0-tuned,1024,20,ok,,tuned_tst_benchmark,TST-v0,tst_v0_lr_1e-4,1e-4,val_accuracy,maximize,0.560976,3,3,"1e-4,3e-4,1e-3",lr_only,12,0.6837472081184387,0.5863192182410424,0.4682926829268293,3.125092123114091,4.333698549373211,0.11802653531421309,0.5472589135169983,0.04941564053297043,False,,,,3,0.5609756097560976,0.43902439024390244,0.12195121951219517,True,overfit
synthetic_xor,43,classification,ablation,TST,TST-v0-tuned,1024,20,ok,,tuned_tst_benchmark,TST-v0,tst_v0_lr_1e-4,1e-4,val_accuracy,maximize,0.560976,3,3,"1e-4,3e-4,1e-3",lr_only,13,0.6786138892173768,0.5960912052117264,0.43902439024390244,2.444066151072829,3.5636079797609415,0.157066814967824,0.5060238242149353,0.053124431520700455,False,,,,3,0.5609756097560976,0.43902439024390244,0.12195121951219517,True,overfit
synthetic_xor,43,classification,ablation,TST,TST-v1-Gate-tuned,1024,20,ok,,tuned_tst_benchmark,TST-v1-Gate,tst_v1_gate_lr_1e-4,1e-4,val_accuracy,maximize,0.536585,2,3,"1e-4,3e-4,1e-3",lr_only,1,0.7801093339920044,0.4804560260586319,0.47317073170731705,40.36392747670938,83.96371363782674,0.007285294351314864,0.3899667263031006,0.06122206896543503,True,0.26306504011154175,0.2611982822418213,0.0,2,0.5365853658536586,0.4926829268292683,0.04390243902439028,True,early_stopped_cleanly
synthetic_xor,43,classification,ablation,TST,TST-v1-Gate-tuned,1024,20,ok,,tuned_tst_benchmark,TST-v1-Gate,tst_v1_gate_lr_1e-4,1e-4,val_accuracy,maximize,0.536585,2,3,"1e-4,3e-4,1e-3",lr_only,2,0.7453871130943298,0.5228013029315961,0.5365853658536586,17.981988032618126,47.10204938862074,-0.013784062922062468,0.566133975982666,0.03852475434541702,True,0.2563118636608124,0.25545746088027954,0.0,2,0.5365853658536586,0.4926829268292683,0.04390243902439028,True,early_stopped_cleanly
synthetic_xor,43,classification,ablation,TST,TST-v1-Gate-tuned,1024,20,ok,,tuned_tst_benchmark,TST-v1-Gate,tst_v1_gate_lr_1e-4,1e-4,val_accuracy,maximize,0.536585,2,3,"1e-4,3e-4,1e-3",lr_only,3,0.7294599890708924,0.5293159609120521,0.526829268292683,10.770002382441932,16.581168102854004,0.0024866926193691796,0.5575435161590576,0.03137608990073204,True,0.24877838790416718,0.24670399725437164,0.0,2,0.5365853658536586,0.4926829268292683,0.04390243902439028,True,early_stopped_cleanly
synthetic_xor,43,classification,ablation,TST,TST-v1-Gate-tuned,1024,20,ok,,tuned_tst_benchmark,TST-v1-Gate,tst_v1_gate_lr_1e-4,1e-4,val_accuracy,maximize,0.536585,2,3,"1e-4,3e-4,1e-3",lr_only,4,0.718000054359436,0.5293159609120521,0.4975609756097561,6.646287696976964,12.56523346988513,0.031754985302296035,0.4798208475112915,0.028775319457054138,True,0.2410673350095749,0.23827390372753143,0.0,2,0.5365853658536586,0.4926829268292683,0.04390243902439028,True,early_stopped_cleanly
synthetic_xor,43,classification,ablation,TST,TST-v1-Gate-tuned,1024,20,ok,,tuned_tst_benchmark,TST-v1-Gate,tst_v1_gate_lr_1e-4,1e-4,val_accuracy,maximize,0.536585,2,3,"1e-4,3e-4,1e-3",lr_only,5,0.7191602349281311,0.5618892508143323,0.47317073170731705,8.342276622644329,21.672726240241683,0.08871851910701523,0.497000128030777,0.02736128866672516,True,0.23339498043060303,0.23003548383712769,0.0,2,0.5365853658536586,0.4926829268292683,0.04390243902439028,True,early_stopped_cleanly
synthetic_xor,43,classification,ablation,TST,TST-v1-Gate-tuned,1024,20,ok,,tuned_tst_benchmark,TST-v1-Gate,tst_v1_gate_lr_1e-4,1e-4,val_accuracy,maximize,0.536585,2,3,"1e-4,3e-4,1e-3",lr_only,6,0.7108217954635621,0.5358306188925082,0.5219512195121951,4.031043388321161,5.2125427158803115,0.013879399380313018,0.5572385191917419,0.026967687532305717,True,0.2258721888065338,0.22256261110305786,0.0,2,0.5365853658536586,0.4926829268292683,0.04390243902439028,True,early_stopped_cleanly
synthetic_xor,43,classification,ablation,TST,TST-v1-Gate-tuned,1024,20,ok,,tuned_tst_benchmark,TST-v1-Gate,tst_v1_gate_lr_1e-4,1e-4,val_accuracy,maximize,0.536585,2,3,"1e-4,3e-4,1e-3",lr_only,7,0.7147227644920349,0.5407166123778502,0.5219512195121951,9.79773023483501,18.098432359932108,0.01876539286565504,0.5552061796188354,0.027572209015488625,True,0.21850928664207458,0.21591615676879883,0.0,2,0.5365853658536586,0.4926829268292683,0.04390243902439028,True,early_stopped_cleanly
synthetic_xor,43,classification,ablation,TST,TST-v1-Gate-tuned,1024,20,ok,,tuned_tst_benchmark,TST-v1-Gate,tst_v1_gate_lr_1e-4,1e-4,val_accuracy,maximize,0.536585,2,3,"1e-4,3e-4,1e-3",lr_only,8,0.7112683176994323,0.5537459283387622,0.4975609756097561,8.403040632005581,18.016791374196707,0.05618495272900614,0.4818558990955353,0.028443656861782074,True,0.21141394972801208,0.2091911882162094,0.0,2,0.5365853658536586,0.4926829268292683,0.04390243902439028,True,early_stopped_cleanly
synthetic_xor,43,classification,ablation,TST,TST-v1-Gate-tuned,1024,20,ok,,tuned_tst_benchmark,TST-v1-Gate,tst_v1_gate_lr_1e-4,1e-4,val_accuracy,maximize,0.536585,2,3,"1e-4,3e-4,1e-3",lr_only,9,0.7092349648475647,0.5814332247557004,0.4682926829268293,5.54391701043757,10.88768780673721,0.11314054182887107,0.5229798555374146,0.0300490390509367,True,0.20464488863945007,0.20338502526283264,0.0,2,0.5365853658536586,0.4926829268292683,0.04390243902439028,True,early_stopped_cleanly
synthetic_xor,43,classification,ablation,TST,TST-v1-Gate-tuned,1024,20,ok,,tuned_tst_benchmark,TST-v1-Gate,tst_v1_gate_lr_1e-4,1e-4,val_accuracy,maximize,0.536585,2,3,"1e-4,3e-4,1e-3",lr_only,10,0.7030663251876831,0.5732899022801303,0.5219512195121951,6.210998165812733,8.124271552344124,0.051338682767935184,0.5354501605033875,0.03180908039212227,True,0.19805610179901123,0.1976344734430313,0.0,2,0.5365853658536586,0.4926829268292683,0.04390243902439028,True,early_stopped_cleanly
synthetic_xor,43,classification,ablation,TST,TST-v1-Gate-tuned,1024,20,ok,,tuned_tst_benchmark,TST-v1-Gate,tst_v1_gate_lr_1e-4,1e-4,val_accuracy,maximize,0.536585,2,3,"1e-4,3e-4,1e-3",lr_only,11,0.7024507522583008,0.5749185667752443,0.43414634146341463,6.00666944187811,8.527525949584312,0.1407722253118297,0.5142503976821899,0.034165043383836746,True,0.19166360795497894,0.19159254431724548,0.0,2,0.5365853658536586,0.4926829268292683,0.04390243902439028,True,early_stopped_cleanly
synthetic_xor,43,classification,ablation,TST,TST-v1-Gate-tuned,1024,20,ok,,tuned_tst_benchmark,TST-v1-Gate,tst_v1_gate_lr_1e-4,1e-4,val_accuracy,maximize,0.536585,2,3,"1e-4,3e-4,1e-3",lr_only,12,0.7036118268966675,0.5781758957654723,0.4926829268292683,10.317690511149092,15.347132272196857,0.08549296893620406,0.5381661653518677,0.036852285265922546,True,0.18559852242469788,0.18605990707874298,0.0,2,0.5365853658536586,0.4926829268292683,0.04390243902439028,True,early_stopped_cleanly
synthetic_xor,43,classification,ablation,TST,TST-v3-MoE-tuned,1024,20,ok,,tuned_tst_benchmark,TST-v3-MoE,tst_v3_moe_lr_1e-4,1e-4,val_accuracy,maximize,0.526829,1,3,"1e-4,3e-4,1e-3",lr_only,1,0.7384868741035462,0.5244299674267101,0.526829268292683,1.5128343772617385,2.4605185123219693,-0.002399300865972842,0.5177491307258606,0.0003698376240208745,True,0.2593258321285248,0.25932496786117554,0.0,1,0.526829268292683,0.526829268292683,0.0,True,early_stopped_cleanly
synthetic_xor,43,classification,ablation,TST,TST-v3-MoE-tuned,1024,20,ok,,tuned_tst_benchmark,TST-v3-MoE,tst_v3_moe_lr_1e-4,1e-4,val_accuracy,maximize,0.526829,1,3,"1e-4,3e-4,1e-3",lr_only,2,0.7329762220382691,0.5244299674267101,0.526829268292683,1.1053301729147347,2.2307997273520557,-0.002399300865972842,0.5991425514221191,0.00027565364143811166,True,0.2499653846025467,0.2499648928642273,0.0,1,0.526829268292683,0.526829268292683,0.0,True,early_stopped_cleanly
synthetic_xor,43,classification,ablation,TST,TST-v3-MoE-tuned,1024,20,ok,,tuned_tst_benchmark,TST-v3-MoE,tst_v3_moe_lr_1e-4,1e-4,val_accuracy,maximize,0.526829,1,3,"1e-4,3e-4,1e-3",lr_only,3,0.7256920814514161,0.5244299674267101,0.526829268292683,0.5630891893796116,1.8973680264252115,-0.002399300865972842,0.5118904709815979,0.0002624702756293118,True,0.2408808171749115,0.24088114500045776,0.0,1,0.526829268292683,0.526829268292683,0.0,True,early_stopped_cleanly
synthetic_xor,43,classification,ablation,TST,TST-v3-MoE-tuned,1024,20,ok,,tuned_tst_benchmark,TST-v3-MoE,tst_v3_moe_lr_1e-4,1e-4,val_accuracy,maximize,0.526829,1,3,"1e-4,3e-4,1e-3",lr_only,4,0.727373194694519,0.4755700325732899,0.47317073170731705,0.9930510256790633,1.5473039602458176,0.002399300865972842,0.47534289956092834,0.00024974494590424,True,0.23208275437355042,0.2320839762687683,0.0,1,0.526829268292683,0.526829268292683,0.0,True,early_stopped_cleanly
synthetic_xor,43,classification,ablation,TST,TST-v3-MoE-tuned,1024,20,ok,,tuned_tst_benchmark,TST-v3-MoE,tst_v3_moe_lr_1e-4,1e-4,val_accuracy,maximize,0.526829,1,3,"1e-4,3e-4,1e-3",lr_only,5,0.7194732904434205,0.5244299674267101,0.526829268292683,0.5514556797411576,0.856267314933037,-0.002399300865972842,0.5219167470932007,0.00022156517661642283,True,0.22358329594135284,0.22358554601669312,0.0,1,0.526829268292683,0.526829268292683,0.0,True,early_stopped_cleanly
synthetic_xor,43,classification,ablation,TST,TST-v3-MoE-tuned,1024,20,ok,,tuned_tst_benchmark,TST-v3-MoE,tst_v3_moe_lr_1e-4,1e-4,val_accuracy,maximize,0.526829,1,3,"1e-4,3e-4,1e-3",lr_only,6,0.718757176399231,0.5244299674267101,0.526829268292683,0.6248826354265691,0.7979735253426593,-0.002399300865972842,0.562420129776001,0.00020047104044351727,True,0.2153925895690918,0.21539348363876343,0.0,1,0.526829268292683,0.526829268292683,0.0,True,early_stopped_cleanly
synthetic_xor,43,classification,ablation,TST,TST-v3-MoE-tuned,1024,20,ok,,tuned_tst_benchmark,TST-v3-MoE,tst_v3_moe_lr_1e-4,1e-4,val_accuracy,maximize,0.526829,1,3,"1e-4,3e-4,1e-3",lr_only,7,0.7168056845664978,0.5244299674267101,0.526829268292683,0.5289180926248305,1.0232448370944038,-0.002399300865972842,0.5464643239974976,0.00019269873155280948,True,0.20751509070396423,0.2075192630290985,0.0,1,0.526829268292683,0.526829268292683,0.0,True,early_stopped_cleanly
synthetic_xor,43,classification,ablation,TST,TST-v3-MoE-tuned,1024,20,ok,,tuned_tst_benchmark,TST-v3-MoE,tst_v3_moe_lr_1e-4,1e-4,val_accuracy,maximize,0.526829,1,3,"1e-4,3e-4,1e-3",lr_only,8,0.7131237030029297,0.5244299674267101,0.526829268292683,0.3180551082122248,0.5146043518680012,-0.002399300865972842,0.5139901638031006,0.0001880457712104544,True,0.19995036721229553,0.19995328783988953,0.0,1,0.526829268292683,0.526829268292683,0.0,True,early_stopped_cleanly
synthetic_xor,43,classification,ablation,TST,TST-v3-MoE-tuned,1024,20,ok,,tuned_tst_benchmark,TST-v3-MoE,tst_v3_moe_lr_1e-4,1e-4,val_accuracy,maximize,0.526829,1,3,"1e-4,3e-4,1e-3",lr_only,9,0.7125949740409852,0.5244299674267101,0.526829268292683,0.4242681687963642,0.625868733880395,-0.002399300865972842,0.5019842982292175,0.0001861445780377835,True,0.19269461929798126,0.19269731640815735,0.0,1,0.526829268292683,0.526829268292683,0.0,True,early_stopped_cleanly
synthetic_xor,43,classification,ablation,TST,TST-v3-MoE-tuned,1024,20,ok,,tuned_tst_benchmark,TST-v3-MoE,tst_v3_moe_lr_1e-4,1e-4,val_accuracy,maximize,0.526829,1,3,"1e-4,3e-4,1e-3",lr_only,10,0.7110514640808105,0.5244299674267101,0.526829268292683,0.4434048206352325,0.7438765039523979,-0.002399300865972842,0.5188944935798645,0.0001806478830985725,True,0.1857416331768036,0.18574532866477966,0.0,1,0.526829268292683,0.526829268292683,0.0,True,early_stopped_cleanly
synthetic_xor,43,classification,ablation,TST,TST-v3-MoE-tuned,1024,20,ok,,tuned_tst_benchmark,TST-v3-MoE,tst_v3_moe_lr_1e-4,1e-4,val_accuracy,maximize,0.526829,1,3,"1e-4,3e-4,1e-3",lr_only,11,0.7095375776290893,0.5244299674267101,0.526829268292683,0.5413715780122568,0.900497303056873,-0.002399300865972842,0.5318056344985962,0.0001773313560988754,True,0.1790856271982193,0.1790943443775177,0.0,1,0.526829268292683,0.526829268292683,0.0,True,early_stopped_cleanly
synthetic_irrelevant_noise,43,classification,ablation,TST-v0,TST-v0,1024,100,ok,,tuned_tst_benchmark,,,,,,,,,,,1,1.7574156284332276,0.49022801302931596,0.4878048780487805,11.096360804702948,25.662019946718374,0.0024231349805354796,0.8361800909042358,0.0009011022630147636,False,,,,2,0.5121951219512195,0.4878048780487805,0.024390243902439046,True,early_stopped_cleanly
synthetic_irrelevant_noise,43,classification,ablation,TST-v0,TST-v0,1024,100,ok,,tuned_tst_benchmark,,,,,,,,,,,2,0.7704370021820068,0.509771986970684,0.5121951219512195,1.5705652514768822,4.0487995673116695,-0.0024231349805354796,0.29972875118255615,0.00046608588309027255,False,,,,2,0.5121951219512195,0.4878048780487805,0.024390243902439046,True,early_stopped_cleanly
synthetic_irrelevant_noise,43,classification,ablation,TST-v0,TST-v0,1024,100,ok,,tuned_tst_benchmark,,,,,,,,,,,3,0.7896214604377747,0.509771986970684,0.5121951219512195,1.9688662067135922,2.115071237124767,-0.0024231349805354796,0.3066621720790863,0.000232437058002688,False,,,,2,0.5121951219512195,0.4878048780487805,0.024390243902439046,True,early_stopped_cleanly
synthetic_irrelevant_noise,43,classification,ablation,TST-v0,TST-v0,1024,100,ok,,tuned_tst_benchmark,,,,,,,,,,,4,0.7241143703460693,0.509771986970684,0.5121951219512195,1.1042368044516495,1.6935268737113878,-0.0024231349805354796,0.4656469523906708,0.0002120268763974309,False,,,,2,0.5121951219512195,0.4878048780487805,0.024390243902439046,True,early_stopped_cleanly
synthetic_irrelevant_noise,43,classification,ablation,TST-v0,TST-v0,1024,100,ok,,tuned_tst_benchmark,,,,,,,,,,,5,0.7002777695655823,0.49022801302931596,0.4878048780487805,0.4601108847473074,1.072272882893557,0.0024231349805354796,0.578200101852417,0.00018856841779779643,False,,,,2,0.5121951219512195,0.4878048780487805,0.024390243902439046,True,early_stopped_cleanly
synthetic_irrelevant_noise,43,classification,ablation,TST-v0,TST-v0,1024,100,ok,,tuned_tst_benchmark,,,,,,,,,,,6,0.7106021404266357,0.49022801302931596,0.4878048780487805,0.8216617262142801,1.0425593258457106,0.0024231349805354796,0.5725507736206055,0.00015341604012064636,False,,,,2,0.5121951219512195,0.4878048780487805,0.024390243902439046,True,early_stopped_cleanly
synthetic_irrelevant_noise,43,classification,ablation,TST-v0,TST-v0,1024,100,ok,,tuned_tst_benchmark,,,,,,,,,,,7,0.701045298576355,0.49022801302931596,0.4878048780487805,0.5416936907984352,0.9075981764862607,0.0024231349805354796,0.5134961605072021,0.0001192025447380729,False,,,,2,0.5121951219512195,0.4878048780487805,0.024390243902439046,True,early_stopped_cleanly
synthetic_irrelevant_noise,43,classification,ablation,TST-v0,TST-v0,1024,100,ok,,tuned_tst_benchmark,,,,,,,,,,,8,0.6916257023811341,0.509771986970684,0.5121951219512195,0.4459363096886662,0.8243611143571845,-0.0024231349805354796,0.466947466135025,9.893432434182614e-05,False,,,,2,0.5121951219512195,0.4878048780487805,0.024390243902439046,True,early_stopped_cleanly
synthetic_irrelevant_noise,43,classification,ablation,TST-v0,TST-v0,1024,100,ok,,tuned_tst_benchmark,,,,,,,,,,,9,0.6956884384155273,0.509771986970684,0.5121951219512195,0.417516537614004,0.8239208342507331,-0.0024231349805354796,0.44667261838912964,9.039349242812023e-05,False,,,,2,0.5121951219512195,0.4878048780487805,0.024390243902439046,True,early_stopped_cleanly
synthetic_irrelevant_noise,43,classification,ablation,TST-v0,TST-v0,1024,100,ok,,tuned_tst_benchmark,,,,,,,,,,,10,0.695591926574707,0.509771986970684,0.5121951219512195,0.3134112403624539,0.6501570581771409,-0.0024231349805354796,0.4637252688407898,9.067021164810285e-05,False,,,,2,0.5121951219512195,0.4878048780487805,0.024390243902439046,True,early_stopped_cleanly
synthetic_irrelevant_noise,43,classification,ablation,TST-v0,TST-v0,1024,100,ok,,tuned_tst_benchmark,,,,,,,,,,,11,0.6936606049537659,0.509771986970684,0.5121951219512195,0.5813268992279078,1.020662906440714,-0.0024231349805354796,0.4856208860874176,9.282025712309405e-05,False,,,,2,0.5121951219512195,0.4878048780487805,0.024390243902439046,True,early_stopped_cleanly
synthetic_irrelevant_noise,43,classification,ablation,TST-v0,TST-v0,1024,100,ok,,tuned_tst_benchmark,,,,,,,,,,,12,0.6926306366920472,0.49022801302931596,0.4878048780487805,0.2928189388636937,0.36162520165774564,0.0024231349805354796,0.5035368800163269,9.538686572341248e-05,False,,,,2,0.5121951219512195,0.4878048780487805,0.024390243902439046,True,early_stopped_cleanly
synthetic_irrelevant_noise,43,classification,ablation,TST-v1-Gate,TST-v1-Gate,1024,100,ok,,tuned_tst_benchmark,,,,,,,,,,,1,1.9029388785362245,0.49022801302931596,0.4878048780487805,30.428705317436318,90.02107425637217,0.0024231349805354796,0.8414920568466187,0.0005276309093460441,True,0.19527563452720642,0.1870872527360916,0.0,2,0.5121951219512195,0.4878048780487805,0.024390243902439046,True,early_stopped_cleanly
synthetic_irrelevant_noise,43,classification,ablation,TST-v1-Gate,TST-v1-Gate,1024,100,ok,,tuned_tst_benchmark,,,,,,,,,,,2,0.8447296023368835,0.509771986970684,0.5121951219512195,2.0710998296727974,5.564532765354256,-0.0024231349805354796,0.3113468587398529,0.00019131621229462326,True,0.13433265686035156,0.12704624235630035,0.0,2,0.5121951219512195,0.4878048780487805,0.024390243902439046,True,early_stopped_cleanly
synthetic_irrelevant_noise,43,classification,ablation,TST-v1-Gate,TST-v1-Gate,1024,100,ok,,tuned_tst_benchmark,,,,,,,,,,,3,0.799308180809021,0.509771986970684,0.5121951219512195,1.9224896422789264,2.080000518983125,-0.0024231349805354796,0.31165429949760437,5.733892976422794e-05,True,0.0936034694314003,0.08766351640224457,0.78,2,0.5121951219512195,0.4878048780487805,0.024390243902439046,True,early_stopped_cleanly
synthetic_irrelevant_noise,43,classification,ablation,TST-v1-Gate,TST-v1-Gate,1024,100,ok,,tuned_tst_benchmark,,,,,,,,,,,4,0.7219328045845032,0.509771986970684,0.5121951219512195,1.0501133083739567,1.647388555197992,-0.0024231349805354796,0.4753105640411377,5.6392342230537906e-05,True,0.07196081429719925,0.0688498243689537,1.0,2,0.5121951219512195,0.4878048780487805,0.024390243902439046,True,early_stopped_cleanly
synthetic_irrelevant_noise,43,classification,ablation,TST-v1-Gate,TST-v1-Gate,1024,100,ok,,tuned_tst_benchmark,,,,,,,,,,,5,0.7018156886100769,0.49022801302931596,0.4878048780487805,0.4824457877483274,1.1777320710152095,0.0024231349805354796,0.5849102735519409,4.5757333282381296e-05,True,0.06113238260149956,0.05929820239543915,1.0,2,0.5121951219512195,0.4878048780487805,0.024390243902439046,True,early_stopped_cleanly
synthetic_irrelevant_noise,43,classification,ablation,TST-v1-Gate,TST-v1-Gate,1024,100,ok,,tuned_tst_benchmark,,,,,,,,,,,6,0.7107533574104309,0.49022801302931596,0.4878048780487805,0.8321260507302389,0.9973410531228011,0.0024231349805354796,0.5634869933128357,3.216053664800711e-05,True,0.05545968562364578,0.054396018385887146,1.0,2,0.5121951219512195,0.4878048780487805,0.024390243902439046,True,early_stopped_cleanly
synthetic_irrelevant_noise,43,classification,ablation,TST-v1-Gate,TST-v1-Gate,1024,100,ok,,tuned_tst_benchmark,,,,,,,,,,,7,0.6982435703277587,0.509771986970684,0.5121951219512195,0.4544139113724038,0.8343523462784397,-0.0024231349805354796,0.4967826306819916,2.1613866920233704e-05,True,0.05244402587413788,0.0515240803360939,1.0,2,0.5121951219512195,0.4878048780487805,0.024390243902439046,True,early_stopped_cleanly
synthetic_irrelevant_noise,43,classification,ablation,TST-v1-Gate,TST-v1-Gate,1024,100,ok,,tuned_tst_benchmark,,,,,,,,,,,8,0.6919073939323426,0.509771986970684,0.5121951219512195,0.42415934284467516,0.9354869514906254,-0.0024231349805354796,0.4576667845249176,1.4512016605294775e-05,True,0.05090644955635071,0.05012030899524689,1.0,2,0.5121951219512195,0.4878048780487805,0.024390243902439046,True,early_stopped_cleanly
synthetic_irrelevant_noise,43,classification,ablation,TST-v1-Gate,TST-v1-Gate,1024,100,ok,,tuned_tst_benchmark,,,,,,,,,,,9,0.6964455842971802,0.509771986970684,0.5121951219512195,0.41812717282831385,0.8827709320046023,-0.0024231349805354796,0.4489021897315979,1.2578682799357921e-05,True,0.05023450404405594,0.04955132678151131,1.0,2,0.5121951219512195,0.4878048780487805,0.024390243902439046,True,early_stopped_cleanly
synthetic_irrelevant_noise,43,classification,ablation,TST-v1-Gate,TST-v1-Gate,1024,100,ok,,tuned_tst_benchmark,,,,,,,,,,,10,0.6948985457420349,0.509771986970684,0.5121951219512195,0.2702974614293009,0.6297232381294848,-0.0024231349805354796,0.4726240932941437,1.2325535863055848e-05,True,0.05008557811379433,0.04940320551395416,1.0,2,0.5121951219512195,0.4878048780487805,0.024390243902439046,True,early_stopped_cleanly
synthetic_irrelevant_noise,43,classification,ablation,TST-v1-Gate,TST-v1-Gate,1024,100,ok,,tuned_tst_benchmark,,,,,,,,,,,11,0.6931902050971985,0.509771986970684,0.5121951219512195,0.5386850370948657,1.1007780487951966,-0.0024231349805354796,0.4924343526363373,1.216693635797128e-05,True,0.05025920271873474,0.049592554569244385,1.0,2,0.5121951219512195,0.4878048780487805,0.024390243902439046,True,early_stopped_cleanly
synthetic_irrelevant_noise,43,classification,ablation,TST-v1-Gate,TST-v1-Gate,1024,100,ok,,tuned_tst_benchmark,,,,,,,,,,,12,0.6929717898368836,0.49022801302931596,0.4878048780487805,0.3134249447580076,0.37619018772937607,0.0024231349805354796,0.5040413737297058,1.2094912563043181e-05,True,0.050634440034627914,0.049992531538009644,1.0,2,0.5121951219512195,0.4878048780487805,0.024390243902439046,True,early_stopped_cleanly
synthetic_irrelevant_noise,43,classification,ablation,TST-v3-MoE,TST-v3-MoE,1024,100,ok,,tuned_tst_benchmark,,,,,,,,,,,1,0.940786075592041,0.509771986970684,0.5121951219512195,1.7477081823706595,4.849296068979015,-0.0024231349805354796,0.39618074893951416,3.548312088241801e-05,True,0.18373550474643707,0.18373507261276245,0.0,1,0.5121951219512195,0.5121951219512195,0.0,True,early_stopped_cleanly
synthetic_irrelevant_noise,43,classification,ablation,TST-v3-MoE,TST-v3-MoE,1024,100,ok,,tuned_tst_benchmark,,,,,,,,,,,2,0.757045042514801,0.49022801302931596,0.4878048780487805,0.5433522966382205,1.2041460587839246,0.0024231349805354796,0.5181921720504761,7.804807864886243e-06,True,0.12315542995929718,0.12315584719181061,0.0,1,0.5121951219512195,0.5121951219512195,0.0,True,early_stopped_cleanly
synthetic_irrelevant_noise,43,classification,ablation,TST-v3-MoE,TST-v3-MoE,1024,100,ok,,tuned_tst_benchmark,,,,,,,,,,,3,0.7025048732757568,0.509771986970684,0.5121951219512195,0.37010918194418385,0.5560951907552608,-0.0024231349805354796,0.4903775751590729,3.114624178124359e-06,True,0.08486112952232361,0.08486178517341614,1.0,1,0.5121951219512195,0.5121951219512195,0.0,True,early_stopped_cleanly
synthetic_irrelevant_noise,43,classification,ablation,TST-v3-MoE,TST-v3-MoE,1024,100,ok,,tuned_tst_benchmark,,,,,,,,,,,4,0.69615318775177,0.509771986970684,0.5121951219512195,0.30439024420618477,0.5003317557379822,-0.0024231349805354796,0.46525683999061584,1.8914475958808907e-06,True,0.06657310575246811,0.06657381355762482,1.0,1,0.5121951219512195,0.5121951219512195,0.0,True,early_stopped_cleanly
synthetic_irrelevant_noise,43,classification,ablation,TST-v3-MoE,TST-v3-MoE,1024,100,ok,,tuned_tst_benchmark,,,,,,,,,,,5,0.6927672147750854,0.49022801302931596,0.4878048780487805,0.2401604208046008,0.548886055187975,0.0024231349805354796,0.5037239193916321,1.4637853382737376e-06,True,0.05742060765624046,0.057421255856752396,1.0,1,0.5121951219512195,0.5121951219512195,0.0,True,early_stopped_cleanly
synthetic_irrelevant_noise,43,classification,ablation,TST-v3-MoE,TST-v3-MoE,1024,100,ok,,tuned_tst_benchmark,,,,,,,,,,,6,0.6945078492164611,0.49022801302931596,0.4878048780487805,0.3537420046537666,0.7469256401439408,0.0024231349805354796,0.5137311816215515,1.2743445267915376e-06,True,0.05258093774318695,0.05258166790008545,1.0,1,0.5121951219512195,0.5121951219512195,0.0,True,early_stopped_cleanly
synthetic_irrelevant_noise,43,classification,ablation,TST-v3-MoE,TST-v3-MoE,1024,100,ok,,tuned_tst_benchmark,,,,,,,,,,,7,0.6940913915634155,0.509771986970684,0.5121951219512195,0.26862170498258037,0.48814942418991614,-0.0024231349805354796,0.4787159562110901,1.0931678389169974e-06,True,0.05001145228743553,0.05001235380768776,1.0,1,0.5121951219512195,0.5121951219512195,0.0,True,early_stopped_cleanly
synthetic_irrelevant_noise,43,classification,ablation,TST-v3-MoE,TST-v3-MoE,1024,100,ok,,tuned_tst_benchmark,,,,,,,,,,,8,0.6938966035842895,0.509771986970684,0.5121951219512195,0.15297409462450423,0.24856895375770727,-0.0024231349805354796,0.4747719466686249,1.0042401754617458e-06,True,0.04872472584247589,0.04872583597898483,1.0,1,0.5121951219512195,0.5121951219512195,0.0,True,early_stopped_cleanly
synthetic_irrelevant_noise,43,classification,ablation,TST-v3-MoE,TST-v3-MoE,1024,100,ok,,tuned_tst_benchmark,,,,,,,,,,,9,0.6941831707954407,0.509771986970684,0.5121951219512195,0.35975961179952154,0.7913472894634203,-0.0024231349805354796,0.48992249369621277,9.703178420750191e-07,True,0.04819639027118683,0.048197560012340546,1.0,1,0.5121951219512195,0.5121951219512195,0.0,True,early_stopped_cleanly
synthetic_irrelevant_noise,43,classification,ablation,TST-v3-MoE,TST-v3-MoE,1024,100,ok,,tuned_tst_benchmark,,,,,,,,,,,10,0.6954686164855957,0.49022801302931596,0.4878048780487805,0.3210579533900947,0.4710436751685008,0.0024231349805354796,0.5304062962532043,9.812515600060578e-07,True,0.048129331320524216,0.04813023656606674,1.0,1,0.5121951219512195,0.5121951219512195,0.0,True,early_stopped_cleanly
synthetic_irrelevant_noise,43,classification,ablation,TST-v3-MoE,TST-v3-MoE,1024,100,ok,,tuned_tst_benchmark,,,,,,,,,,,11,0.6954598665237427,0.509771986970684,0.5121951219512195,0.27293667097978486,0.796221416022004,-0.0024231349805354796,0.47802484035491943,9.199078476740397e-07,True,0.04834800586104393,0.04834902286529541,1.0,1,0.5121951219512195,0.5121951219512195,0.0,True,early_stopped_cleanly
synthetic_irrelevant_noise,43,classification,neural_baseline,FT-Transformer-style,local_ft_transformer,1024,100,ok,,tuned_tst_benchmark,,,,,,,,,,,1,0.9419761657714844,0.49022801302931596,0.4878048780487805,55.019767235885446,123.28237233784816,0.0024231349805354796,0.5420435070991516,0.009301835671067238,False,,,,37,0.9512195121951219,0.9365853658536586,0.014634146341463317,True,early_stopped_cleanly
synthetic_irrelevant_noise,43,classification,neural_baseline,FT-Transformer-style,local_ft_transformer,1024,100,ok,,tuned_tst_benchmark,,,,,,,,,,,2,0.7177083730697632,0.509771986970684,0.5121951219512195,2.996737355851237,5.345765048501033,-0.0024231349805354796,0.3443564176559448,0.004546438343822956,False,,,,37,0.9512195121951219,0.9365853658536586,0.014634146341463317,True,early_stopped_cleanly
synthetic_irrelevant_noise,43,classification,neural_baseline,FT-Transformer-style,local_ft_transformer,1024,100,ok,,tuned_tst_benchmark,,,,,,,,,,,3,0.7185953497886658,0.509771986970684,0.5121951219512195,2.2313091015362994,5.560083838911538,-0.0024231349805354796,0.45418986678123474,0.0037009217776358128,False,,,,37,0.9512195121951219,0.9365853658536586,0.014634146341463317,True,early_stopped_cleanly
synthetic_irrelevant_noise,43,classification,neural_baseline,FT-Transformer-style,local_ft_transformer,1024,100,ok,,tuned_tst_benchmark,,,,,,,,,,,4,0.6971072435379029,0.49022801302931596,0.4878048780487805,1.1494389553853765,2.4532052552230126,0.0024231349805354796,0.5483161211013794,0.003103602910414338,False,,,,37,0.9512195121951219,0.9365853658536586,0.014634146341463317,True,early_stopped_cleanly
synthetic_irrelevant_noise,43,classification,neural_baseline,FT-Transformer-style,local_ft_transformer,1024,100,ok,,tuned_tst_benchmark,,,,,,,,,,,5,0.7001311182975769,0.49022801302931596,0.4878048780487805,0.806726584552614,1.5753389073980815,0.0024231349805354796,0.5406534075737,0.002936298493295908,False,,,,37,0.9512195121951219,0.9365853658536586,0.014634146341463317,True,early_stopped_cleanly
synthetic_irrelevant_noise,43,classification,neural_baseline,FT-Transformer-style,local_ft_transformer,1024,100,ok,,tuned_tst_benchmark,,,,,,,,,,,6,0.6913558602333069,0.5456026058631922,0.5073170731707317,0.8101990397840432,1.445915207037575,0.03828553269246049,0.5037249326705933,0.002977740252390504,False,,,,37,0.9512195121951219,0.9365853658536586,0.014634146341463317,True,early_stopped_cleanly
synthetic_irrelevant_noise,43,classification,neural_baseline,FT-Transformer-style,local_ft_transformer,1024,100,ok,,tuned_tst_benchmark,,,,,,,,,,,7,0.6915672302246094,0.509771986970684,0.5121951219512195,0.5669572360693572,0.7889237049468422,-0.0024231349805354796,0.4626864492893219,0.0030746967531740665,False,,,,37,0.9512195121951219,0.9365853658536586,0.014634146341463317,True,early_stopped_cleanly
synthetic_irrelevant_noise,43,classification,neural_baseline,FT-Transformer-style,local_ft_transformer,1024,100,ok,,tuned_tst_benchmark,,,,,,,,,,,8,0.6946329116821289,0.509771986970684,0.5121951219512195,0.5564661026931347,1.2117111457212086,-0.0024231349805354796,0.4537145793437958,0.003212651936337352,False,,,,37,0.9512195121951219,0.9365853658536586,0.014634146341463317,True,early_stopped_cleanly
synthetic_irrelevant_noise,43,classification,neural_baseline,FT-Transformer-style,local_ft_transformer,1024,100,ok,,tuned_tst_benchmark,,,,,,,,,,,9,0.6947468161582947,0.509771986970684,0.5121951219512195,0.40927255833071713,0.7808744298749066,-0.0024231349805354796,0.48722097277641296,0.0033950908109545708,False,,,,37,0.9512195121951219,0.9365853658536586,0.014634146341463317,True,early_stopped_cleanly
synthetic_irrelevant_noise,43,classification,neural_baseline,FT-Transformer-style,local_ft_transformer,1024,100,ok,,tuned_tst_benchmark,,,,,,,,,,,10,0.6922429442405701,0.49022801302931596,0.4878048780487805,0.5926369219406291,0.9137351532767932,0.0024231349805354796,0.5229148864746094,0.0035778037272393703,False,,,,37,0.9512195121951219,0.9365853658536586,0.014634146341463317,True,early_stopped_cleanly
synthetic_irrelevant_noise,43,classification,neural_baseline,FT-Transformer-style,local_ft_transformer,1024,100,ok,,tuned_tst_benchmark,,,,,,,,,,,11,0.6918031334877014,0.5863192182410424,0.551219512195122,0.4007018078706047,0.7023934590607432,0.03509970604592039,0.504379391670227,0.0039236703887581825,False,,,,37,0.9512195121951219,0.9365853658536586,0.014634146341463317,True,early_stopped_cleanly
synthetic_irrelevant_noise,43,classification,neural_baseline,FT-Transformer-style,local_ft_transformer,1024,100,ok,,tuned_tst_benchmark,,,,,,,,,,,12,0.6925590753555297,0.509771986970684,0.5121951219512195,0.46608785542382386,0.8377974028658607,-0.0024231349805354796,0.48158442974090576,0.004363161511719227,False,,,,37,0.9512195121951219,0.9365853658536586,0.014634146341463317,True,early_stopped_cleanly
synthetic_irrelevant_noise,43,classification,neural_baseline,FT-Transformer-style,local_ft_transformer,1024,100,ok,,tuned_tst_benchmark,,,,,,,,,,,13,0.688197660446167,0.509771986970684,0.5121951219512195,0.3476624995789102,0.5711613375971155,-0.0024231349805354796,0.47022953629493713,0.0048773763701319695,False,,,,37,0.9512195121951219,0.9365853658536586,0.014634146341463317,True,early_stopped_cleanly
synthetic_irrelevant_noise,43,classification,neural_baseline,FT-Transformer-style,local_ft_transformer,1024,100,ok,,tuned_tst_benchmark,,,,,,,,,,,14,0.6907683491706849,0.509771986970684,0.5121951219512195,0.39069125045398273,0.6839325042488108,-0.0024231349805354796,0.48295858502388,0.005530414171516895,False,,,,37,0.9512195121951219,0.9365853658536586,0.014634146341463317,True,early_stopped_cleanly
synthetic_irrelevant_noise,43,classification,neural_baseline,FT-Transformer-style,local_ft_transformer,1024,100,ok,,tuned_tst_benchmark,,,,,,,,,,,15,0.6866490125656128,0.6807817589576547,0.5756097560975609,0.34454614398457506,0.4653584396727377,0.10517200286009376,0.4949849247932434,0.00640544667840004,False,,,,37,0.9512195121951219,0.9365853658536586,0.014634146341463317,True,early_stopped_cleanly
synthetic_irrelevant_noise,43,classification,neural_baseline,FT-Transformer-style,local_ft_transformer,1024,100,ok,,tuned_tst_benchmark,,,,,,,,,,,16,0.6865973353385926,0.739413680781759,0.6048780487804878,0.5786498741163534,0.8524287391624705,0.13453563200127117,0.5009742379188538,0.007682643365114927,False,,,,37,0.9512195121951219,0.9365853658536586,0.014634146341463317,True,early_stopped_cleanly
synthetic_irrelevant_noise,43,classification,neural_baseline,FT-Transformer-style,local_ft_transformer,1024,100,ok,,tuned_tst_benchmark,,,,,,,,,,,17,0.6855531692504883,0.5602605863192183,0.5609756097560976,0.43343304345548883,0.6772734875308574,-0.0007150234368793473,0.4812881350517273,0.010202488861978054,False,,,,37,0.9512195121951219,0.9365853658536586,0.014634146341463317,True,early_stopped_cleanly
synthetic_irrelevant_noise,43,classification,neural_baseline,FT-Transformer-style,local_ft_transformer,1024,100,ok,,tuned_tst_benchmark,,,,,,,,,,,18,0.6767493963241578,0.7247557003257329,0.6487804878048781,0.5439350399763214,0.8022622481675847,0.07597521252085482,0.4809233546257019,0.01841033063828945,False,,,,37,0.9512195121951219,0.9365853658536586,0.014634146341463317,True,early_stopped_cleanly
synthetic_irrelevant_noise,43,classification,neural_baseline,FT-Transformer-style,local_ft_transformer,1024,100,ok,,tuned_tst_benchmark,,,,,,,,,,,19,0.6560234069824219,0.7752442996742671,0.7853658536585366,0.7676492656035327,1.2628470914075034,-0.010121553984269505,0.46495896577835083,0.05162927880883217,False,,,,37,0.9512195121951219,0.9365853658536586,0.014634146341463317,True,early_stopped_cleanly
synthetic_irrelevant_noise,43,classification,neural_baseline,FT-Transformer-style,local_ft_transformer,1024,100,ok,,tuned_tst_benchmark,,,,,,,,,,,20,0.6116126179695129,0.7719869706840391,0.7804878048780488,1.1630179528270594,2.0593944969963545,-0.00850083419400971,0.4677141010761261,0.1197734996676445,False,,,,37,0.9512195121951219,0.9365853658536586,0.014634146341463317,True,early_stopped_cleanly
synthetic_irrelevant_noise,43,classification,neural_baseline,FT-Transformer-style,local_ft_transformer,1024,100,ok,,tuned_tst_benchmark,,,,,,,,,,,21,0.5405660986900329,0.7866449511400652,0.7951219512195122,1.1891509942018172,1.9314903612953251,-0.008477000079447072,0.4616873860359192,0.23372161388397217,False,,,,37,0.9512195121951219,0.9365853658536586,0.014634146341463317,True,early_stopped_cleanly
synthetic_irrelevant_noise,43,classification,neural_baseline,FT-Transformer-style,local_ft_transformer,1024,100,ok,,tuned_tst_benchmark,,,,,,,,,,,22,0.5235714972019195,0.7850162866449512,0.8097560975609757,1.3831174397907455,2.342166695379535,-0.024739810916024507,0.4477267861366272,0.32429853081703186,False,,,,37,0.9512195121951219,0.9365853658536586,0.014634146341463317,True,early_stopped_cleanly
synthetic_irrelevant_noise,43,classification,neural_baseline,FT-Transformer-style,local_ft_transformer,1024,100,ok,,tuned_tst_benchmark,,,,,,,,,,,23,0.4875915288925171,0.7915309446254072,0.8048780487804879,1.4518250290375554,1.6673098147501209,-0.013347104155080669,0.42918661236763,0.3348044455051422,False,,,,37,0.9512195121951219,0.9365853658536586,0.014634146341463317,True,early_stopped_cleanly
synthetic_irrelevant_noise,43,classification,neural_baseline,FT-Transformer-style,local_ft_transformer,1024,100,ok,,tuned_tst_benchmark,,,,,,,,,,,24,0.4954653799533844,0.7736156351791531,0.7853658536585366,2.1753224262651276,3.6553569708006286,-0.011750218479383512,0.4145698845386505,0.30173948407173157,False,,,,37,0.9512195121951219,0.9365853658536586,0.014634146341463317,True,early_stopped_cleanly
synthetic_irrelevant_noise,43,classification,neural_baseline,FT-Transformer-style,local_ft_transformer,1024,100,ok,,tuned_tst_benchmark,,,,,,,,,,,25,0.4692855179309845,0.7866449511400652,0.7902439024390244,1.5756741368718203,2.374425588779327,-0.003598951298959263,0.45727404952049255,0.2668168842792511,False,,,,37,0.9512195121951219,0.9365853658536586,0.014634146341463317,True,early_stopped_cleanly
synthetic_irrelevant_noise,43,classification,neural_baseline,FT-Transformer-style,local_ft_transformer,1024,100,ok,,tuned_tst_benchmark,,,,,,,,,,,26,0.4354122936725616,0.8143322475570033,0.8146341463414634,1.3458535483841718,2.4213013809031034,-0.0003018987844600751,0.4769754409790039,0.28683361411094666,False,,,,37,0.9512195121951219,0.9365853658536586,0.014634146341463317,True,early_stopped_cleanly
synthetic_irrelevant_noise,43,classification,neural_baseline,FT-Transformer-style,local_ft_transformer,1024,100,ok,,tuned_tst_benchmark,,,,,,,,,,,27,0.4032436966896057,0.8289902280130294,0.824390243902439,1.7647420408269798,3.0435673497576112,0.004599984110590372,0.42379575967788696,0.3205777108669281,False,,,,37,0.9512195121951219,0.9365853658536586,0.014634146341463317,True,early_stopped_cleanly
synthetic_irrelevant_noise,43,classification,neural_baseline,FT-Transformer-style,local_ft_transformer,1024,100,ok,,tuned_tst_benchmark,,,,,,,,,,,28,0.3418997943401337,0.9348534201954397,0.9073170731707317,3.7854076370723733,5.886488334381206,0.027536347024707974,0.4707840383052826,0.3660067319869995,False,,,,37,0.9512195121951219,0.9365853658536586,0.014634146341463317,True,early_stopped_cleanly
synthetic_irrelevant_noise,43,classification,neural_baseline,FT-Transformer-style,local_ft_transformer,1024,100,ok,,tuned_tst_benchmark,,,,,,,,,,,29,0.27808595895767213,0.9136807817589576,0.9024390243902439,3.832592282408096,5.8333466921703545,0.01124175736871369,0.4885770380496979,0.4140765964984894,False,,,,37,0.9512195121951219,0.9365853658536586,0.014634146341463317,True,early_stopped_cleanly
synthetic_irrelevant_noise,43,classification,neural_baseline,FT-Transformer-style,local_ft_transformer,1024,100,ok,,tuned_tst_benchmark,,,,,,,,,,,30,0.2823438286781311,0.9332247557003257,0.9170731707317074,4.911285223245471,8.615065139784507,0.01615158496861835,0.429849773645401,0.4123481214046478,False,,,,37,0.9512195121951219,0.9365853658536586,0.014634146341463317,True,early_stopped_cleanly
synthetic_irrelevant_noise,43,classification,neural_baseline,FT-Transformer-style,local_ft_transformer,1024,100,ok,,tuned_tst_benchmark,,,,,,,,,,,31,0.24885946810245513,0.9234527687296417,0.8926829268292683,4.93567279870946,8.696663709509476,0.03076984190037335,0.4233354926109314,0.40723952651023865,False,,,,37,0.9512195121951219,0.9365853658536586,0.014634146341463317,True,early_stopped_cleanly
synthetic_irrelevant_noise,43,classification,neural_baseline,FT-Transformer-style,local_ft_transformer,1024,100,ok,,tuned_tst_benchmark,,,,,,,,,,,32,0.21998020708560945,0.9429967426710097,0.9121951219512195,3.355879003996101,4.313199931579418,0.0308016207197902,0.42118626832962036,0.41229239106178284,False,,,,37,0.9512195121951219,0.9365853658536586,0.014634146341463317,True,early_stopped_cleanly
synthetic_irrelevant_noise,43,classification,neural_baseline,FT-Transformer-style,local_ft_transformer,1024,100,ok,,tuned_tst_benchmark,,,,,,,,,,,33,0.2206525295972824,0.9625407166123778,0.9219512195121952,6.354586923886776,12.829069605359381,0.04058949710018267,0.5105251669883728,0.4249458611011505,False,,,,37,0.9512195121951219,0.9365853658536586,0.014634146341463317,True,early_stopped_cleanly
synthetic_irrelevant_noise,43,classification,neural_baseline,FT-Transformer-style,local_ft_transformer,1024,100,ok,,tuned_tst_benchmark,,,,,,,,,,,34,0.18410664498806,0.9723127035830619,0.926829268292683,4.556452317798832,8.21025898919949,0.045483435290378904,0.46886590123176575,0.4311653971672058,False,,,,37,0.9512195121951219,0.9365853658536586,0.014634146341463317,True,early_stopped_cleanly
synthetic_irrelevant_noise,43,classification,neural_baseline,FT-Transformer-style,local_ft_transformer,1024,100,ok,,tuned_tst_benchmark,,,,,,,,,,,35,0.17713655531406403,0.9478827361563518,0.9024390243902439,4.626338139541994,7.674684024965993,0.04544371176610784,0.4087931513786316,0.4257213771343231,False,,,,37,0.9512195121951219,0.9365853658536586,0.014634146341463317,True,early_stopped_cleanly
synthetic_irrelevant_noise,43,classification,neural_baseline,FT-Transformer-style,local_ft_transformer,1024,100,ok,,tuned_tst_benchmark,,,,,,,,,,,36,0.1876897007226944,0.9739413680781759,0.8975609756097561,6.630014568246028,10.58349103791264,0.07638039246841977,0.4256279170513153,0.4311370849609375,False,,,,37,0.9512195121951219,0.9365853658536586,0.014634146341463317,True,early_stopped_cleanly
synthetic_irrelevant_noise,43,classification,neural_baseline,FT-Transformer-style,local_ft_transformer,1024,100,ok,,tuned_tst_benchmark,,,,,,,,,,,37,0.15938181877136232,0.9771986970684039,0.9512195121951219,4.094465448991895,5.3634502012569625,0.02597918487328199,0.5006377696990967,0.44803884625434875,False,,,,37,0.9512195121951219,0.9365853658536586,0.014634146341463317,True,early_stopped_cleanly
synthetic_irrelevant_noise,43,classification,neural_baseline,FT-Transformer-style,local_ft_transformer,1024,100,ok,,tuned_tst_benchmark,,,,,,,,,,,38,0.13479852676391602,0.9690553745928339,0.9121951219512195,3.8622134637653587,5.874324322629764,0.05686025264161432,0.43415096402168274,0.4436309337615967,False,,,,37,0.9512195121951219,0.9365853658536586,0.014634146341463317,True,early_stopped_cleanly
synthetic_irrelevant_noise,43,classification,neural_baseline,FT-Transformer-style,local_ft_transformer,1024,100,ok,,tuned_tst_benchmark,,,,,,,,,,,39,0.1480655178427696,0.9706840390879479,0.9512195121951219,5.4877066222682815,6.799681560260483,0.019464526892825962,0.51079922914505,0.4568832218647003,False,,,,37,0.9512195121951219,0.9365853658536586,0.014634146341463317,True,early_stopped_cleanly
synthetic_irrelevant_noise,43,classification,neural_baseline,FT-Transformer-style,local_ft_transformer,1024,100,ok,,tuned_tst_benchmark,,,,,,,,,,,40,0.19707138538360597,0.9723127035830619,0.926829268292683,6.67556514213658,9.200095034063164,0.045483435290378904,0.44428324699401855,0.45139020681381226,False,,,,37,0.9512195121951219,0.9365853658536586,0.014634146341463317,True,early_stopped_cleanly
synthetic_irrelevant_noise,43,classification,neural_baseline,FT-Transformer-style,local_ft_transformer,1024,100,ok,,tuned_tst_benchmark,,,,,,,,,,,41,0.12470971941947936,0.9674267100977199,0.9170731707317074,5.752459719096735,8.861438142454285,0.0503535393660125,0.43206536769866943,0.44902750849723816,False,,,,37,0.9512195121951219,0.9365853658536586,0.014634146341463317,True,early_stopped_cleanly
synthetic_irrelevant_noise,43,classification,neural_baseline,FT-Transformer-style,local_ft_transformer,1024,100,ok,,tuned_tst_benchmark,,,,,,,,,,,42,0.14519214481115342,0.9690553745928339,0.9219512195121952,6.630491966683604,8.73443032838276,0.0471041550806387,0.5283830761909485,0.4576285481452942,False,,,,37,0.9512195121951219,0.9365853658536586,0.014634146341463317,True,early_stopped_cleanly
synthetic_irrelevant_noise,43,classification,neural_baseline,FT-Transformer-style,local_ft_transformer,1024,100,ok,,tuned_tst_benchmark,,,,,,,,,,,43,0.13378756046295165,0.9771986970684039,0.9317073170731708,5.800002910614687,10.756617521824818,0.04549137999523312,0.45847681164741516,0.45997825264930725,False,,,,37,0.9512195121951219,0.9365853658536586,0.014634146341463317,True,early_stopped_cleanly
synthetic_irrelevant_noise,43,classification,neural_baseline,FT-Transformer-style,local_ft_transformer,1024,100,ok,,tuned_tst_benchmark,,,,,,,,,,,44,0.11494108140468598,0.9869706840390879,0.9317073170731708,2.9271054685094464,4.990208032020284,0.05526336696591716,0.4574849307537079,0.46132031083106995,False,,,,37,0.9512195121951219,0.9365853658536586,0.014634146341463317,True,early_stopped_cleanly
synthetic_irrelevant_noise,43,classification,neural_baseline,FT-Transformer-style,local_ft_transformer,1024,100,ok,,tuned_tst_benchmark,,,,,,,,,,,45,0.11643220633268356,0.99185667752443,0.926829268292683,3.724835624602565,5.029951046558178,0.06502740923174699,0.48451969027519226,0.4614452123641968,False,,,,37,0.9512195121951219,0.9365853658536586,0.014634146341463317,True,early_stopped_cleanly
synthetic_irrelevant_noise,43,classification,neural_baseline,FT-Transformer-style,local_ft_transformer,1024,100,ok,,tuned_tst_benchmark,,,,,,,,,,,46,0.0899495780467987,0.990228013029316,0.9414634146341463,3.647788769072625,4.875780422350941,0.04876459839516967,0.46684619784355164,0.4638530910015106,False,,,,37,0.9512195121951219,0.9365853658536586,0.014634146341463317,True,early_stopped_cleanly
synthetic_irrelevant_noise,43,classification,neural_baseline,FT-Transformer-style,local_ft_transformer,1024,100,ok,,tuned_tst_benchmark,,,,,,,,,,,47,0.09631754606962203,0.988599348534202,0.9365853658536586,3.5984442142545587,8.154876310828975,0.05201398268054336,0.4751356244087219,0.46836933493614197,False,,,,37,0.9512195121951219,0.9365853658536586,0.014634146341463317,True,early_stopped_cleanly
synthetic_irrelevant_noise,43,classification,ablation,TST,TST-v0-tuned,1024,100,ok,,tuned_tst_benchmark,TST-v0,tst_v0_lr_3e-4,3e-4,val_accuracy,maximize,0.878049,45,3,"1e-4,3e-4,1e-3",lr_only,1,1.1940553545951844,0.509771986970684,0.5121951219512195,28.007227204624325,46.08866850262932,-0.0024231349805354796,0.34117311239242554,0.024032186716794968,False,,,,45,0.8780487804878049,0.8634146341463415,0.014634146341463428,False,underfit
synthetic_irrelevant_noise,43,classification,ablation,TST,TST-v0-tuned,1024,100,ok,,tuned_tst_benchmark,TST-v0,tst_v0_lr_3e-4,3e-4,val_accuracy,maximize,0.878049,45,3,"1e-4,3e-4,1e-3",lr_only,2,0.7897292852401734,0.509771986970684,0.5121951219512195,8.895846976843242,13.366624495196012,-0.0024231349805354796,0.33280616998672485,0.011568511836230755,False,,,,45,0.8780487804878049,0.8634146341463415,0.014634146341463428,False,underfit
synthetic_irrelevant_noise,43,classification,ablation,TST,TST-v0-tuned,1024,100,ok,,tuned_tst_benchmark,TST-v0,tst_v0_lr_3e-4,3e-4,val_accuracy,maximize,0.878049,45,3,"1e-4,3e-4,1e-3",lr_only,3,0.7019543290138245,0.49022801302931596,0.4878048780487805,1.8470109526730412,3.685953715767795,0.0024231349805354796,0.5407460927963257,0.00784412119537592,False,,,,45,0.8780487804878049,0.8634146341463415,0.014634146341463428,False,underfit
synthetic_irrelevant_noise,43,classification,ablation,TST,TST-v0-tuned,1024,100,ok,,tuned_tst_benchmark,TST-v0,tst_v0_lr_3e-4,3e-4,val_accuracy,maximize,0.878049,45,3,"1e-4,3e-4,1e-3",lr_only,4,0.7000349164009094,0.49022801302931596,0.4878048780487805,1.49612616432435,2.548045723651266,0.0024231349805354796,0.5930830836296082,0.00589570589363575,False,,,,45,0.8780487804878049,0.8634146341463415,0.014634146341463428,False,underfit
synthetic_irrelevant_noise,43,classification,ablation,TST,TST-v0-tuned,1024,100,ok,,tuned_tst_benchmark,TST-v0,tst_v0_lr_3e-4,3e-4,val_accuracy,maximize,0.878049,45,3,"1e-4,3e-4,1e-3",lr_only,5,0.7040324449539185,0.49022801302931596,0.4878048780487805,1.4862675783804977,2.3379078245527283,0.0024231349805354796,0.5443352460861206,0.005578437354415655,False,,,,45,0.8780487804878049,0.8634146341463415,0.014634146341463428,False,underfit
synthetic_irrelevant_noise,43,classification,ablation,TST,TST-v0-tuned,1024,100,ok,,tuned_tst_benchmark,TST-v0,tst_v0_lr_3e-4,3e-4,val_accuracy,maximize,0.878049,45,3,"1e-4,3e-4,1e-3",lr_only,6,0.6898701190948486,0.509771986970684,0.5121951219512195,0.5927171900354491,1.0764741627224566,-0.0024231349805354796,0.46608811616897583,0.005561633501201868,False,,,,45,0.8780487804878049,0.8634146341463415,0.014634146341463428,False,underfit
synthetic_irrelevant_noise,43,classification,ablation,TST,TST-v0-tuned,1024,100,ok,,tuned_tst_benchmark,TST-v0,tst_v0_lr_3e-4,3e-4,val_accuracy,maximize,0.878049,45,3,"1e-4,3e-4,1e-3",lr_only,7,0.6915151834487915,0.509771986970684,0.5121951219512195,0.622992025854755,1.378240967218353,-0.0024231349805354796,0.4411645531654358,0.005559179000556469,False,,,,45,0.8780487804878049,0.8634146341463415,0.014634146341463428,False,underfit
synthetic_irrelevant_noise,43,classification,ablation,TST,TST-v0-tuned,1024,100,ok,,tuned_tst_benchmark,TST-v0,tst_v0_lr_3e-4,3e-4,val_accuracy,maximize,0.878049,45,3,"1e-4,3e-4,1e-3",lr_only,8,0.6927165031433106,0.509771986970684,0.5121951219512195,1.0572501590367174,2.3325591804394676,-0.0024231349805354796,0.47543394565582275,0.005659709684550762,False,,,,45,0.8780487804878049,0.8634146341463415,0.014634146341463428,False,underfit
synthetic_irrelevant_noise,43,classification,ablation,TST,TST-v0-tuned,1024,100,ok,,tuned_tst_benchmark,TST-v0,tst_v0_lr_3e-4,3e-4,val_accuracy,maximize,0.878049,45,3,"1e-4,3e-4,1e-3",lr_only,9,0.688284158706665,0.6905537459283387,0.6390243902439025,0.6326768975004924,1.1642518851803287,0.051529355684436284,0.5007184147834778,0.005844572093337774,False,,,,45,0.8780487804878049,0.8634146341463415,0.014634146341463428,False,underfit
synthetic_irrelevant_noise,43,classification,ablation,TST,TST-v0-tuned,1024,100,ok,,tuned_tst_benchmark,TST-v0,tst_v0_lr_3e-4,3e-4,val_accuracy,maximize,0.878049,45,3,"1e-4,3e-4,1e-3",lr_only,10,0.6877581715583801,0.5863192182410424,0.5560975609756098,0.40078156625297723,0.7766325648747572,0.030221657265432578,0.5074627995491028,0.006161608267575502,False,,,,45,0.8780487804878049,0.8634146341463415,0.014634146341463428,False,underfit
synthetic_irrelevant_noise,43,classification,ablation,TST,TST-v0-tuned,1024,100,ok,,tuned_tst_benchmark,TST-v0,tst_v0_lr_3e-4,3e-4,val_accuracy,maximize,0.878049,45,3,"1e-4,3e-4,1e-3",lr_only,11,0.6887687087059021,0.5423452768729642,0.5170731707317073,0.9347213292279415,2.34719222738526,0.025272106141256856,0.4878300130367279,0.006645639892667532,False,,,,45,0.8780487804878049,0.8634146341463415,0.014634146341463428,False,underfit
synthetic_irrelevant_noise,43,classification,ablation,TST,TST-v0-tuned,1024,100,ok,,tuned_tst_benchmark,TST-v0,tst_v0_lr_3e-4,3e-4,val_accuracy,maximize,0.878049,45,3,"1e-4,3e-4,1e-3",lr_only,12,0.6878098487854004,0.5211726384364821,0.5073170731707317,0.6250000972391696,0.9823800886487141,0.01385556526575038,0.4821620285511017,0.00718694319948554,False,,,,45,0.8780487804878049,0.8634146341463415,0.014634146341463428,False,underfit
synthetic_irrelevant_noise,43,classification,ablation,TST,TST-v0-tuned,1024,100,ok,,tuned_tst_benchmark,TST-v0,tst_v0_lr_3e-4,3e-4,val_accuracy,maximize,0.878049,45,3,"1e-4,3e-4,1e-3",lr_only,13,0.68685941696167,0.7133550488599348,0.6682926829268293,0.5125879294249265,1.2846079187928994,0.04506236593310553,0.501678466796875,0.007738722953945398,False,,,,45,0.8780487804878049,0.8634146341463415,0.014634146341463428,False,underfit
synthetic_irrelevant_noise,43,classification,ablation,TST,TST-v0-tuned,1024,100,ok,,tuned_tst_benchmark,TST-v0,tst_v0_lr_3e-4,3e-4,val_accuracy,maximize,0.878049,45,3,"1e-4,3e-4,1e-3",lr_only,14,0.6847434163093566,0.6921824104234527,0.6487804878048781,0.7212248478131966,1.283960971038598,0.04340192261857467,0.4971015751361847,0.00850780587643385,False,,,,45,0.8780487804878049,0.8634146341463415,0.014634146341463428,False,underfit
synthetic_irrelevant_noise,43,classification,ablation,TST,TST-v0-tuned,1024,100,ok,,tuned_tst_benchmark,TST-v0,tst_v0_lr_3e-4,3e-4,val_accuracy,maximize,0.878049,45,3,"1e-4,3e-4,1e-3",lr_only,15,0.6844630479812622,0.5635179153094463,0.5414634146341464,0.687461053244224,0.8429297710035687,0.022054500675299904,0.48533037304878235,0.00946031790226698,False,,,,45,0.8780487804878049,0.8634146341463415,0.014634146341463428,False,underfit
synthetic_irrelevant_noise,43,classification,ablation,TST,TST-v0-tuned,1024,100,ok,,tuned_tst_benchmark,TST-v0,tst_v0_lr_3e-4,3e-4,val_accuracy,maximize,0.878049,45,3,"1e-4,3e-4,1e-3",lr_only,16,0.6834396839141845,0.5830618892508144,0.5560975609756098,0.9004634044389437,1.7807167478296184,0.026964328275204563,0.4853309094905853,0.010551772080361843,False,,,,45,0.8780487804878049,0.8634146341463415,0.014634146341463428,False,underfit
synthetic_irrelevant_noise,43,classification,ablation,TST,TST-v0-tuned,1024,100,ok,,tuned_tst_benchmark,TST-v0,tst_v0_lr_3e-4,3e-4,val_accuracy,maximize,0.878049,45,3,"1e-4,3e-4,1e-3",lr_only,17,0.6816889643669128,0.6856677524429967,0.6146341463414634,0.840293339141198,2.1277634619206443,0.07103360610153331,0.49166804552078247,0.01186320185661316,False,,,,45,0.8780487804878049,0.8634146341463415,0.014634146341463428,False,underfit
synthetic_irrelevant_noise,43,classification,ablation,TST,TST-v0-tuned,1024,100,ok,,tuned_tst_benchmark,TST-v0,tst_v0_lr_3e-4,3e-4,val_accuracy,maximize,0.878049,45,3,"1e-4,3e-4,1e-3",lr_only,18,0.6797450304031372,0.6742671009771987,0.5853658536585366,0.7385379776532738,1.338610091149982,0.08890124731866211,0.48944419622421265,0.013471479527652264,False,,,,45,0.8780487804878049,0.8634146341463415,0.014634146341463428,False,underfit
synthetic_irrelevant_noise,43,classification,ablation,TST,TST-v0-tuned,1024,100,ok,,tuned_tst_benchmark,TST-v0,tst_v0_lr_3e-4,3e-4,val_accuracy,maximize,0.878049,45,3,"1e-4,3e-4,1e-3",lr_only,19,0.6789545297622681,0.6351791530944625,0.5804878048780487,0.9054972641919374,1.8331492669963532,0.05469134821641375,0.48318207263946533,0.015605087392032146,False,,,,45,0.8780487804878049,0.8634146341463415,0.014634146341463428,False,underfit
synthetic_irrelevant_noise,43,classification,ablation,TST,TST-v0-tuned,1024,100,ok,,tuned_tst_benchmark,TST-v0,tst_v0_lr_3e-4,3e-4,val_accuracy,maximize,0.878049,45,3,"1e-4,3e-4,1e-3",lr_only,20,0.6751086950302124,0.7361563517915309,0.6731707317073171,0.4798679765232845,0.8113775651162018,0.06298562008421382,0.4967429041862488,0.018122872337698936,False,,,,45,0.8780487804878049,0.8634146341463415,0.014634146341463428,False,underfit
synthetic_irrelevant_noise,43,classification,ablation,TST,TST-v0-tuned,1024,100,ok,,tuned_tst_benchmark,TST-v0,tst_v0_lr_3e-4,3e-4,val_accuracy,maximize,0.878049,45,3,"1e-4,3e-4,1e-3",lr_only,21,0.6727228879928588,0.7198697068403909,0.6390243902439025,1.0737091658979503,1.6514763763288358,0.08084531659648841,0.489644855260849,0.021677792072296143,False,,,,45,0.8780487804878049,0.8634146341463415,0.014634146341463428,False,underfit
synthetic_irrelevant_noise,43,classification,ablation,TST,TST-v0-tuned,1024,100,ok,,tuned_tst_benchmark,TST-v0,tst_v0_lr_3e-4,3e-4,val_accuracy,maximize,0.878049,45,3,"1e-4,3e-4,1e-3",lr_only,22,0.6677178621292115,0.6742671009771987,0.5951219512195122,0.5458903235187471,1.1405782031497846,0.0791451497576865,0.47819608449935913,0.02645760588347912,False,,,,45,0.8780487804878049,0.8634146341463415,0.014634146341463428,False,underfit
synthetic_irrelevant_noise,43,classification,ablation,TST,TST-v0-tuned,1024,100,ok,,tuned_tst_benchmark,TST-v0,tst_v0_lr_3e-4,3e-4,val_accuracy,maximize,0.878049,45,3,"1e-4,3e-4,1e-3",lr_only,23,0.6618111252784729,0.7345276872964169,0.6536585365853659,0.8050234209982307,1.6944452676333608,0.08086915071105105,0.4873453974723816,0.032596610486507416,False,,,,45,0.8780487804878049,0.8634146341463415,0.014634146341463428,False,underfit
synthetic_irrelevant_noise,43,classification,ablation,TST,TST-v0-tuned,1024,100,ok,,tuned_tst_benchmark,TST-v0,tst_v0_lr_3e-4,3e-4,val_accuracy,maximize,0.878049,45,3,"1e-4,3e-4,1e-3",lr_only,24,0.6563583016395569,0.757328990228013,0.7170731707317073,1.8394941347098441,2.89610680302632,0.040255819496305745,0.5017722249031067,0.041180066764354706,False,,,,45,0.8780487804878049,0.8634146341463415,0.014634146341463428,False,underfit
synthetic_irrelevant_noise,43,classification,ablation,TST,TST-v0-tuned,1024,100,ok,,tuned_tst_benchmark,TST-v0,tst_v0_lr_3e-4,3e-4,val_accuracy,maximize,0.878049,45,3,"1e-4,3e-4,1e-3",lr_only,25,0.6443426370620727,0.6644951140065146,0.5804878048780487,1.9146544397481002,5.115553160283354,0.08400730912846588,0.445263534784317,0.05549352616071701,False,,,,45,0.8780487804878049,0.8634146341463415,0.014634146341463428,False,underfit
synthetic_irrelevant_noise,43,classification,ablation,TST,TST-v0-tuned,1024,100,ok,,tuned_tst_benchmark,TST-v0,tst_v0_lr_3e-4,3e-4,val_accuracy,maximize,0.878049,45,3,"1e-4,3e-4,1e-3",lr_only,26,0.629490852355957,0.760586319218241,0.7073170731707317,2.5547003275758122,4.39968663854435,0.05326924604750938,0.5278060436248779,0.07157009840011597,False,,,,45,0.8780487804878049,0.8634146341463415,0.014634146341463428,False,underfit
synthetic_irrelevant_noise,43,classification,ablation,TST,TST-v0-tuned,1024,100,ok,,tuned_tst_benchmark,TST-v0,tst_v0_lr_3e-4,3e-4,val_accuracy,maximize,0.878049,45,3,"1e-4,3e-4,1e-3",lr_only,27,0.5985302090644836,0.7638436482084691,0.6780487804878049,2.298563399797135,3.1430955381813233,0.08579486772066414,0.44664090871810913,0.108558788895607,False,,,,45,0.8780487804878049,0.8634146341463415,0.014634146341463428,False,underfit
synthetic_irrelevant_noise,43,classification,ablation,TST,TST-v0-tuned,1024,100,ok,,tuned_tst_benchmark,TST-v0,tst_v0_lr_3e-4,3e-4,val_accuracy,maximize,0.878049,45,3,"1e-4,3e-4,1e-3",lr_only,28,0.551970386505127,0.7964169381107492,0.7609756097560976,3.750876171602948,6.573097097753329,0.035441328354651636,0.4877338707447052,0.16705308854579926,False,,,,45,0.8780487804878049,0.8634146341463415,0.014634146341463428,False,underfit
synthetic_irrelevant_noise,43,classification,ablation,TST,TST-v0-tuned,1024,100,ok,,tuned_tst_benchmark,TST-v0,tst_v0_lr_3e-4,3e-4,val_accuracy,maximize,0.878049,45,3,"1e-4,3e-4,1e-3",lr_only,29,0.4837849080562592,0.7964169381107492,0.7560975609756098,4.885239172869719,6.688335843163214,0.040319377135139445,0.4027494788169861,0.2502100169658661,False,,,,45,0.8780487804878049,0.8634146341463415,0.014634146341463428,False,underfit
synthetic_irrelevant_noise,43,classification,ablation,TST,TST-v0-tuned,1024,100,ok,,tuned_tst_benchmark,TST-v0,tst_v0_lr_3e-4,3e-4,val_accuracy,maximize,0.878049,45,3,"1e-4,3e-4,1e-3",lr_only,30,0.43230679631233215,0.8143322475570033,0.7609756097560976,7.791410506051635,14.250430644987292,0.053356637800905715,0.5019919276237488,0.32453033328056335,False,,,,45,0.8780487804878049,0.8634146341463415,0.014634146341463428,False,underfit
synthetic_irrelevant_noise,43,classification,ablation,TST,TST-v0-tuned,1024,100,ok,,tuned_tst_benchmark,TST-v0,tst_v0_lr_3e-4,3e-4,val_accuracy,maximize,0.878049,45,3,"1e-4,3e-4,1e-3",lr_only,31,0.39400548934936525,0.8338762214983714,0.7804878048780488,7.980367778396325,13.356070787850737,0.053388416620322565,0.5717735886573792,0.3371555209159851,False,,,,45,0.8780487804878049,0.8634146341463415,0.014634146341463428,False,underfit
synthetic_irrelevant_noise,43,classification,ablation,TST,TST-v0-tuned,1024,100,ok,,tuned_tst_benchmark,TST-v0,tst_v0_lr_3e-4,3e-4,val_accuracy,maximize,0.878049,45,3,"1e-4,3e-4,1e-3",lr_only,32,0.3642804980278015,0.8110749185667753,0.7853658536585366,20.203036256877894,32.1083806126029,0.025709064908238655,0.6213025450706482,0.3416331112384796,False,,,,45,0.8780487804878049,0.8634146341463415,0.014634146341463428,False,underfit
synthetic_irrelevant_noise,43,classification,ablation,TST,TST-v0-tuned,1024,100,ok,,tuned_tst_benchmark,TST-v0,tst_v0_lr_3e-4,3e-4,val_accuracy,maximize,0.878049,45,3,"1e-4,3e-4,1e-3",lr_only,33,0.31197900474071505,0.8550488599348535,0.8195121951219512,20.825603341035354,27.033886055091774,0.0355366648129023,0.5868313908576965,0.3746062219142914,False,,,,45,0.8780487804878049,0.8634146341463415,0.014634146341463428,False,underfit
synthetic_irrelevant_noise,43,classification,ablation,TST,TST-v0-tuned,1024,100,ok,,tuned_tst_benchmark,TST-v0,tst_v0_lr_3e-4,3e-4,val_accuracy,maximize,0.878049,45,3,"1e-4,3e-4,1e-3",lr_only,34,0.27967971563339233,0.8990228013029316,0.8146341463414634,13.809470462181261,22.44463615443283,0.08438865496146819,0.5197659134864807,0.3928336799144745,False,,,,45,0.8780487804878049,0.8634146341463415,0.014634146341463428,False,underfit
synthetic_irrelevant_noise,43,classification,ablation,TST,TST-v0-tuned,1024,100,ok,,tuned_tst_benchmark,TST-v0,tst_v0_lr_3e-4,3e-4,val_accuracy,maximize,0.878049,45,3,"1e-4,3e-4,1e-3",lr_only,35,0.23352737724781036,0.9120521172638436,0.8,4.100404493662714,6.277818421694372,0.11205211726384356,0.49891626834869385,0.39430397748947144,False,,,,45,0.8780487804878049,0.8634146341463415,0.014634146341463428,False,underfit
synthetic_irrelevant_noise,43,classification,ablation,TST,TST-v0-tuned,1024,100,ok,,tuned_tst_benchmark,TST-v0,tst_v0_lr_3e-4,3e-4,val_accuracy,maximize,0.878049,45,3,"1e-4,3e-4,1e-3",lr_only,36,0.21891923546791076,0.8908794788273615,0.848780487804878,12.36555975247451,22.800856681328753,0.04209899102248349,0.5734376311302185,0.4094950556755066,False,,,,45,0.8780487804878049,0.8634146341463415,0.014634146341463428,False,underfit
synthetic_irrelevant_noise,43,classification,ablation,TST,TST-v0-tuned,1024,100,ok,,tuned_tst_benchmark,TST-v0,tst_v0_lr_3e-4,3e-4,val_accuracy,maximize,0.878049,45,3,"1e-4,3e-4,1e-3",lr_only,37,0.211422598361969,0.8957654723127035,0.8439024390243902,22.784929690894177,26.34403415975245,0.05186303328831332,0.5819612145423889,0.41930684447288513,False,,,,45,0.8780487804878049,0.8634146341463415,0.014634146341463428,False,underfit
synthetic_irrelevant_noise,43,classification,ablation,TST,TST-v0-tuned,1024,100,ok,,tuned_tst_benchmark,TST-v0,tst_v0_lr_3e-4,3e-4,val_accuracy,maximize,0.878049,45,3,"1e-4,3e-4,1e-3",lr_only,38,0.2074838787317276,0.9120521172638436,0.848780487804878,32.640861153952635,54.49110346676828,0.06327162945896558,0.39309120178222656,0.4144536256790161,False,,,,45,0.8780487804878049,0.8634146341463415,0.014634146341463428,False,underfit
synthetic_irrelevant_noise,43,classification,ablation,TST,TST-v0-tuned,1024,100,ok,,tuned_tst_benchmark,TST-v0,tst_v0_lr_3e-4,3e-4,val_accuracy,maximize,0.878049,45,3,"1e-4,3e-4,1e-3",lr_only,39,0.24459846019744874,0.9250814332247557,0.8634146341463415,47.46549714152259,77.83709833289713,0.061666799078414214,0.5236549377441406,0.42540737986564636,False,,,,45,0.8780487804878049,0.8634146341463415,0.014634146341463428,False,underfit
synthetic_irrelevant_noise,43,classification,ablation,TST,TST-v0-tuned,1024,100,ok,,tuned_tst_benchmark,TST-v0,tst_v0_lr_3e-4,3e-4,val_accuracy,maximize,0.878049,45,3,"1e-4,3e-4,1e-3",lr_only,40,0.18216122984886168,0.9543973941368078,0.8536585365853658,22.410150390396716,38.51094305169874,0.10073885755144196,0.45794478058815,0.41272836923599243,False,,,,45,0.8780487804878049,0.8634146341463415,0.014634146341463428,False,underfit
synthetic_irrelevant_noise,43,classification,ablation,TST,TST-v0-tuned,1024,100,ok,,tuned_tst_benchmark,TST-v0,tst_v0_lr_3e-4,3e-4,val_accuracy,maximize,0.878049,45,3,"1e-4,3e-4,1e-3",lr_only,41,0.15565477311611176,0.9641693811074918,0.8585365853658536,13.824038611233718,21.647736180271515,0.1056327957416382,0.45092326402664185,0.4171689450740814,False,,,,45,0.8780487804878049,0.8634146341463415,0.014634146341463428,False,underfit
synthetic_irrelevant_noise,43,classification,ablation,TST,TST-v0-tuned,1024,100,ok,,tuned_tst_benchmark,TST-v0,tst_v0_lr_3e-4,3e-4,val_accuracy,maximize,0.878049,45,3,"1e-4,3e-4,1e-3",lr_only,42,0.144423308968544,0.9511400651465798,0.8536585365853658,20.259182233728847,26.981906707958412,0.09748152856121395,0.5170871615409851,0.4306873679161072,False,,,,45,0.8780487804878049,0.8634146341463415,0.014634146341463428,False,underfit
synthetic_irrelevant_noise,43,classification,ablation,TST,TST-v0-tuned,1024,100,ok,,tuned_tst_benchmark,TST-v0,tst_v0_lr_3e-4,3e-4,val_accuracy,maximize,0.878049,45,3,"1e-4,3e-4,1e-3",lr_only,43,0.12248085290193558,0.9218241042345277,0.8634146341463415,19.971528726145788,31.596685012818693,0.0584094700881862,0.5491242408752441,0.4473690092563629,False,,,,45,0.8780487804878049,0.8634146341463415,0.014634146341463428,False,underfit
synthetic_irrelevant_noise,43,classification,ablation,TST,TST-v0-tuned,1024,100,ok,,tuned_tst_benchmark,TST-v0,tst_v0_lr_3e-4,3e-4,val_accuracy,maximize,0.878049,45,3,"1e-4,3e-4,1e-3",lr_only,44,0.11194118186831474,0.9674267100977199,0.848780487804878,22.89937628461606,29.536893174922735,0.11864622229284183,0.4954076111316681,0.4550679326057434,False,,,,45,0.8780487804878049,0.8634146341463415,0.014634146341463428,False,underfit
synthetic_irrelevant_noise,43,classification,ablation,TST,TST-v0-tuned,1024,100,ok,,tuned_tst_benchmark,TST-v0,tst_v0_lr_3e-4,3e-4,val_accuracy,maximize,0.878049,45,3,"1e-4,3e-4,1e-3",lr_only,45,0.11557767689228057,0.9739413680781759,0.8780487804878049,36.78083192335494,60.72746564584802,0.095892587590371,0.44786107540130615,0.4525777995586395,False,,,,45,0.8780487804878049,0.8634146341463415,0.014634146341463428,False,underfit
synthetic_irrelevant_noise,43,classification,ablation,TST,TST-v0-tuned,1024,100,ok,,tuned_tst_benchmark,TST-v0,tst_v0_lr_3e-4,3e-4,val_accuracy,maximize,0.878049,45,3,"1e-4,3e-4,1e-3",lr_only,46,0.16744956970214844,0.9788273615635179,0.8634146341463415,54.33742438376946,64.56685202532589,0.11541272741717645,0.45467957854270935,0.4297454357147217,False,,,,45,0.8780487804878049,0.8634146341463415,0.014634146341463428,False,underfit
synthetic_irrelevant_noise,43,classification,ablation,TST,TST-v0-tuned,1024,100,ok,,tuned_tst_benchmark,TST-v0,tst_v0_lr_3e-4,3e-4,val_accuracy,maximize,0.878049,45,3,"1e-4,3e-4,1e-3",lr_only,47,0.16099694669246672,0.9576547231270358,0.8439024390243902,36.71759507322874,41.60317927685196,0.1137522841026456,0.3892904222011566,0.4146234095096588,False,,,,45,0.8780487804878049,0.8634146341463415,0.014634146341463428,False,underfit
synthetic_irrelevant_noise,43,classification,ablation,TST,TST-v0-tuned,1024,100,ok,,tuned_tst_benchmark,TST-v0,tst_v0_lr_3e-4,3e-4,val_accuracy,maximize,0.878049,45,3,"1e-4,3e-4,1e-3",lr_only,48,0.16272332072257994,0.9625407166123778,0.8682926829268293,29.531112652915816,42.26531318103831,0.09424803368554857,0.49234041571617126,0.43030017614364624,False,,,,45,0.8780487804878049,0.8634146341463415,0.014634146341463428,False,underfit
synthetic_irrelevant_noise,43,classification,ablation,TST,TST-v0-tuned,1024,100,ok,,tuned_tst_benchmark,TST-v0,tst_v0_lr_3e-4,3e-4,val_accuracy,maximize,0.878049,45,3,"1e-4,3e-4,1e-3",lr_only,49,0.11193690598011016,0.8469055374592834,0.824390243902439,21.04431504439772,46.245335758898264,0.02251529355684445,0.6326120495796204,0.43819567561149597,False,,,,45,0.8780487804878049,0.8634146341463415,0.014634146341463428,False,underfit
synthetic_irrelevant_noise,43,classification,ablation,TST,TST-v0-tuned,1024,100,ok,,tuned_tst_benchmark,TST-v0,tst_v0_lr_3e-4,3e-4,val_accuracy,maximize,0.878049,45,3,"1e-4,3e-4,1e-3",lr_only,50,0.1315091148018837,0.9429967426710097,0.8634146341463415,29.08619968986696,68.05653074231957,0.0795821085246683,0.5350282192230225,0.4507623016834259,False,,,,45,0.8780487804878049,0.8634146341463415,0.014634146341463428,False,underfit
synthetic_irrelevant_noise,43,classification,ablation,TST,TST-v1-Gate-tuned,1024,100,ok,,tuned_tst_benchmark,TST-v1-Gate,tst_v1_gate_lr_1e-4,1e-4,val_accuracy,maximize,0.897561,42,3,"1e-4,3e-4,1e-3",lr_only,1,0.9798285126686096,0.509771986970684,0.5121951219512195,121.13991974120145,266.59058991916237,-0.0024231349805354796,0.24665755033493042,0.04709382727742195,True,0.2633166015148163,0.26203107833862305,0.0,42,0.8975609756097561,0.8195121951219512,0.07804878048780495,False,underfit
synthetic_irrelevant_noise,43,classification,ablation,TST,TST-v1-Gate-tuned,1024,100,ok,,tuned_tst_benchmark,TST-v1-Gate,tst_v1_gate_lr_1e-4,1e-4,val_accuracy,maximize,0.897561,42,3,"1e-4,3e-4,1e-3",lr_only,2,0.905818772315979,0.503257328990228,0.5024390243902439,63.867612570001185,117.98411625511953,0.0008183045999841099,0.5692553520202637,0.043167293071746826,True,0.256941556930542,0.2560157775878906,0.0,42,0.8975609756097561,0.8195121951219512,0.07804878048780495,False,underfit
synthetic_irrelevant_noise,43,classification,ablation,TST,TST-v1-Gate-tuned,1024,100,ok,,tuned_tst_benchmark,TST-v1-Gate,tst_v1_gate_lr_1e-4,1e-4,val_accuracy,maximize,0.897561,42,3,"1e-4,3e-4,1e-3",lr_only,3,0.8555080533027649,0.496742671009772,0.4975609756097561,32.91189485059118,37.98816283540113,-0.0008183045999841099,0.5676126480102539,0.03540780767798424,True,0.24997718632221222,0.24903076887130737,0.0,42,0.8975609756097561,0.8195121951219512,0.07804878048780495,False,underfit
synthetic_irrelevant_noise,43,classification,ablation,TST,TST-v1-Gate-tuned,1024,100,ok,,tuned_tst_benchmark,TST-v1-Gate,tst_v1_gate_lr_1e-4,1e-4,val_accuracy,maximize,0.897561,42,3,"1e-4,3e-4,1e-3",lr_only,4,0.8333982348442077,0.5439739413680782,0.5170731707317073,19.233425724293916,44.758927827067815,0.026900770636370863,0.4461599886417389,0.03232605755329132,True,0.2428199052810669,0.24133643507957458,0.0,42,0.8975609756097561,0.8195121951219512,0.07804878048780495,False,underfit
synthetic_irrelevant_noise,43,classification,ablation,TST,TST-v1-Gate-tuned,1024,100,ok,,tuned_tst_benchmark,TST-v1-Gate,tst_v1_gate_lr_1e-4,1e-4,val_accuracy,maximize,0.897561,42,3,"1e-4,3e-4,1e-3",lr_only,5,0.8221117615699768,0.5537459283387622,0.5219512195121951,13.141894527861362,22.429031300671497,0.0317947088265671,0.45300182700157166,0.030712997540831566,True,0.23560769855976105,0.23356224596500397,0.0,42,0.8975609756097561,0.8195121951219512,0.07804878048780495,False,underfit
synthetic_irrelevant_noise,43,classification,ablation,TST,TST-v1-Gate-tuned,1024,100,ok,,tuned_tst_benchmark,TST-v1-Gate,tst_v1_gate_lr_1e-4,1e-4,val_accuracy,maximize,0.897561,42,3,"1e-4,3e-4,1e-3",lr_only,6,0.808151388168335,0.6270358306188925,0.6292682926829268,8.186095892607307,12.3893874988457,-0.0022324620640343795,0.5009065270423889,0.0304400697350502,True,0.22844606637954712,0.22610564529895782,0.0,42,0.8975609756097561,0.8195121951219512,0.07804878048780495,False,underfit
synthetic_irrelevant_noise,43,classification,ablation,TST,TST-v1-Gate-tuned,1024,100,ok,,tuned_tst_benchmark,TST-v1-Gate,tst_v1_gate_lr_1e-4,1e-4,val_accuracy,maximize,0.897561,42,3,"1e-4,3e-4,1e-3",lr_only,7,0.8007549285888672,0.6368078175895765,0.6048780487804878,8.285638816311806,17.231768095669654,0.03192976880908871,0.5123774409294128,0.03089633584022522,True,0.22140637040138245,0.21857741475105286,0.0,42,0.8975609756097561,0.8195121951219512,0.07804878048780495,False,underfit
synthetic_irrelevant_noise,43,classification,ablation,TST,TST-v1-Gate-tuned,1024,100,ok,,tuned_tst_benchmark,TST-v1-Gate,tst_v1_gate_lr_1e-4,1e-4,val_accuracy,maximize,0.897561,42,3,"1e-4,3e-4,1e-3",lr_only,8,0.7912257432937622,0.6465798045602605,0.6097560975609756,14.922275776268577,33.431617461267265,0.036823706999284944,0.4913637340068817,0.03206309303641319,True,0.21452970802783966,0.21130916476249695,0.0,42,0.8975609756097561,0.8195121951219512,0.07804878048780495,False,underfit
synthetic_irrelevant_noise,43,classification,ablation,TST,TST-v1-Gate-tuned,1024,100,ok,,tuned_tst_benchmark,TST-v1-Gate,tst_v1_gate_lr_1e-4,1e-4,val_accuracy,maximize,0.897561,42,3,"1e-4,3e-4,1e-3",lr_only,9,0.7827882289886474,0.5977198697068404,0.5756097560975609,13.705683972648902,20.89752196928487,0.022110113609279503,0.4589025676250458,0.033612072467803955,True,0.20785973966121674,0.20431232452392578,0.0,42,0.8975609756097561,0.8195121951219512,0.07804878048780495,False,underfit
synthetic_irrelevant_noise,43,classification,ablation,TST,TST-v1-Gate-tuned,1024,100,ok,,tuned_tst_benchmark,TST-v1-Gate,tst_v1_gate_lr_1e-4,1e-4,val_accuracy,maximize,0.897561,42,3,"1e-4,3e-4,1e-3",lr_only,10,0.7722849726676941,0.6612377850162866,0.6292682926829268,8.545732883086414,18.99351937918085,0.03196949233335977,0.4901699125766754,0.03608597442507744,True,0.20141535997390747,0.19749712944030762,0.0,42,0.8975609756097561,0.8195121951219512,0.07804878048780495,False,underfit
synthetic_irrelevant_noise,43,classification,ablation,TST,TST-v1-Gate-tuned,1024,100,ok,,tuned_tst_benchmark,TST-v1-Gate,tst_v1_gate_lr_1e-4,1e-4,val_accuracy,maximize,0.897561,42,3,"1e-4,3e-4,1e-3",lr_only,11,0.7635110259056092,0.6726384364820847,0.6341463414634146,19.70992160861064,45.71740334510807,0.038492095018670014,0.493842750787735,0.03926745429635048,True,0.19520945847034454,0.1911604404449463,0.0,42,0.8975609756097561,0.8195121951219512,0.07804878048780495,False,underfit
synthetic_irrelevant_noise,43,classification,ablation,TST,TST-v1-Gate-tuned,1024,100,ok,,tuned_tst_benchmark,TST-v1-Gate,tst_v1_gate_lr_1e-4,1e-4,val_accuracy,maximize,0.897561,42,3,"1e-4,3e-4,1e-3",lr_only,12,0.7522205352783203,0.6856677524429967,0.6487804878048781,15.27003138862563,19.541795217580564,0.036887264638118644,0.49581798911094666,0.04358372837305069,True,0.18925319612026215,0.18503519892692566,0.0,42,0.8975609756097561,0.8195121951219512,0.07804878048780495,False,underfit
synthetic_irrelevant_noise,43,classification,ablation,TST,TST-v1-Gate-tuned,1024,100,ok,,tuned_tst_benchmark,TST-v1-Gate,tst_v1_gate_lr_1e-4,1e-4,val_accuracy,maximize,0.897561,42,3,"1e-4,3e-4,1e-3",lr_only,13,0.7404873609542847,0.7068403908794788,0.6780487804878049,14.796815797382578,38.559440435170785,0.028791610391673883,0.5015222430229187,0.04931148141622543,True,0.18354810774326324,0.17893385887145996,0.0,42,0.8975609756097561,0.8195121951219512,0.07804878048780495,False,underfit
synthetic_irrelevant_noise,43,classification,ablation,TST,TST-v1-Gate-tuned,1024,100,ok,,tuned_tst_benchmark,TST-v1-Gate,tst_v1_gate_lr_1e-4,1e-4,val_accuracy,maximize,0.897561,42,3,"1e-4,3e-4,1e-3",lr_only,14,0.7255497694015502,0.6938110749185668,0.6195121951219512,16.183107156463322,46.9116108630018,0.07429887979661554,0.46444931626319885,0.05740248039364815,True,0.17809872329235077,0.17296375334262848,0.0,42,0.8975609756097561,0.8195121951219512,0.07804878048780495,False,underfit
synthetic_irrelevant_noise,43,classification,ablation,TST,TST-v1-Gate-tuned,1024,100,ok,,tuned_tst_benchmark,TST-v1-Gate,tst_v1_gate_lr_1e-4,1e-4,val_accuracy,maximize,0.897561,42,3,"1e-4,3e-4,1e-3",lr_only,15,0.7120057225227356,0.7198697068403909,0.6634146341463415,26.00609925433948,40.57856415602271,0.05645507269404937,0.48523280024528503,0.06988377869129181,True,0.17288127541542053,0.16710707545280457,0.0,42,0.8975609756097561,0.8195121951219512,0.07804878048780495,False,underfit
synthetic_irrelevant_noise,43,classification,ablation,TST,TST-v1-Gate-tuned,1024,100,ok,,tuned_tst_benchmark,TST-v1-Gate,tst_v1_gate_lr_1e-4,1e-4,val_accuracy,maximize,0.897561,42,3,"1e-4,3e-4,1e-3",lr_only,16,0.6925384044647217,0.747557003257329,0.7121951219512195,45.337783213846215,82.71061322196519,0.03536188130610951,0.5108044743537903,0.08929035812616348,True,0.16785839200019836,0.16125190258026123,0.0,42,0.8975609756097561,0.8195121951219512,0.07804878048780495,False,underfit
synthetic_irrelevant_noise,43,classification,ablation,TST,TST-v1-Gate-tuned,1024,100,ok,,tuned_tst_benchmark,TST-v1-Gate,tst_v1_gate_lr_1e-4,1e-4,val_accuracy,maximize,0.897561,42,3,"1e-4,3e-4,1e-3",lr_only,17,0.662385356426239,0.745928338762215,0.7073170731707317,47.374106499909246,107.23694691648436,0.03861126559148331,0.4894649088382721,0.12322685122489929,True,0.1629863977432251,0.15534907579421997,0.0,42,0.8975609756097561,0.8195121951219512,0.07804878048780495,False,underfit
synthetic_irrelevant_noise,43,classification,ablation,TST,TST-v1-Gate-tuned,1024,100,ok,,tuned_tst_benchmark,TST-v1-Gate,tst_v1_gate_lr_1e-4,1e-4,val_accuracy,maximize,0.897561,42,3,"1e-4,3e-4,1e-3",lr_only,18,0.6066729664802551,0.7638436482084691,0.7560975609756098,57.62280478933386,165.84770113447968,0.0077460872328593,0.5297616720199585,0.18533074855804443,True,0.1581224799156189,0.1494133472442627,0.0,42,0.8975609756097561,0.8195121951219512,0.07804878048780495,False,underfit
synthetic_irrelevant_noise,43,classification,ablation,TST,TST-v1-Gate-tuned,1024,100,ok,,tuned_tst_benchmark,TST-v1-Gate,tst_v1_gate_lr_1e-4,1e-4,val_accuracy,maximize,0.897561,42,3,"1e-4,3e-4,1e-3",lr_only,19,0.6055001735687255,0.7866449511400652,0.775609756097561,308.0278935685468,691.1205954510882,0.011035195042504164,0.5300871133804321,0.25927191972732544,True,0.15363198518753052,0.14387835562229156,0.0,42,0.8975609756097561,0.8195121951219512,0.07804878048780495,False,underfit
synthetic_irrelevant_noise,43,classification,ablation,TST,TST-v1-Gate-tuned,1024,100,ok,,tuned_tst_benchmark,TST-v1-Gate,tst_v1_gate_lr_1e-4,1e-4,val_accuracy,maximize,0.897561,42,3,"1e-4,3e-4,1e-3",lr_only,20,0.559736841917038,0.8127035830618893,0.7902439024390244,307.3316820960811,758.5318977388412,0.022459680622864853,0.4683777689933777,0.24722176790237427,True,0.15021595358848572,0.13960324227809906,0.0,42,0.8975609756097561,0.8195121951219512,0.07804878048780495,False,underfit
synthetic_irrelevant_noise,43,classification,ablation,TST,TST-v1-Gate-tuned,1024,100,ok,,tuned_tst_benchmark,TST-v1-Gate,tst_v1_gate_lr_1e-4,1e-4,val_accuracy,maximize,0.897561,42,3,"1e-4,3e-4,1e-3",lr_only,21,0.47124217748641967,0.8094462540716613,0.8048780487804879,142.72310898029139,215.51448984779884,0.0045682052911734106,0.5616890788078308,0.29490190744400024,True,0.14688295125961304,0.13493329286575317,0.0,42,0.8975609756097561,0.8195121951219512,0.07804878048780495,False,underfit
synthetic_irrelevant_noise,43,classification,ablation,TST,TST-v1-Gate-tuned,1024,100,ok,,tuned_tst_benchmark,TST-v1-Gate,tst_v1_gate_lr_1e-4,1e-4,val_accuracy,maximize,0.897561,42,3,"1e-4,3e-4,1e-3",lr_only,22,0.4161195993423462,0.8387622149837134,0.8195121951219512,163.52448078831873,265.3144092992033,0.019250019861762224,0.49089279770851135,0.36292949318885803,True,0.14346842467784882,0.13023510575294495,0.0,42,0.8975609756097561,0.8195121951219512,0.07804878048780495,False,underfit
synthetic_irrelevant_noise,43,classification,ablation,TST,TST-v1-Gate-tuned,1024,100,ok,,tuned_tst_benchmark,TST-v1-Gate,tst_v1_gate_lr_1e-4,1e-4,val_accuracy,maximize,0.897561,42,3,"1e-4,3e-4,1e-3",lr_only,23,0.4087549865245819,0.8338762214983714,0.7902439024390244,402.4474591931416,807.2631595308618,0.04363231905934695,0.36924418807029724,0.3190412223339081,True,0.14045311510562897,0.12699289619922638,0.0,42,0.8975609756097561,0.8195121951219512,0.07804878048780495,False,underfit
synthetic_irrelevant_noise,43,classification,ablation,TST,TST-v1-Gate-tuned,1024,100,ok,,tuned_tst_benchmark,TST-v1-Gate,tst_v1_gate_lr_1e-4,1e-4,val_accuracy,maximize,0.897561,42,3,"1e-4,3e-4,1e-3",lr_only,24,0.38681373596191404,0.8648208469055375,0.8341463414634146,291.4578958033849,571.7008120865921,0.030674505442122912,0.39850208163261414,0.3451771140098572,True,0.1376848667860031,0.12349392473697662,0.0,42,0.8975609756097561,0.8195121951219512,0.07804878048780495,False,underfit
synthetic_irrelevant_noise,43,classification,ablation,TST,TST-v1-Gate-tuned,1024,100,ok,,tuned_tst_benchmark,TST-v1-Gate,tst_v1_gate_lr_1e-4,1e-4,val_accuracy,maximize,0.897561,42,3,"1e-4,3e-4,1e-3",lr_only,25,0.3963469982147217,0.8403908794788274,0.8292682926829268,599.1547407414242,987.8456732466254,0.011122586795900613,0.598237931728363,0.3747543394565582,True,0.1352556198835373,0.12043163180351257,0.02,42,0.8975609756097561,0.8195121951219512,0.07804878048780495,False,underfit
synthetic_irrelevant_noise,43,classification,ablation,TST,TST-v1-Gate-tuned,1024,100,ok,,tuned_tst_benchmark,TST-v1-Gate,tst_v1_gate_lr_1e-4,1e-4,val_accuracy,maximize,0.897561,42,3,"1e-4,3e-4,1e-3",lr_only,26,0.37913662791252134,0.8843648208469055,0.8390243902439024,477.3677493770285,655.2718027009325,0.04534043060300308,0.41783514618873596,0.34425777196884155,True,0.13335661590099335,0.11822206526994705,0.12,42,0.8975609756097561,0.8195121951219512,0.07804878048780495,False,underfit
synthetic_irrelevant_noise,43,classification,ablation,TST,TST-v1-Gate-tuned,1024,100,ok,,tuned_tst_benchmark,TST-v1-Gate,tst_v1_gate_lr_1e-4,1e-4,val_accuracy,maximize,0.897561,42,3,"1e-4,3e-4,1e-3",lr_only,27,0.3522472679615021,0.8387622149837134,0.8048780487804879,348.49895896569666,626.5194035234514,0.03388416620322554,0.3446487784385681,0.32656463980674744,True,0.13163109123706818,0.11591651290655136,0.17,42,0.8975609756097561,0.8195121951219512,0.07804878048780495,False,underfit
synthetic_irrelevant_noise,43,classification,ablation,TST,TST-v1-Gate-tuned,1024,100,ok,,tuned_tst_benchmark,TST-v1-Gate,tst_v1_gate_lr_1e-4,1e-4,val_accuracy,maximize,0.897561,42,3,"1e-4,3e-4,1e-3",lr_only,28,0.33416481614112853,0.8908794788273615,0.8536585365853658,380.9067321981254,560.2612048796324,0.03722094224199568,0.4160599410533905,0.38287433981895447,True,0.12998086214065552,0.11389967799186707,0.27,42,0.8975609756097561,0.8195121951219512,0.07804878048780495,False,underfit
synthetic_irrelevant_noise,43,classification,ablation,TST,TST-v1-Gate-tuned,1024,100,ok,,tuned_tst_benchmark,TST-v1-Gate,tst_v1_gate_lr_1e-4,1e-4,val_accuracy,maximize,0.897561,42,3,"1e-4,3e-4,1e-3",lr_only,29,0.30449517667293546,0.8859934853420195,0.848780487804878,412.08090298679207,658.5015370283526,0.03721299753714147,0.383965402841568,0.39695480465888977,True,0.12861905992031097,0.11188320815563202,0.31,42,0.8975609756097561,0.8195121951219512,0.07804878048780495,False,underfit
synthetic_irrelevant_noise,43,classification,ablation,TST,TST-v1-Gate-tuned,1024,100,ok,,tuned_tst_benchmark,TST-v1-Gate,tst_v1_gate_lr_1e-4,1e-4,val_accuracy,maximize,0.897561,42,3,"1e-4,3e-4,1e-3",lr_only,30,0.2899597823619843,0.9136807817589576,0.8682926829268293,435.66694572495726,715.6024605426414,0.045388098832128354,0.47255226969718933,0.40583062171936035,True,0.12748517096042633,0.1103498786687851,0.32,42,0.8975609756097561,0.8195121951219512,0.07804878048780495,False,underfit
synthetic_irrelevant_noise,43,classification,ablation,TST,TST-v1-Gate-tuned,1024,100,ok,,tuned_tst_benchmark,TST-v1-Gate,tst_v1_gate_lr_1e-4,1e-4,val_accuracy,maximize,0.897561,42,3,"1e-4,3e-4,1e-3",lr_only,31,0.2707811176776886,0.8778501628664495,0.8585365853658536,296.5751032863351,449.1126157558943,0.019313577500595813,0.5736094117164612,0.40869563817977905,True,0.12643936276435852,0.10922552645206451,0.36,42,0.8975609756097561,0.8195121951219512,0.07804878048780495,False,underfit
synthetic_irrelevant_noise,43,classification,ablation,TST,TST-v1-Gate-tuned,1024,100,ok,,tuned_tst_benchmark,TST-v1-Gate,tst_v1_gate_lr_1e-4,1e-4,val_accuracy,maximize,0.897561,42,3,"1e-4,3e-4,1e-3",lr_only,32,0.275250580906868,0.8990228013029316,0.8536585365853658,339.71057456459585,548.911201476877,0.04536426471756572,0.5433472394943237,0.4084988832473755,True,0.1256227344274521,0.10792557150125504,0.39,42,0.8975609756097561,0.8195121951219512,0.07804878048780495,False,underfit
synthetic_irrelevant_noise,43,classification,ablation,TST,TST-v1-Gate-tuned,1024,100,ok,,tuned_tst_benchmark,TST-v1-Gate,tst_v1_gate_lr_1e-4,1e-4,val_accuracy,maximize,0.897561,42,3,"1e-4,3e-4,1e-3",lr_only,33,0.2648668438196182,0.9104234527687296,0.8731707317073171,349.58727636790275,476.5622061703459,0.03725272106141253,0.42119383811950684,0.40995654463768005,True,0.12493675202131271,0.1066213995218277,0.4,42,0.8975609756097561,0.8195121951219512,0.07804878048780495,False,underfit
synthetic_irrelevant_noise,43,classification,ablation,TST,TST-v1-Gate-tuned,1024,100,ok,,tuned_tst_benchmark,TST-v1-Gate,tst_v1_gate_lr_1e-4,1e-4,val_accuracy,maximize,0.897561,42,3,"1e-4,3e-4,1e-3",lr_only,34,0.2803325980901718,0.8583061889250815,0.8390243902439024,441.43156550405973,748.5461021168852,0.019281798681179074,0.34410035610198975,0.3900509178638458,True,0.12432574480772018,0.10543519258499146,0.41,42,0.8975609756097561,0.8195121951219512,0.07804878048780495,False,underfit
synthetic_irrelevant_noise,43,classification,ablation,TST,TST-v1-Gate-tuned,1024,100,ok,,tuned_tst_benchmark,TST-v1-Gate,tst_v1_gate_lr_1e-4,1e-4,val_accuracy,maximize,0.897561,42,3,"1e-4,3e-4,1e-3",lr_only,35,0.299224916100502,0.9250814332247557,0.8878048780487805,438.1372743028502,656.3972801150151,0.03727655517597517,0.48271775245666504,0.39426517486572266,True,0.12376668304204941,0.10420700162649155,0.41,42,0.8975609756097561,0.8195121951219512,0.07804878048780495,False,underfit
synthetic_irrelevant_noise,43,classification,ablation,TST,TST-v1-Gate-tuned,1024,100,ok,,tuned_tst_benchmark,TST-v1-Gate,tst_v1_gate_lr_1e-4,1e-4,val_accuracy,maximize,0.897561,42,3,"1e-4,3e-4,1e-3",lr_only,36,0.26750560402870177,0.8729641693811075,0.8390243902439024,257.0752224045948,550.8809024210028,0.03393977913720514,0.5854388475418091,0.39867594838142395,True,0.12317340821027756,0.10314373672008514,0.45,42,0.8975609756097561,0.8195121951219512,0.07804878048780495,False,underfit
synthetic_irrelevant_noise,43,classification,ablation,TST,TST-v1-Gate-tuned,1024,100,ok,,tuned_tst_benchmark,TST-v1-Gate,tst_v1_gate_lr_1e-4,1e-4,val_accuracy,maximize,0.897561,42,3,"1e-4,3e-4,1e-3",lr_only,37,0.2874830335378647,0.9120521172638436,0.8634146341463415,442.3622364114045,614.059838621679,0.048637483117502156,0.4119298756122589,0.40939703583717346,True,0.12267201393842697,0.10224756598472595,0.45,42,0.8975609756097561,0.8195121951219512,0.07804878048780495,False,underfit
synthetic_irrelevant_noise,43,classification,ablation,TST,TST-v1-Gate-tuned,1024,100,ok,,tuned_tst_benchmark,TST-v1-Gate,tst_v1_gate_lr_1e-4,1e-4,val_accuracy,maximize,0.897561,42,3,"1e-4,3e-4,1e-3",lr_only,38,0.25149131417274473,0.8859934853420195,0.848780487804878,341.06454354676606,692.1540092819372,0.03721299753714147,0.36869195103645325,0.41111958026885986,True,0.12222041934728622,0.10128100216388702,0.46,42,0.8975609756097561,0.8195121951219512,0.07804878048780495,False,underfit
synthetic_irrelevant_noise,43,classification,ablation,TST,TST-v1-Gate-tuned,1024,100,ok,,tuned_tst_benchmark,TST-v1-Gate,tst_v1_gate_lr_1e-4,1e-4,val_accuracy,maximize,0.897561,42,3,"1e-4,3e-4,1e-3",lr_only,39,0.2378908336162567,0.9006514657980456,0.8585365853658536,280.91197142939734,703.7025938813326,0.042114880432191915,0.555865466594696,0.41956642270088196,True,0.12183761596679688,0.10085812956094742,0.46,42,0.8975609756097561,0.8195121951219512,0.07804878048780495,False,underfit
synthetic_irrelevant_noise,43,classification,ablation,TST,TST-v1-Gate-tuned,1024,100,ok,,tuned_tst_benchmark,TST-v1-Gate,tst_v1_gate_lr_1e-4,1e-4,val_accuracy,maximize,0.897561,42,3,"1e-4,3e-4,1e-3",lr_only,40,0.23300173580646516,0.9315960912052117,0.8926829268292683,302.8666112900993,552.0673173113779,0.03891316437594339,0.4743101894855499,0.4310280382633209,True,0.12152104079723358,0.10056855529546738,0.47,42,0.8975609756097561,0.8195121951219512,0.07804878048780495,False,underfit
synthetic_irrelevant_noise,43,classification,ablation,TST,TST-v1-Gate-tuned,1024,100,ok,,tuned_tst_benchmark,TST-v1-Gate,tst_v1_gate_lr_1e-4,1e-4,val_accuracy,maximize,0.897561,42,3,"1e-4,3e-4,1e-3",lr_only,41,0.20908461213111879,0.9169381107491856,0.8780487804878049,122.76868407069881,192.91826549737678,0.03888933026138075,0.4253171980381012,0.43380606174468994,True,0.12128608673810959,0.10056594014167786,0.47,42,0.8975609756097561,0.8195121951219512,0.07804878048780495,False,underfit
synthetic_irrelevant_noise,43,classification,ablation,TST,TST-v1-Gate-tuned,1024,100,ok,,tuned_tst_benchmark,TST-v1-Gate,tst_v1_gate_lr_1e-4,1e-4,val_accuracy,maximize,0.897561,42,3,"1e-4,3e-4,1e-3",lr_only,42,0.20621130168437957,0.9332247557003257,0.8975609756097561,114.46515154316482,209.4120885460367,0.035663780090569586,0.49653637409210205,0.4379761815071106,True,0.12106635421514511,0.10048757493495941,0.48,42,0.8975609756097561,0.8195121951219512,0.07804878048780495,False,underfit
synthetic_irrelevant_noise,43,classification,ablation,TST,TST-v1-Gate-tuned,1024,100,ok,,tuned_tst_benchmark,TST-v1-Gate,tst_v1_gate_lr_1e-4,1e-4,val_accuracy,maximize,0.897561,42,3,"1e-4,3e-4,1e-3",lr_only,43,0.21160653233528137,0.9087947882736156,0.8829268292682927,252.00698071544147,554.6926297201884,0.025867959005322905,0.5320997834205627,0.4319503605365753,True,0.12087594717741013,0.1001114696264267,0.5,42,0.8975609756097561,0.8195121951219512,0.07804878048780495,False,underfit
synthetic_irrelevant_noise,43,classification,ablation,TST,TST-v1-Gate-tuned,1024,100,ok,,tuned_tst_benchmark,TST-v1-Gate,tst_v1_gate_lr_1e-4,1e-4,val_accuracy,maximize,0.897561,42,3,"1e-4,3e-4,1e-3",lr_only,44,0.22131966054439545,0.9413680781758957,0.8878048780487805,338.055517581818,529.7095635039703,0.05356320012711524,0.4784279763698578,0.43230122327804565,True,0.12072068452835083,0.0998414009809494,0.51,42,0.8975609756097561,0.8195121951219512,0.07804878048780495,False,underfit
synthetic_irrelevant_noise,43,classification,ablation,TST,TST-v1-Gate-tuned,1024,100,ok,,tuned_tst_benchmark,TST-v1-Gate,tst_v1_gate_lr_1e-4,1e-4,val_accuracy,maximize,0.897561,42,3,"1e-4,3e-4,1e-3",lr_only,45,0.21177492141723633,0.9381107491856677,0.8780487804878049,272.8425646870796,425.52832270305714,0.060061968697862844,0.453212171792984,0.438944011926651,True,0.12054155021905899,0.09933120012283325,0.55,42,0.8975609756097561,0.8195121951219512,0.07804878048780495,False,underfit
synthetic_irrelevant_noise,43,classification,ablation,TST,TST-v1-Gate-tuned,1024,100,ok,,tuned_tst_benchmark,TST-v1-Gate,tst_v1_gate_lr_1e-4,1e-4,val_accuracy,maximize,0.897561,42,3,"1e-4,3e-4,1e-3",lr_only,46,0.21202558875083924,0.8925081433224755,0.8585365853658536,383.7839349539302,730.036051606067,0.03397155795662188,0.38048264384269714,0.4336310625076294,True,0.12044542282819748,0.09942284971475601,0.55,42,0.8975609756097561,0.8195121951219512,0.07804878048780495,False,underfit
synthetic_irrelevant_noise,43,classification,ablation,TST,TST-v1-Gate-tuned,1024,100,ok,,tuned_tst_benchmark,TST-v1-Gate,tst_v1_gate_lr_1e-4,1e-4,val_accuracy,maximize,0.897561,42,3,"1e-4,3e-4,1e-3",lr_only,47,0.23672034740447997,0.8925081433224755,0.8585365853658536,482.1755535419961,711.8687175763599,0.03397155795662188,0.390437513589859,0.42052170634269714,True,0.12042810767889023,0.09975815564393997,0.51,42,0.8975609756097561,0.8195121951219512,0.07804878048780495,False,underfit
synthetic_irrelevant_noise,43,classification,ablation,TST,TST-v1-Gate-tuned,1024,100,ok,,tuned_tst_benchmark,TST-v1-Gate,tst_v1_gate_lr_1e-4,1e-4,val_accuracy,maximize,0.897561,42,3,"1e-4,3e-4,1e-3",lr_only,48,0.2268058866262436,0.9234527687296417,0.8780487804878049,384.3228917036537,796.0476379533957,0.04540398824183678,0.5200390219688416,0.4259142577648163,True,0.12027540057897568,0.09968027472496033,0.53,42,0.8975609756097561,0.8195121951219512,0.07804878048780495,False,underfit
synthetic_irrelevant_noise,43,classification,ablation,TST,TST-v1-Gate-tuned,1024,100,ok,,tuned_tst_benchmark,TST-v1-Gate,tst_v1_gate_lr_1e-4,1e-4,val_accuracy,maximize,0.897561,42,3,"1e-4,3e-4,1e-3",lr_only,49,0.23703736662864686,0.8713355048859935,0.824390243902439,433.9918577390105,698.5568877603553,0.04694526098355456,0.5857158303260803,0.42470815777778625,True,0.12007872760295868,0.09952527284622192,0.54,42,0.8975609756097561,0.8195121951219512,0.07804878048780495,False,underfit
synthetic_irrelevant_noise,43,classification,ablation,TST,TST-v1-Gate-tuned,1024,100,ok,,tuned_tst_benchmark,TST-v1-Gate,tst_v1_gate_lr_1e-4,1e-4,val_accuracy,maximize,0.897561,42,3,"1e-4,3e-4,1e-3",lr_only,50,0.28493748903274535,0.8420195439739414,0.8195121951219512,532.8461637782611,759.6314865072632,0.02250734885199024,0.33443987369537354,0.38829919695854187,True,0.11994466185569763,0.09961263835430145,0.53,42,0.8975609756097561,0.8195121951219512,0.07804878048780495,False,underfit
synthetic_irrelevant_noise,43,classification,ablation,TST,TST-v3-MoE-tuned,1024,100,ok,,tuned_tst_benchmark,TST-v3-MoE,tst_v3_moe_lr_1e-4,1e-4,val_accuracy,maximize,0.512195,1,3,"1e-4,3e-4,1e-3",lr_only,1,0.8680166125297546,0.509771986970684,0.5121951219512195,1.2383718476901868,2.940504927953768,-0.0024231349805354796,0.42281046509742737,0.0002871260221581906,True,0.2593271732330322,0.2593271732330322,0.0,1,0.5121951219512195,0.4878048780487805,0.024390243902439046,True,early_stopped_cleanly
synthetic_irrelevant_noise,43,classification,ablation,TST,TST-v3-MoE-tuned,1024,100,ok,,tuned_tst_benchmark,TST-v3-MoE,tst_v3_moe_lr_1e-4,1e-4,val_accuracy,maximize,0.512195,1,3,"1e-4,3e-4,1e-3",lr_only,2,0.8521673798561096,0.509771986970684,0.5121951219512195,0.931926878892536,2.0551919659191036,-0.0024231349805354796,0.48972997069358826,0.0002422420511720702,True,0.2499658465385437,0.2499658465385437,0.0,1,0.5121951219512195,0.4878048780487805,0.024390243902439046,True,early_stopped_cleanly
synthetic_irrelevant_noise,43,classification,ablation,TST,TST-v3-MoE-tuned,1024,100,ok,,tuned_tst_benchmark,TST-v3-MoE,tst_v3_moe_lr_1e-4,1e-4,val_accuracy,maximize,0.512195,1,3,"1e-4,3e-4,1e-3",lr_only,3,0.8433560490608215,0.49022801302931596,0.4878048780487805,0.8698569728124486,1.8543826659553189,0.0024231349805354796,0.5392528176307678,0.00021002747234888375,True,0.24087676405906677,0.24087780714035034,0.0,1,0.5121951219512195,0.4878048780487805,0.024390243902439046,True,early_stopped_cleanly
synthetic_irrelevant_noise,43,classification,ablation,TST,TST-v3-MoE-tuned,1024,100,ok,,tuned_tst_benchmark,TST-v3-MoE,tst_v3_moe_lr_1e-4,1e-4,val_accuracy,maximize,0.512195,1,3,"1e-4,3e-4,1e-3",lr_only,4,0.8331726431846619,0.509771986970684,0.5121951219512195,0.5086756112773356,1.4983115123759265,-0.0024231349805354796,0.4755001962184906,0.0001851161359809339,True,0.23207595944404602,0.23207645118236542,0.0,1,0.5121951219512195,0.4878048780487805,0.024390243902439046,True,early_stopped_cleanly
synthetic_irrelevant_noise,43,classification,ablation,TST,TST-v3-MoE-tuned,1024,100,ok,,tuned_tst_benchmark,TST-v3-MoE,tst_v3_moe_lr_1e-4,1e-4,val_accuracy,maximize,0.512195,1,3,"1e-4,3e-4,1e-3",lr_only,5,0.8244070172309875,0.509771986970684,0.5121951219512195,0.5811003375091899,1.6468208493907222,-0.0024231349805354796,0.4588915705680847,0.00017144645971711725,True,0.22357629239559174,0.223576158285141,0.0,1,0.5121951219512195,0.4878048780487805,0.024390243902439046,True,early_stopped_cleanly
synthetic_irrelevant_noise,43,classification,ablation,TST,TST-v3-MoE-tuned,1024,100,ok,,tuned_tst_benchmark,TST-v3-MoE,tst_v3_moe_lr_1e-4,1e-4,val_accuracy,maximize,0.512195,1,3,"1e-4,3e-4,1e-3",lr_only,6,0.8135909557342529,0.49022801302931596,0.4878048780487805,0.6934135316763556,1.566763108000932,0.0024231349805354796,0.5010492205619812,0.00016280227282550186,True,0.21538545191287994,0.21538548171520233,0.0,1,0.5121951219512195,0.4878048780487805,0.024390243902439046,True,early_stopped_cleanly
synthetic_irrelevant_noise,43,classification,ablation,TST,TST-v3-MoE-tuned,1024,100,ok,,tuned_tst_benchmark,TST-v3-MoE,tst_v3_moe_lr_1e-4,1e-4,val_accuracy,maximize,0.512195,1,3,"1e-4,3e-4,1e-3",lr_only,7,0.8071599006652832,0.49022801302931596,0.4878048780487805,0.5969466108341674,1.1127841284697346,0.0024231349805354796,0.5125312805175781,0.00015543779591098428,True,0.207506462931633,0.207506000995636,0.0,1,0.5121951219512195,0.4878048780487805,0.024390243902439046,True,early_stopped_cleanly
synthetic_irrelevant_noise,43,classification,ablation,TST,TST-v3-MoE-tuned,1024,100,ok,,tuned_tst_benchmark,TST-v3-MoE,tst_v3_moe_lr_1e-4,1e-4,val_accuracy,maximize,0.512195,1,3,"1e-4,3e-4,1e-3",lr_only,8,0.7979393482208252,0.509771986970684,0.5121951219512195,0.2306382893145281,0.6417849539675259,-0.0024231349805354796,0.4860178530216217,0.00015056825941428542,True,0.19993968307971954,0.19993804395198822,0.0,1,0.5121951219512195,0.4878048780487805,0.024390243902439046,True,early_stopped_cleanly
synthetic_irrelevant_noise,43,classification,ablation,TST,TST-v3-MoE-tuned,1024,100,ok,,tuned_tst_benchmark,TST-v3-MoE,tst_v3_moe_lr_1e-4,1e-4,val_accuracy,maximize,0.512195,1,3,"1e-4,3e-4,1e-3",lr_only,9,0.7930081367492676,0.509771986970684,0.5121951219512195,0.767361721439177,1.722593308642128,-0.0024231349805354796,0.46538498997688293,0.00014602580631617457,True,0.19268204271793365,0.19267958402633667,0.0,1,0.5121951219512195,0.4878048780487805,0.024390243902439046,True,early_stopped_cleanly
synthetic_irrelevant_noise,43,classification,ablation,TST,TST-v3-MoE-tuned,1024,100,ok,,tuned_tst_benchmark,TST-v3-MoE,tst_v3_moe_lr_1e-4,1e-4,val_accuracy,maximize,0.512195,1,3,"1e-4,3e-4,1e-3",lr_only,10,0.7842912316322327,0.49022801302931596,0.4878048780487805,0.4621301308736824,1.1424732609837616,0.0024231349805354796,0.5029500722885132,0.00014391829608939588,True,0.18572843074798584,0.1857253760099411,0.0,1,0.5121951219512195,0.4878048780487805,0.024390243902439046,True,early_stopped_cleanly
synthetic_irrelevant_noise,43,classification,ablation,TST,TST-v3-MoE-tuned,1024,100,ok,,tuned_tst_benchmark,TST-v3-MoE,tst_v3_moe_lr_1e-4,1e-4,val_accuracy,maximize,0.512195,1,3,"1e-4,3e-4,1e-3",lr_only,11,0.7763666152954102,0.49022801302931596,0.4878048780487805,0.49255997366560467,1.183034752153556,0.0024231349805354796,0.5027143955230713,0.0001415120786987245,True,0.1790713369846344,0.17906802892684937,0.0,1,0.5121951219512195,0.4878048780487805,0.024390243902439046,True,early_stopped_cleanly
synthetic_xor,44,classification,ablation,TST-v0,TST-v0,1024,20,ok,,tuned_tst_benchmark,,,,,,,,,,,1,1.2682274103164672,0.5276872964169381,0.526829268292683,8.395968246190346,13.871921426302375,0.0008580281242551724,0.5191565155982971,0.004592293407768011,False,,,,1,0.526829268292683,0.526829268292683,0.0,True,early_stopped_cleanly
synthetic_xor,44,classification,ablation,TST-v0,TST-v0,1024,20,ok,,tuned_tst_benchmark,,,,,,,,,,,2,0.7557579040527344,0.5276872964169381,0.526829268292683,1.5251830266829574,2.3235175815081877,0.0008580281242551724,0.7232791781425476,0.001886927173472941,False,,,,1,0.526829268292683,0.526829268292683,0.0,True,early_stopped_cleanly
synthetic_xor,44,classification,ablation,TST-v0,TST-v0,1024,20,ok,,tuned_tst_benchmark,,,,,,,,,,,3,0.7285526275634766,0.5276872964169381,0.526829268292683,1.1281625501826924,2.128731891717141,0.0008580281242551724,0.5203769207000732,0.0017875551711767912,False,,,,1,0.526829268292683,0.526829268292683,0.0,True,early_stopped_cleanly
synthetic_xor,44,classification,ablation,TST-v0,TST-v0,1024,20,ok,,tuned_tst_benchmark,,,,,,,,,,,4,0.697543454170227,0.4723127035830619,0.47317073170731705,0.5115646768000432,0.8621146845000929,-0.0008580281242551724,0.42807692289352417,0.0012650282587856054,False,,,,1,0.526829268292683,0.526829268292683,0.0,True,early_stopped_cleanly
synthetic_xor,44,classification,ablation,TST-v0,TST-v0,1024,20,ok,,tuned_tst_benchmark,,,,,,,,,,,5,0.7061226963996887,0.4723127035830619,0.47317073170731705,0.7939428051472998,1.4737779274177416,-0.0008580281242551724,0.4761510193347931,0.0008867222350090742,False,,,,1,0.526829268292683,0.526829268292683,0.0,True,early_stopped_cleanly
synthetic_xor,44,classification,ablation,TST-v0,TST-v0,1024,20,ok,,tuned_tst_benchmark,,,,,,,,,,,6,0.6934732079505921,0.5276872964169381,0.526829268292683,0.46961583807512897,0.738777612906927,0.0008580281242551724,0.553685188293457,0.0006401826976798475,False,,,,1,0.526829268292683,0.526829268292683,0.0,True,early_stopped_cleanly
synthetic_xor,44,classification,ablation,TST-v0,TST-v0,1024,20,ok,,tuned_tst_benchmark,,,,,,,,,,,7,0.696221899986267,0.5276872964169381,0.526829268292683,0.3919465885752582,0.593317437554431,0.0008580281242551724,0.5776148438453674,0.0005370061262510717,False,,,,1,0.526829268292683,0.526829268292683,0.0,True,early_stopped_cleanly
synthetic_xor,44,classification,ablation,TST-v0,TST-v0,1024,20,ok,,tuned_tst_benchmark,,,,,,,,,,,8,0.696113383769989,0.5276872964169381,0.526829268292683,0.47148917956910985,0.7941991180222201,0.0008580281242551724,0.5505642294883728,0.0005209299270063639,False,,,,1,0.526829268292683,0.526829268292683,0.0,True,early_stopped_cleanly
synthetic_xor,44,classification,ablation,TST-v0,TST-v0,1024,20,ok,,tuned_tst_benchmark,,,,,,,,,,,9,0.6910337686538697,0.5276872964169381,0.526829268292683,0.3822989762621412,0.6333894489747756,0.0008580281242551724,0.5106670260429382,0.0005334736779332161,False,,,,1,0.526829268292683,0.526829268292683,0.0,True,early_stopped_cleanly
synthetic_xor,44,classification,ablation,TST-v0,TST-v0,1024,20,ok,,tuned_tst_benchmark,,,,,,,,,,,10,0.6946801781654358,0.4723127035830619,0.47317073170731705,0.4686807363165766,0.9629457114429405,-0.0008580281242551724,0.4925035834312439,0.000542163266800344,False,,,,1,0.526829268292683,0.526829268292683,0.0,True,early_stopped_cleanly
synthetic_xor,44,classification,ablation,TST-v0,TST-v0,1024,20,ok,,tuned_tst_benchmark,,,,,,,,,,,11,0.6933856129646301,0.5276872964169381,0.526829268292683,0.36425376751121574,0.8622579060217146,0.0008580281242551724,0.5243126749992371,0.0005160047439858317,False,,,,1,0.526829268292683,0.526829268292683,0.0,True,early_stopped_cleanly
synthetic_xor,44,classification,ablation,TST-v1-Gate,TST-v1-Gate,1024,20,ok,,tuned_tst_benchmark,,,,,,,,,,,1,1.2962951421737672,0.5276872964169381,0.526829268292683,21.58414411362239,46.13608149099748,0.0008580281242551724,0.5326708555221558,0.00302925449796021,True,0.211485356092453,0.19827178120613098,0.0,1,0.526829268292683,0.526829268292683,0.0,True,early_stopped_cleanly
synthetic_xor,44,classification,ablation,TST-v1-Gate,TST-v1-Gate,1024,20,ok,,tuned_tst_benchmark,,,,,,,,,,,2,0.7727537751197815,0.5276872964169381,0.526829268292683,1.8485281990428484,2.68352147213041,0.0008580281242551724,0.7111232876777649,0.0009215571917593479,True,0.15601512789726257,0.14472192525863647,0.0,1,0.526829268292683,0.526829268292683,0.0,True,early_stopped_cleanly
synthetic_xor,44,classification,ablation,TST-v1-Gate,TST-v1-Gate,1024,20,ok,,tuned_tst_benchmark,,,,,,,,,,,3,0.7269406914710999,0.4723127035830619,0.47317073170731705,1.0048549030638905,2.2455013610252705,-0.0008580281242551724,0.48762333393096924,0.0005798191414214671,True,0.11463435739278793,0.1039980947971344,0.5,1,0.526829268292683,0.526829268292683,0.0,True,early_stopped_cleanly
synthetic_xor,44,classification,ablation,TST-v1-Gate,TST-v1-Gate,1024,20,ok,,tuned_tst_benchmark,,,,,,,,,,,4,0.7050986409187316,0.4723127035830619,0.47317073170731705,0.7257152435654621,1.0220461996903716,-0.0008580281242551724,0.4309094548225403,0.00028168392600491643,True,0.08783019334077835,0.07990966737270355,0.8,1,0.526829268292683,0.526829268292683,0.0,True,early_stopped_cleanly
synthetic_xor,44,classification,ablation,TST-v1-Gate,TST-v1-Gate,1024,20,ok,,tuned_tst_benchmark,,,,,,,,,,,5,0.701555871963501,0.5276872964169381,0.526829268292683,0.6846355754113859,1.261616008011026,0.0008580281242551724,0.5043772459030151,0.00016112123557832092,True,0.07259656488895416,0.0674767941236496,0.95,1,0.526829268292683,0.526829268292683,0.0,True,early_stopped_cleanly
synthetic_xor,44,classification,ablation,TST-v1-Gate,TST-v1-Gate,1024,20,ok,,tuned_tst_benchmark,,,,,,,,,,,6,0.6927793145179748,0.5276872964169381,0.526829268292683,0.394933375043019,0.9653177956006592,0.0008580281242551724,0.570316731929779,0.0001097175627364777,True,0.06436620652675629,0.06221865862607956,1.0,1,0.526829268292683,0.526829268292683,0.0,True,early_stopped_cleanly
synthetic_xor,44,classification,ablation,TST-v1-Gate,TST-v1-Gate,1024,20,ok,,tuned_tst_benchmark,,,,,,,,,,,7,0.6970922470092773,0.5276872964169381,0.526829268292683,0.42085177094718373,0.6148701580154918,0.0008580281242551724,0.5708169937133789,8.881479880074039e-05,True,0.059990160167217255,0.05940669775009155,1.0,1,0.526829268292683,0.526829268292683,0.0,True,early_stopped_cleanly
synthetic_xor,44,classification,ablation,TST-v1-Gate,TST-v1-Gate,1024,20,ok,,tuned_tst_benchmark,,,,,,,,,,,8,0.6938324332237243,0.5276872964169381,0.526829268292683,0.39027750601934824,0.687282486296801,0.0008580281242551724,0.5326195955276489,8.241303294198588e-05,True,0.05769743770360947,0.05705684423446655,1.0,1,0.526829268292683,0.526829268292683,0.0,True,early_stopped_cleanly
synthetic_xor,44,classification,ablation,TST-v1-Gate,TST-v1-Gate,1024,20,ok,,tuned_tst_benchmark,,,,,,,,,,,9,0.6913609623908996,0.5276872964169381,0.526829268292683,0.40619712134913505,0.5617899797564908,0.0008580281242551724,0.5009349584579468,7.669549813726917e-05,True,0.05660500377416611,0.05576503276824951,1.0,1,0.526829268292683,0.526829268292683,0.0,True,early_stopped_cleanly
synthetic_xor,44,classification,ablation,TST-v1-Gate,TST-v1-Gate,1024,20,ok,,tuned_tst_benchmark,,,,,,,,,,,10,0.69458566904068,0.4723127035830619,0.47317073170731705,0.4486761431223723,0.9785281472046421,-0.0008580281242551724,0.49785035848617554,7.351100794039667e-05,True,0.05622806027531624,0.05573446303606033,1.0,1,0.526829268292683,0.526829268292683,0.0,True,early_stopped_cleanly
synthetic_xor,44,classification,ablation,TST-v1-Gate,TST-v1-Gate,1024,20,ok,,tuned_tst_benchmark,,,,,,,,,,,11,0.6930189728736877,0.5276872964169381,0.526829268292683,0.3693881197083433,0.780921080897817,0.0008580281242551724,0.5369269251823425,6.980230682529509e-05,True,0.05629459768533707,0.05604735016822815,1.0,1,0.526829268292683,0.526829268292683,0.0,True,early_stopped_cleanly
synthetic_xor,44,classification,ablation,TST-v3-MoE,TST-v3-MoE,1024,20,ok,,tuned_tst_benchmark,,,,,,,,,,,1,0.8082129001617432,0.5276872964169381,0.526829268292683,2.3900574656891425,4.874339978134928,0.0008580281242551724,0.635539710521698,3.7752943171653897e-05,True,0.1837598830461502,0.18372251093387604,0.0,1,0.526829268292683,0.526829268292683,0.0,True,early_stopped_cleanly
synthetic_xor,44,classification,ablation,TST-v3-MoE,TST-v3-MoE,1024,20,ok,,tuned_tst_benchmark,,,,,,,,,,,2,0.7051449060440064,0.4723127035830619,0.47317073170731705,0.42746480268306053,0.663170803787871,-0.0008580281242551724,0.46895191073417664,1.2334622624621261e-05,True,0.12321122735738754,0.12317679822444916,0.0,1,0.526829268292683,0.526829268292683,0.0,True,early_stopped_cleanly
synthetic_xor,44,classification,ablation,TST-v3-MoE,TST-v3-MoE,1024,20,ok,,tuned_tst_benchmark,,,,,,,,,,,3,0.7106313705444336,0.4723127035830619,0.47317073170731705,0.587644120134286,1.1222229018365606,-0.0008580281242551724,0.4872652292251587,5.2214631978131365e-06,True,0.08492716401815414,0.0848894715309143,1.0,1,0.526829268292683,0.526829268292683,0.0,True,early_stopped_cleanly
synthetic_xor,44,classification,ablation,TST-v3-MoE,TST-v3-MoE,1024,20,ok,,tuned_tst_benchmark,,,,,,,,,,,4,0.698757004737854,0.5276872964169381,0.526829268292683,0.4321715626113199,0.6031085796405434,0.0008580281242551724,0.588372528553009,2.6893294489127584e-06,True,0.06663749366998672,0.06659835577011108,1.0,1,0.526829268292683,0.526829268292683,0.0,True,early_stopped_cleanly
synthetic_xor,44,classification,ablation,TST-v3-MoE,TST-v3-MoE,1024,20,ok,,tuned_tst_benchmark,,,,,,,,,,,5,0.6958016872406005,0.5276872964169381,0.526829268292683,0.2747321409243857,0.4533687884946528,0.0008580281242551724,0.5547178983688354,1.8370488987784483e-06,True,0.05748329311609268,0.05744963139295578,1.0,1,0.526829268292683,0.526829268292683,0.0,True,early_stopped_cleanly
synthetic_xor,44,classification,ablation,TST-v3-MoE,TST-v3-MoE,1024,20,ok,,tuned_tst_benchmark,,,,,,,,,,,6,0.6928847432136536,0.5276872964169381,0.526829268292683,0.20871460510921258,0.3413131974746697,0.0008580281242551724,0.5077295303344727,1.6428913340860163e-06,True,0.052642662078142166,0.052612416446208954,1.0,1,0.526829268292683,0.526829268292683,0.0,True,early_stopped_cleanly
synthetic_xor,44,classification,ablation,TST-v3-MoE,TST-v3-MoE,1024,20,ok,,tuned_tst_benchmark,,,,,,,,,,,7,0.6945821523666382,0.5276872964169381,0.526829268292683,0.4088107090148515,0.9597074418908342,0.0008580281242551724,0.5201883912086487,1.4268420045482344e-06,True,0.050072621554136276,0.05004420876502991,1.0,1,0.526829268292683,0.526829268292683,0.0,True,early_stopped_cleanly
synthetic_xor,44,classification,ablation,TST-v3-MoE,TST-v3-MoE,1024,20,ok,,tuned_tst_benchmark,,,,,,,,,,,8,0.6921382546424866,0.5276872964169381,0.526829268292683,0.14482165836696775,0.21656316865257216,0.0008580281242551724,0.5308587551116943,1.294515982408484e-06,True,0.04878586158156395,0.048758674412965775,1.0,1,0.526829268292683,0.526829268292683,0.0,True,early_stopped_cleanly
synthetic_xor,44,classification,ablation,TST-v3-MoE,TST-v3-MoE,1024,20,ok,,tuned_tst_benchmark,,,,,,,,,,,9,0.6923183679580689,0.5276872964169381,0.526829268292683,0.11104536303636248,0.20439320328229824,0.0008580281242551724,0.5389350056648254,1.2129180504416581e-06,True,0.04825782775878906,0.04823129624128342,1.0,1,0.526829268292683,0.526829268292683,0.0,True,early_stopped_cleanly
synthetic_xor,44,classification,ablation,TST-v3-MoE,TST-v3-MoE,1024,20,ok,,tuned_tst_benchmark,,,,,,,,,,,10,0.692229151725769,0.5276872964169381,0.526829268292683,0.13702143723292037,0.28129619408964396,0.0008580281242551724,0.5299540162086487,1.280760898225708e-06,True,0.048191409558057785,0.0481654554605484,1.0,1,0.526829268292683,0.526829268292683,0.0,True,early_stopped_cleanly
synthetic_xor,44,classification,ablation,TST-v3-MoE,TST-v3-MoE,1024,20,ok,,tuned_tst_benchmark,,,,,,,,,,,11,0.6925402879714966,0.5276872964169381,0.526829268292683,0.2374034203810662,0.36018465292856844,0.0008580281242551724,0.5229600667953491,1.3560995739680948e-06,True,0.04841089993715286,0.048385173082351685,1.0,1,0.526829268292683,0.526829268292683,0.0,True,early_stopped_cleanly
synthetic_xor,44,classification,neural_baseline,FT-Transformer-style,local_ft_transformer,1024,20,ok,,tuned_tst_benchmark,,,,,,,,,,,1,0.8205438494682312,0.5276872964169381,0.526829268292683,28.863754437680342,81.83964909638013,0.0008580281242551724,0.6692779064178467,0.014390699565410614,False,,,,1,0.526829268292683,0.5121951219512195,0.014634146341463428,True,overfit
synthetic_xor,44,classification,neural_baseline,FT-Transformer-style,local_ft_transformer,1024,20,ok,,tuned_tst_benchmark,,,,,,,,,,,2,0.7007599830627441,0.4755700325732899,0.4682926829268293,3.679930205927892,8.430138974208512,0.007277349646460596,0.476414293050766,0.010506955906748772,False,,,,1,0.526829268292683,0.5121951219512195,0.014634146341463428,True,overfit
synthetic_xor,44,classification,neural_baseline,FT-Transformer-style,local_ft_transformer,1024,20,ok,,tuned_tst_benchmark,,,,,,,,,,,3,0.7005648851394654,0.4723127035830619,0.47317073170731705,1.9866530984360082,2.5094812438144305,-0.0008580281242551724,0.46932968497276306,0.009251617826521397,False,,,,1,0.526829268292683,0.5121951219512195,0.014634146341463428,True,overfit
synthetic_xor,44,classification,neural_baseline,FT-Transformer-style,local_ft_transformer,1024,20,ok,,tuned_tst_benchmark,,,,,,,,,,,4,0.6988249063491822,0.5276872964169381,0.526829268292683,1.3079440493959757,2.3783806371755247,0.0008580281242551724,0.5677391290664673,0.008736168965697289,False,,,,1,0.526829268292683,0.5121951219512195,0.014634146341463428,True,overfit
synthetic_xor,44,classification,neural_baseline,FT-Transformer-style,local_ft_transformer,1024,20,ok,,tuned_tst_benchmark,,,,,,,,,,,5,0.6928332686424256,0.5276872964169381,0.526829268292683,0.9840523061867981,1.604399797766745,0.0008580281242551724,0.5602747201919556,0.009143923409283161,False,,,,1,0.526829268292683,0.5121951219512195,0.014634146341463428,True,overfit
synthetic_xor,44,classification,neural_baseline,FT-Transformer-style,local_ft_transformer,1024,20,ok,,tuned_tst_benchmark,,,,,,,,,,,6,0.6880605220794678,0.5488599348534202,0.5024390243902439,0.751797757829986,1.1462120363648964,0.04642091046317631,0.5115282535552979,0.010434700176119804,False,,,,1,0.526829268292683,0.5121951219512195,0.014634146341463428,True,overfit
synthetic_xor,44,classification,neural_baseline,FT-Transformer-style,local_ft_transformer,1024,20,ok,,tuned_tst_benchmark,,,,,,,,,,,7,0.68776034116745,0.5407166123778502,0.5170731707317073,0.6443732567302828,1.190685784476187,0.02364344164614285,0.5205746293067932,0.012165192514657974,False,,,,1,0.526829268292683,0.5121951219512195,0.014634146341463428,True,overfit
synthetic_xor,44,classification,neural_baseline,FT-Transformer-style,local_ft_transformer,1024,20,ok,,tuned_tst_benchmark,,,,,,,,,,,8,0.6869166851043701,0.5390879478827362,0.526829268292683,0.409285891646942,0.5989518800179093,0.012258679590053223,0.5297524333000183,0.014585788361728191,False,,,,1,0.526829268292683,0.5121951219512195,0.014634146341463428,True,overfit
synthetic_xor,44,classification,neural_baseline,FT-Transformer-style,local_ft_transformer,1024,20,ok,,tuned_tst_benchmark,,,,,,,,,,,9,0.6879649877548217,0.5342019543973942,0.526829268292683,0.5011894145210852,1.0146156156382053,0.007372686104711201,0.5417755842208862,0.017934011295437813,False,,,,1,0.526829268292683,0.5121951219512195,0.014634146341463428,True,overfit
synthetic_xor,44,classification,neural_baseline,FT-Transformer-style,local_ft_transformer,1024,20,ok,,tuned_tst_benchmark,,,,,,,,,,,10,0.6871758341789246,0.5651465798045603,0.5121951219512195,0.6464194884622266,0.9994891400477128,0.052951457853340766,0.5205808877944946,0.022686485201120377,False,,,,1,0.526829268292683,0.5121951219512195,0.014634146341463428,True,overfit
synthetic_xor,44,classification,neural_baseline,FT-Transformer-style,local_ft_transformer,1024,20,ok,,tuned_tst_benchmark,,,,,,,,,,,11,0.6858301997184754,0.5586319218241043,0.5121951219512195,1.0195297650369817,2.189881698231581,0.04643679987288474,0.5411125421524048,0.028177320957183838,False,,,,1,0.526829268292683,0.5121951219512195,0.014634146341463428,True,overfit
synthetic_xor,44,classification,ablation,TST,TST-v0-tuned,1024,20,ok,,tuned_tst_benchmark,TST-v0,tst_v0_lr_1e-4,1e-4,val_accuracy,maximize,0.536585,8,3,"1e-4,3e-4,1e-3",lr_only,1,0.7563870191574097,0.5211726384364821,0.5170731707317073,10.995838517144907,25.16394012063963,0.004099467704774762,0.61811763048172,0.08306948095560074,False,,,,8,0.5365853658536586,0.4926829268292683,0.04390243902439028,True,overfit
synthetic_xor,44,classification,ablation,TST,TST-v0-tuned,1024,20,ok,,tuned_tst_benchmark,TST-v0,tst_v0_lr_1e-4,1e-4,val_accuracy,maximize,0.536585,8,3,"1e-4,3e-4,1e-3",lr_only,2,0.7205809950828552,0.49022801302931596,0.5073170731707317,5.532506766322017,8.128230656278006,-0.017089060141415757,0.5248301029205322,0.05882764980196953,False,,,,8,0.5365853658536586,0.4926829268292683,0.04390243902439028,True,overfit
synthetic_xor,44,classification,ablation,TST,TST-v0-tuned,1024,20,ok,,tuned_tst_benchmark,TST-v0,tst_v0_lr_1e-4,1e-4,val_accuracy,maximize,0.536585,8,3,"1e-4,3e-4,1e-3",lr_only,3,0.7042490720748902,0.49022801302931596,0.4585365853658537,2.9802170445254714,5.260401867430998,0.03169142766346228,0.4767116606235504,0.04485722631216049,False,,,,8,0.5365853658536586,0.4926829268292683,0.04390243902439028,True,overfit
synthetic_xor,44,classification,ablation,TST,TST-v0-tuned,1024,20,ok,,tuned_tst_benchmark,TST-v0,tst_v0_lr_1e-4,1e-4,val_accuracy,maximize,0.536585,8,3,"1e-4,3e-4,1e-3",lr_only,4,0.6979210615158081,0.5179153094462541,0.5121951219512195,2.513821265193297,3.7224080726978452,0.005720187495034557,0.5508685111999512,0.037625573575496674,False,,,,8,0.5365853658536586,0.4926829268292683,0.04390243902439028,True,overfit
synthetic_xor,44,classification,ablation,TST,TST-v0-tuned,1024,20,ok,,tuned_tst_benchmark,TST-v0,tst_v0_lr_1e-4,1e-4,val_accuracy,maximize,0.536585,8,3,"1e-4,3e-4,1e-3",lr_only,5,0.6940776824951171,0.5244299674267101,0.526829268292683,2.4361775967460604,4.173528832196709,-0.002399300865972842,0.5428747534751892,0.03348388150334358,False,,,,8,0.5365853658536586,0.4926829268292683,0.04390243902439028,True,overfit
synthetic_xor,44,classification,ablation,TST,TST-v0-tuned,1024,20,ok,,tuned_tst_benchmark,TST-v0,tst_v0_lr_1e-4,1e-4,val_accuracy,maximize,0.536585,8,3,"1e-4,3e-4,1e-3",lr_only,6,0.6900942087173462,0.509771986970684,0.5121951219512195,1.7952302452522246,3.2054735743386598,-0.0024231349805354796,0.5223374366760254,0.03109220787882805,False,,,,8,0.5365853658536586,0.4926829268292683,0.04390243902439028,True,overfit
synthetic_xor,44,classification,ablation,TST,TST-v0-tuned,1024,20,ok,,tuned_tst_benchmark,TST-v0,tst_v0_lr_1e-4,1e-4,val_accuracy,maximize,0.536585,8,3,"1e-4,3e-4,1e-3",lr_only,7,0.689914870262146,0.5179153094462541,0.5170731707317073,0.7843382672418981,1.5112195022558936,0.0008421387145467474,0.5228020548820496,0.030068635940551758,False,,,,8,0.5365853658536586,0.4926829268292683,0.04390243902439028,True,overfit
synthetic_xor,44,classification,ablation,TST,TST-v0-tuned,1024,20,ok,,tuned_tst_benchmark,TST-v0,tst_v0_lr_1e-4,1e-4,val_accuracy,maximize,0.536585,8,3,"1e-4,3e-4,1e-3",lr_only,8,0.6890675544738769,0.5325732899022801,0.5365853658536586,1.4257231717996621,3.0468088006542833,-0.004012075951378424,0.5338509678840637,0.029625413939356804,False,,,,8,0.5365853658536586,0.4926829268292683,0.04390243902439028,True,overfit
synthetic_xor,44,classification,ablation,TST,TST-v0-tuned,1024,20,ok,,tuned_tst_benchmark,TST-v0,tst_v0_lr_1e-4,1e-4,val_accuracy,maximize,0.536585,8,3,"1e-4,3e-4,1e-3",lr_only,9,0.6877700567245484,0.5358306188925082,0.5317073170731708,1.5882709558634915,2.6819915995285593,0.004123301819337399,0.5266035795211792,0.030218299478292465,False,,,,8,0.5365853658536586,0.4926829268292683,0.04390243902439028,True,overfit
synthetic_xor,44,classification,ablation,TST,TST-v0-tuned,1024,20,ok,,tuned_tst_benchmark,TST-v0,tst_v0_lr_1e-4,1e-4,val_accuracy,maximize,0.536585,8,3,"1e-4,3e-4,1e-3",lr_only,10,0.6883023619651795,0.5276872964169381,0.5219512195121951,1.8186133724329572,3.191754710284204,0.005736076904742982,0.5149152278900146,0.030854204669594765,False,,,,8,0.5365853658536586,0.4926829268292683,0.04390243902439028,True,overfit
synthetic_xor,44,classification,ablation,TST,TST-v0-tuned,1024,20,ok,,tuned_tst_benchmark,TST-v0,tst_v0_lr_1e-4,1e-4,val_accuracy,maximize,0.536585,8,3,"1e-4,3e-4,1e-3",lr_only,11,0.6870900511741638,0.5358306188925082,0.5219512195121951,1.5659747571022344,2.7144406416483258,0.013879399380313018,0.549231231212616,0.03192579746246338,False,,,,8,0.5365853658536586,0.4926829268292683,0.04390243902439028,True,overfit
synthetic_xor,44,classification,ablation,TST,TST-v0-tuned,1024,20,ok,,tuned_tst_benchmark,TST-v0,tst_v0_lr_1e-4,1e-4,val_accuracy,maximize,0.536585,8,3,"1e-4,3e-4,1e-3",lr_only,12,0.685636842250824,0.5553745928338762,0.5219512195121951,1.6423012616674193,2.4845685892830005,0.033423373321681105,0.5357738733291626,0.03362126275897026,False,,,,8,0.5365853658536586,0.4926829268292683,0.04390243902439028,True,overfit
synthetic_xor,44,classification,ablation,TST,TST-v0-tuned,1024,20,ok,,tuned_tst_benchmark,TST-v0,tst_v0_lr_1e-4,1e-4,val_accuracy,maximize,0.536585,8,3,"1e-4,3e-4,1e-3",lr_only,13,0.6842272162437439,0.5553745928338762,0.4682926829268293,1.7639756242990874,4.308509731624552,0.08708190990704695,0.5003716945648193,0.035736747086048126,False,,,,8,0.5365853658536586,0.4926829268292683,0.04390243902439028,True,overfit
synthetic_xor,44,classification,ablation,TST,TST-v0-tuned,1024,20,ok,,tuned_tst_benchmark,TST-v0,tst_v0_lr_1e-4,1e-4,val_accuracy,maximize,0.536585,8,3,"1e-4,3e-4,1e-3",lr_only,14,0.6835030555725098,0.5651465798045603,0.5024390243902439,1.536213609004855,1.946306135427111,0.06270755541431638,0.5313244462013245,0.03818405419588089,False,,,,8,0.5365853658536586,0.4926829268292683,0.04390243902439028,True,overfit
synthetic_xor,44,classification,ablation,TST,TST-v0-tuned,1024,20,ok,,tuned_tst_benchmark,TST-v0,tst_v0_lr_1e-4,1e-4,val_accuracy,maximize,0.536585,8,3,"1e-4,3e-4,1e-3",lr_only,15,0.6802266359329223,0.5488599348534202,0.5170731707317073,0.9872883014672332,1.7866813158355654,0.031786764121712885,0.552527129650116,0.04100480675697327,False,,,,8,0.5365853658536586,0.4926829268292683,0.04390243902439028,True,overfit
synthetic_xor,44,classification,ablation,TST,TST-v0-tuned,1024,20,ok,,tuned_tst_benchmark,TST-v0,tst_v0_lr_1e-4,1e-4,val_accuracy,maximize,0.536585,8,3,"1e-4,3e-4,1e-3",lr_only,16,0.6806194543838501,0.5651465798045603,0.48292682926829267,1.7582078854757146,2.9713182714438107,0.08221975053626762,0.5228452086448669,0.04460681602358818,False,,,,8,0.5365853658536586,0.4926829268292683,0.04390243902439028,True,overfit
synthetic_xor,44,classification,ablation,TST,TST-v0-tuned,1024,20,ok,,tuned_tst_benchmark,TST-v0,tst_v0_lr_1e-4,1e-4,val_accuracy,maximize,0.536585,8,3,"1e-4,3e-4,1e-3",lr_only,17,0.6784019351005555,0.5732899022801303,0.5024390243902439,1.656740696708976,2.8320943049239125,0.07085087788988642,0.5247759819030762,0.048542898148298264,False,,,,8,0.5365853658536586,0.4926829268292683,0.04390243902439028,True,overfit
synthetic_xor,44,classification,ablation,TST,TST-v0-tuned,1024,20,ok,,tuned_tst_benchmark,TST-v0,tst_v0_lr_1e-4,1e-4,val_accuracy,maximize,0.536585,8,3,"1e-4,3e-4,1e-3",lr_only,18,0.6797269225120545,0.5830618892508144,0.4926829268292683,1.865153307484924,2.9405978077533326,0.09037896242154608,0.5343776345252991,0.05349582061171532,False,,,,8,0.5365853658536586,0.4926829268292683,0.04390243902439028,True,overfit
synthetic_xor,44,classification,ablation,TST,TST-v1-Gate-tuned,1024,20,ok,,tuned_tst_benchmark,TST-v1-Gate,tst_v1_gate_lr_1e-4,1e-4,val_accuracy,maximize,0.536585,9,3,"1e-4,3e-4,1e-3",lr_only,1,0.7963798999786377,0.5146579804560261,0.5170731707317073,38.5664231190823,94.78957995553033,-0.002415190275681267,0.6380148530006409,0.07746703922748566,True,0.2646344006061554,0.26547467708587646,0.0,9,0.5365853658536586,0.48292682926829267,0.0536585365853659,True,overfit
synthetic_xor,44,classification,ablation,TST,TST-v1-Gate-tuned,1024,20,ok,,tuned_tst_benchmark,TST-v1-Gate,tst_v1_gate_lr_1e-4,1e-4,val_accuracy,maximize,0.536585,9,3,"1e-4,3e-4,1e-3",lr_only,2,0.7552744269371032,0.49185667752442996,0.5024390243902439,19.367564772691317,31.062184386973627,-0.01058234686581394,0.5195565819740295,0.05459974706172943,True,0.25940465927124023,0.25886180996894836,0.0,9,0.5365853658536586,0.48292682926829267,0.0536585365853659,True,overfit
synthetic_xor,44,classification,ablation,TST,TST-v1-Gate-tuned,1024,20,ok,,tuned_tst_benchmark,TST-v1-Gate,tst_v1_gate_lr_1e-4,1e-4,val_accuracy,maximize,0.536585,9,3,"1e-4,3e-4,1e-3",lr_only,3,0.7360696196556091,0.48859934853420195,0.4634146341463415,9.611501895941808,17.380148761598644,0.025184714387860463,0.4703122079372406,0.04105444252490997,True,0.2535868287086487,0.25244495272636414,0.0,9,0.5365853658536586,0.48292682926829267,0.0536585365853659,True,overfit
synthetic_xor,44,classification,ablation,TST,TST-v1-Gate-tuned,1024,20,ok,,tuned_tst_benchmark,TST-v1-Gate,tst_v1_gate_lr_1e-4,1e-4,val_accuracy,maximize,0.536585,9,3,"1e-4,3e-4,1e-3",lr_only,4,0.7287131667137146,0.5195439739413681,0.5170731707317073,8.064272195835489,11.505411767365393,0.0024708032096607546,0.5495641827583313,0.03434477001428604,True,0.24751237034797668,0.24696174263954163,0.0,9,0.5365853658536586,0.48292682926829267,0.0536585365853659,True,overfit
synthetic_xor,44,classification,ablation,TST,TST-v1-Gate-tuned,1024,20,ok,,tuned_tst_benchmark,TST-v1-Gate,tst_v1_gate_lr_1e-4,1e-4,val_accuracy,maximize,0.536585,9,3,"1e-4,3e-4,1e-3",lr_only,5,0.7232816457748413,0.5325732899022801,0.526829268292683,7.2343959749204485,13.17157903519363,0.005744021609597194,0.5485550165176392,0.030328378081321716,True,0.24127864837646484,0.2404133677482605,0.0,9,0.5365853658536586,0.48292682926829267,0.0536585365853659,True,overfit
synthetic_xor,44,classification,ablation,TST,TST-v1-Gate-tuned,1024,20,ok,,tuned_tst_benchmark,TST-v1-Gate,tst_v1_gate_lr_1e-4,1e-4,val_accuracy,maximize,0.536585,9,3,"1e-4,3e-4,1e-3",lr_only,6,0.7183982729911804,0.5179153094462541,0.526829268292683,5.546662019107549,10.452572140867488,-0.008913958846428871,0.5246375799179077,0.02799806371331215,True,0.23499706387519836,0.23383712768554688,0.0,9,0.5365853658536586,0.48292682926829267,0.0536585365853659,True,overfit
synthetic_xor,44,classification,ablation,TST,TST-v1-Gate-tuned,1024,20,ok,,tuned_tst_benchmark,TST-v1-Gate,tst_v1_gate_lr_1e-4,1e-4,val_accuracy,maximize,0.536585,9,3,"1e-4,3e-4,1e-3",lr_only,7,0.7170936703681946,0.511400651465798,0.5170731707317073,2.113292253973271,4.502434495817971,-0.005672519265909282,0.5194997787475586,0.026832008734345436,True,0.22874815762043,0.22737640142440796,0.0,9,0.5365853658536586,0.48292682926829267,0.0536585365853659,True,overfit
synthetic_xor,44,classification,ablation,TST,TST-v1-Gate-tuned,1024,20,ok,,tuned_tst_benchmark,TST-v1-Gate,tst_v1_gate_lr_1e-4,1e-4,val_accuracy,maximize,0.536585,9,3,"1e-4,3e-4,1e-3",lr_only,8,0.7148593664169312,0.5309446254071661,0.5121951219512195,4.18615971411053,10.217555188127573,0.018749503455946614,0.5315042734146118,0.026177112013101578,True,0.22253641486167908,0.22106187045574188,0.0,9,0.5365853658536586,0.48292682926829267,0.0536585365853659,True,overfit
synthetic_xor,44,classification,ablation,TST,TST-v1-Gate-tuned,1024,20,ok,,tuned_tst_benchmark,TST-v1-Gate,tst_v1_gate_lr_1e-4,1e-4,val_accuracy,maximize,0.536585,9,3,"1e-4,3e-4,1e-3",lr_only,9,0.7127899765968323,0.5244299674267101,0.5365853658536586,5.07095931819187,8.880389183896009,-0.01215539842694846,0.5287719368934631,0.02638053521513939,True,0.21645024418830872,0.21478694677352905,0.0,9,0.5365853658536586,0.48292682926829267,0.0536585365853659,True,overfit
synthetic_xor,44,classification,ablation,TST,TST-v1-Gate-tuned,1024,20,ok,,tuned_tst_benchmark,TST-v1-Gate,tst_v1_gate_lr_1e-4,1e-4,val_accuracy,maximize,0.536585,9,3,"1e-4,3e-4,1e-3",lr_only,10,0.7121987104415893,0.5260586319218241,0.5219512195121951,5.946117799223378,10.452051570953603,0.004107412409628974,0.5160436034202576,0.02661137469112873,True,0.21047480404376984,0.2086063027381897,0.0,9,0.5365853658536586,0.48292682926829267,0.0536585365853659,True,overfit
synthetic_xor,44,classification,ablation,TST,TST-v1-Gate-tuned,1024,20,ok,,tuned_tst_benchmark,TST-v1-Gate,tst_v1_gate_lr_1e-4,1e-4,val_accuracy,maximize,0.536585,9,3,"1e-4,3e-4,1e-3",lr_only,11,0.7099723577499389,0.5342019543973942,0.526829268292683,5.155216172753171,9.388949764730484,0.007372686104711201,0.5470913052558899,0.027133353054523468,True,0.20465385913848877,0.20279328525066376,0.0,9,0.5365853658536586,0.48292682926829267,0.0536585365853659,True,overfit
synthetic_xor,44,classification,ablation,TST,TST-v1-Gate-tuned,1024,20,ok,,tuned_tst_benchmark,TST-v1-Gate,tst_v1_gate_lr_1e-4,1e-4,val_accuracy,maximize,0.536585,9,3,"1e-4,3e-4,1e-3",lr_only,12,0.707943320274353,0.5374592833876222,0.5317073170731708,5.497818008196793,8.601889828670368,0.005751966314451407,0.5353982448577881,0.028151333332061768,True,0.19898515939712524,0.19697466492652893,0.0,9,0.5365853658536586,0.48292682926829267,0.0536585365853659,True,overfit
synthetic_xor,44,classification,ablation,TST,TST-v1-Gate-tuned,1024,20,ok,,tuned_tst_benchmark,TST-v1-Gate,tst_v1_gate_lr_1e-4,1e-4,val_accuracy,maximize,0.536585,9,3,"1e-4,3e-4,1e-3",lr_only,13,0.7055404424667359,0.5700325732899023,0.48292682926829267,6.101621143120005,15.146145412950732,0.08710574402160964,0.5016522407531738,0.0294655691832304,True,0.19348666071891785,0.19130796194076538,0.0,9,0.5365853658536586,0.48292682926829267,0.0536585365853659,True,overfit
synthetic_xor,44,classification,ablation,TST,TST-v1-Gate-tuned,1024,20,ok,,tuned_tst_benchmark,TST-v1-Gate,tst_v1_gate_lr_1e-4,1e-4,val_accuracy,maximize,0.536585,9,3,"1e-4,3e-4,1e-3",lr_only,14,0.7039106488227844,0.5618892508143323,0.5024390243902439,5.30802805927514,7.17295597863685,0.05945022642408837,0.5303562879562378,0.030964557081460953,True,0.18816086649894714,0.18599864840507507,0.0,9,0.5365853658536586,0.48292682926829267,0.0536585365853659,True,overfit
synthetic_xor,44,classification,ablation,TST,TST-v1-Gate-tuned,1024,20,ok,,tuned_tst_benchmark,TST-v1-Gate,tst_v1_gate_lr_1e-4,1e-4,val_accuracy,maximize,0.536585,9,3,"1e-4,3e-4,1e-3",lr_only,15,0.7000641703605652,0.5390879478827362,0.526829268292683,3.1865083248085693,6.24299840002751,0.012258679590053223,0.5520824790000916,0.03271956741809845,True,0.18302510678768158,0.18089580535888672,0.0,9,0.5365853658536586,0.48292682926829267,0.0536585365853659,True,overfit
synthetic_xor,44,classification,ablation,TST,TST-v1-Gate-tuned,1024,20,ok,,tuned_tst_benchmark,TST-v1-Gate,tst_v1_gate_lr_1e-4,1e-4,val_accuracy,maximize,0.536585,9,3,"1e-4,3e-4,1e-3",lr_only,16,0.6990381121635437,0.5456026058631922,0.5219512195121951,6.368156688667751,11.094516044889275,0.02365138635099706,0.5235873460769653,0.03507284075021744,True,0.17802928388118744,0.17580175399780273,0.0,9,0.5365853658536586,0.48292682926829267,0.0536585365853659,True,overfit
synthetic_xor,44,classification,ablation,TST,TST-v1-Gate-tuned,1024,20,ok,,tuned_tst_benchmark,TST-v1-Gate,tst_v1_gate_lr_1e-4,1e-4,val_accuracy,maximize,0.536585,9,3,"1e-4,3e-4,1e-3",lr_only,17,0.6967849373817444,0.5521172638436482,0.5121951219512195,6.223901124253385,10.712409673058318,0.03992214189242871,0.5246959328651428,0.037627507001161575,True,0.17318770289421082,0.170654296875,0.0,9,0.5365853658536586,0.48292682926829267,0.0536585365853659,True,overfit
synthetic_xor,44,classification,ablation,TST,TST-v1-Gate-tuned,1024,20,ok,,tuned_tst_benchmark,TST-v1-Gate,tst_v1_gate_lr_1e-4,1e-4,val_accuracy,maximize,0.536585,9,3,"1e-4,3e-4,1e-3",lr_only,18,0.6971736192703247,0.5651465798045603,0.5073170731707317,6.869934062830259,11.263144080743556,0.057829506633828576,0.5333251357078552,0.04096715524792671,True,0.16853675246238708,0.16561579704284668,0.0,9,0.5365853658536586,0.48292682926829267,0.0536585365853659,True,overfit
synthetic_xor,44,classification,ablation,TST,TST-v1-Gate-tuned,1024,20,ok,,tuned_tst_benchmark,TST-v1-Gate,tst_v1_gate_lr_1e-4,1e-4,val_accuracy,maximize,0.536585,9,3,"1e-4,3e-4,1e-3",lr_only,19,0.6935209393501282,0.5618892508143323,0.48292682926829267,5.247675359425851,13.084651281340719,0.07896242154603961,0.5065353512763977,0.04414646327495575,True,0.16403773427009583,0.1609078347682953,0.0,9,0.5365853658536586,0.48292682926829267,0.0536585365853659,True,overfit
synthetic_xor,44,classification,ablation,TST,TST-v3-MoE-tuned,1024,20,ok,,tuned_tst_benchmark,TST-v3-MoE,tst_v3_moe_lr_3e-4,3e-4,val_accuracy,maximize,0.526829,1,3,"1e-4,3e-4,1e-3",lr_only,1,0.7691936731338501,0.5276872964169381,0.526829268292683,1.8636136011389461,4.874339978134928,0.0008580281242551724,0.5123185515403748,0.00020986967138014734,True,0.24082449078559875,0.24081280827522278,0.0,1,0.526829268292683,0.526829268292683,0.0,True,early_stopped_cleanly
synthetic_xor,44,classification,ablation,TST,TST-v3-MoE-tuned,1024,20,ok,,tuned_tst_benchmark,TST-v3-MoE,tst_v3_moe_lr_3e-4,3e-4,val_accuracy,maximize,0.526829,1,3,"1e-4,3e-4,1e-3",lr_only,2,0.7409542202949524,0.5276872964169381,0.526829268292683,1.2809270086208013,1.8255894059543358,0.0008580281242551724,0.5795527100563049,0.00012033939128741622,True,0.21501508355140686,0.2150002419948578,0.0,1,0.526829268292683,0.526829268292683,0.0,True,early_stopped_cleanly
synthetic_xor,44,classification,ablation,TST,TST-v3-MoE-tuned,1024,20,ok,,tuned_tst_benchmark,TST-v3-MoE,tst_v3_moe_lr_3e-4,3e-4,val_accuracy,maximize,0.526829,1,3,"1e-4,3e-4,1e-3",lr_only,3,0.7182891726493835,0.4723127035830619,0.47317073170731705,0.5436008205723719,1.0606623985532906,-0.0008580281242551724,0.4636170566082001,7.717402331763878e-05,True,0.1916581392288208,0.1916421353816986,0.0,1,0.526829268292683,0.526829268292683,0.0,True,early_stopped_cleanly
synthetic_xor,44,classification,ablation,TST,TST-v3-MoE-tuned,1024,20,ok,,tuned_tst_benchmark,TST-v3-MoE,tst_v3_moe_lr_3e-4,3e-4,val_accuracy,maximize,0.526829,1,3,"1e-4,3e-4,1e-3",lr_only,4,0.7162586808204651,0.5276872964169381,0.526829268292683,0.5490566119931228,1.0506794289737118,0.0008580281242551724,0.5124729871749878,5.6702741858316585e-05,True,0.17079704999923706,0.17077083885669708,0.0,1,0.526829268292683,0.526829268292683,0.0,True,early_stopped_cleanly
synthetic_xor,44,classification,ablation,TST,TST-v3-MoE-tuned,1024,20,ok,,tuned_tst_benchmark,TST-v3-MoE,tst_v3_moe_lr_3e-4,3e-4,val_accuracy,maximize,0.526829,1,3,"1e-4,3e-4,1e-3",lr_only,5,0.7039852142333984,0.5276872964169381,0.526829268292683,0.10984140844160968,0.2888850511328199,0.0008580281242551724,0.549221932888031,4.757955684908666e-05,True,0.15236371755599976,0.15233758091926575,0.0,1,0.526829268292683,0.526829268292683,0.0,True,early_stopped_cleanly
synthetic_xor,44,classification,ablation,TST,TST-v3-MoE-tuned,1024,20,ok,,tuned_tst_benchmark,TST-v3-MoE,tst_v3_moe_lr_3e-4,3e-4,val_accuracy,maximize,0.526829,1,3,"1e-4,3e-4,1e-3",lr_only,6,0.7014551043510437,0.5276872964169381,0.526829268292683,0.20742896370869984,0.4226368949017464,0.0008580281242551724,0.5465001463890076,4.275065293768421e-05,True,0.136215940117836,0.1361944079399109,0.0,1,0.526829268292683,0.526829268292683,0.0,True,early_stopped_cleanly
synthetic_xor,44,classification,ablation,TST,TST-v3-MoE-tuned,1024,20,ok,,tuned_tst_benchmark,TST-v3-MoE,tst_v3_moe_lr_3e-4,3e-4,val_accuracy,maximize,0.526829,1,3,"1e-4,3e-4,1e-3",lr_only,7,0.699522340297699,0.5276872964169381,0.526829268292683,0.5251061131760487,1.117165762140185,0.0008580281242551724,0.5381892323493958,4.003971116617322e-05,True,0.12215747684240341,0.12213955819606781,0.0,1,0.526829268292683,0.526829268292683,0.0,True,early_stopped_cleanly
synthetic_xor,44,classification,ablation,TST,TST-v3-MoE-tuned,1024,20,ok,,tuned_tst_benchmark,TST-v3-MoE,tst_v3_moe_lr_3e-4,3e-4,val_accuracy,maximize,0.526829,1,3,"1e-4,3e-4,1e-3",lr_only,8,0.6953210830688477,0.5276872964169381,0.526829268292683,0.16909113514154087,0.23898181739305252,0.0008580281242551724,0.5140790343284607,3.7648518627975136e-05,True,0.1099640354514122,0.10994893312454224,0.0,1,0.526829268292683,0.526829268292683,0.0,True,early_stopped_cleanly
synthetic_xor,44,classification,ablation,TST,TST-v3-MoE-tuned,1024,20,ok,,tuned_tst_benchmark,TST-v3-MoE,tst_v3_moe_lr_3e-4,3e-4,val_accuracy,maximize,0.526829,1,3,"1e-4,3e-4,1e-3",lr_only,9,0.6937119126319885,0.5276872964169381,0.526829268292683,0.1557331459803981,0.38810736101629423,0.0008580281242551724,0.5179518461227417,3.5171899071428925e-05,True,0.09940502792596817,0.09939159452915192,1.0,1,0.526829268292683,0.526829268292683,0.0,True,early_stopped_cleanly
synthetic_xor,44,classification,ablation,TST,TST-v3-MoE-tuned,1024,20,ok,,tuned_tst_benchmark,TST-v3-MoE,tst_v3_moe_lr_3e-4,3e-4,val_accuracy,maximize,0.526829,1,3,"1e-4,3e-4,1e-3",lr_only,10,0.6920676589012146,0.5276872964169381,0.526829268292683,0.17743522637874687,0.2997980295381341,0.0008580281242551724,0.5283915996551514,3.3881668059621006e-05,True,0.09223966300487518,0.09222708642482758,1.0,1,0.526829268292683,0.526829268292683,0.0,True,early_stopped_cleanly
synthetic_xor,44,classification,ablation,TST,TST-v3-MoE-tuned,1024,20,ok,,tuned_tst_benchmark,TST-v3-MoE,tst_v3_moe_lr_3e-4,3e-4,val_accuracy,maximize,0.526829,1,3,"1e-4,3e-4,1e-3",lr_only,11,0.6918208122253418,0.5276872964169381,0.526829268292683,0.2667644014300591,0.40274912176148714,0.0008580281242551724,0.5324981212615967,3.415808532736264e-05,True,0.08814826607704163,0.08813723176717758,1.0,1,0.526829268292683,0.526829268292683,0.0,True,early_stopped_cleanly
synthetic_irrelevant_noise,44,classification,ablation,TST-v0,TST-v0,1024,100,ok,,tuned_tst_benchmark,,,,,,,,,,,1,1.3426099061965941,0.5146579804560261,0.5170731707317073,25.183143916814608,92.88774479820864,-0.002415190275681267,0.7858114838600159,0.0015007791807875037,False,,,,1,0.5170731707317073,0.48292682926829267,0.034146341463414664,True,early_stopped_cleanly
synthetic_irrelevant_noise,44,classification,ablation,TST-v0,TST-v0,1024,100,ok,,tuned_tst_benchmark,,,,,,,,,,,2,0.7515011072158814,0.48534201954397393,0.48292682926829267,1.6429621942578383,2.7392540170995856,0.002415190275681267,0.44695329666137695,0.0005910239415243268,False,,,,1,0.5170731707317073,0.48292682926829267,0.034146341463414664,True,early_stopped_cleanly
synthetic_irrelevant_noise,44,classification,ablation,TST-v0,TST-v0,1024,100,ok,,tuned_tst_benchmark,,,,,,,,,,,3,0.7193406343460083,0.48534201954397393,0.48292682926829267,1.0311880739812709,1.4109276146159289,0.002415190275681267,0.36168673634529114,0.00028718257090076804,False,,,,1,0.5170731707317073,0.48292682926829267,0.034146341463414664,True,early_stopped_cleanly
synthetic_irrelevant_noise,44,classification,ablation,TST-v0,TST-v0,1024,100,ok,,tuned_tst_benchmark,,,,,,,,,,,4,0.7310302972793579,0.48534201954397393,0.48292682926829267,1.25346624746499,1.396315727613711,0.002415190275681267,0.4020088016986847,0.00021944846957921982,False,,,,1,0.5170731707317073,0.48292682926829267,0.034146341463414664,True,early_stopped_cleanly
synthetic_irrelevant_noise,44,classification,ablation,TST-v0,TST-v0,1024,100,ok,,tuned_tst_benchmark,,,,,,,,,,,5,0.7040061235427857,0.48534201954397393,0.48292682926829267,0.672480840114446,1.1816734569128213,0.002415190275681267,0.48247024416923523,0.00019751246145460755,False,,,,1,0.5170731707317073,0.48292682926829267,0.034146341463414664,True,early_stopped_cleanly
synthetic_irrelevant_noise,44,classification,ablation,TST-v0,TST-v0,1024,100,ok,,tuned_tst_benchmark,,,,,,,,,,,6,0.6936837196350097,0.5146579804560261,0.5170731707317073,0.30554611654394925,0.5256687940021153,-0.002415190275681267,0.5462974309921265,0.00018682301742956042,False,,,,1,0.5170731707317073,0.48292682926829267,0.034146341463414664,True,early_stopped_cleanly
synthetic_irrelevant_noise,44,classification,ablation,TST-v0,TST-v0,1024,100,ok,,tuned_tst_benchmark,,,,,,,,,,,7,0.6963926911354065,0.5146579804560261,0.5170731707317073,0.5316192174408436,1.342576825015696,-0.002415190275681267,0.5617756843566895,0.00017754902364686131,False,,,,1,0.5170731707317073,0.48292682926829267,0.034146341463414664,True,early_stopped_cleanly
synthetic_irrelevant_noise,44,classification,ablation,TST-v0,TST-v0,1024,100,ok,,tuned_tst_benchmark,,,,,,,,,,,8,0.6977897405624389,0.5146579804560261,0.5170731707317073,0.4366973043934257,1.1161707726263073,-0.002415190275681267,0.5497531294822693,0.0001701990404399112,False,,,,1,0.5170731707317073,0.48292682926829267,0.034146341463414664,True,early_stopped_cleanly
synthetic_irrelevant_noise,44,classification,ablation,TST-v0,TST-v0,1024,100,ok,,tuned_tst_benchmark,,,,,,,,,,,9,0.6949104905128479,0.5146579804560261,0.5170731707317073,0.3785549458126296,0.8186329054781895,-0.002415190275681267,0.5178165435791016,0.0001628642639843747,False,,,,1,0.5170731707317073,0.48292682926829267,0.034146341463414664,True,early_stopped_cleanly
synthetic_irrelevant_noise,44,classification,ablation,TST-v0,TST-v0,1024,100,ok,,tuned_tst_benchmark,,,,,,,,,,,10,0.6933670520782471,0.48534201954397393,0.48292682926829267,0.4317847888491846,0.7020716991040029,0.002415190275681267,0.490736722946167,0.00015803275164216757,False,,,,1,0.5170731707317073,0.48292682926829267,0.034146341463414664,True,early_stopped_cleanly
synthetic_irrelevant_noise,44,classification,ablation,TST-v0,TST-v0,1024,100,ok,,tuned_tst_benchmark,,,,,,,,,,,11,0.6945534348487854,0.48534201954397393,0.48292682926829267,0.530443717440003,0.8319970460831504,0.002415190275681267,0.48621219396591187,0.00015731906751170754,False,,,,1,0.5170731707317073,0.48292682926829267,0.034146341463414664,True,early_stopped_cleanly
synthetic_irrelevant_noise,44,classification,ablation,TST-v1-Gate,TST-v1-Gate,1024,100,ok,,tuned_tst_benchmark,,,,,,,,,,,1,1.5054800033569335,0.5146579804560261,0.5170731707317073,81.01748066874885,324.34158963795994,-0.002415190275681267,0.7790467143058777,0.0010873614810407162,True,0.21712598204612732,0.19793160259723663,0.0,1,0.5170731707317073,0.48292682926829267,0.034146341463414664,True,early_stopped_cleanly
synthetic_irrelevant_noise,44,classification,ablation,TST-v1-Gate,TST-v1-Gate,1024,100,ok,,tuned_tst_benchmark,,,,,,,,,,,2,0.8389358043670654,0.48534201954397393,0.48292682926829267,2.0808093020964726,4.008280467554383,0.002415190275681267,0.43580466508865356,0.00029861723305657506,True,0.15853573381900787,0.14961951971054077,0.0,1,0.5170731707317073,0.48292682926829267,0.034146341463414664,True,early_stopped_cleanly
synthetic_irrelevant_noise,44,classification,ablation,TST-v1-Gate,TST-v1-Gate,1024,100,ok,,tuned_tst_benchmark,,,,,,,,,,,3,0.7620093703269959,0.48534201954397393,0.48292682926829267,1.1235639572365246,1.4819338543328238,0.002415190275681267,0.3618597984313965,0.00010395039862487465,True,0.11444935202598572,0.10915541648864746,0.39,1,0.5170731707317073,0.48292682926829267,0.034146341463414664,True,early_stopped_cleanly
synthetic_irrelevant_noise,44,classification,ablation,TST-v1-Gate,TST-v1-Gate,1024,100,ok,,tuned_tst_benchmark,,,,,,,,,,,4,0.740130603313446,0.48534201954397393,0.48292682926829267,1.2359268867307134,1.3482115402967678,0.002415190275681267,0.41074392199516296,6.419252895284444e-05,True,0.08639601618051529,0.08018894493579865,0.8,1,0.5170731707317073,0.48292682926829267,0.034146341463414664,True,early_stopped_cleanly
synthetic_irrelevant_noise,44,classification,ablation,TST-v1-Gate,TST-v1-Gate,1024,100,ok,,tuned_tst_benchmark,,,,,,,,,,,5,0.702887237071991,0.48534201954397393,0.48292682926829267,0.5819086656494153,1.0967061901869999,0.002415190275681267,0.49539265036582947,5.398381472332403e-05,True,0.07058599591255188,0.06675362586975098,0.98,1,0.5170731707317073,0.48292682926829267,0.034146341463414664,True,early_stopped_cleanly
synthetic_irrelevant_noise,44,classification,ablation,TST-v1-Gate,TST-v1-Gate,1024,100,ok,,tuned_tst_benchmark,,,,,,,,,,,6,0.6944681763648987,0.5146579804560261,0.5170731707317073,0.3275905553495059,0.43770013246269573,-0.002415190275681267,0.5556524991989136,4.46281410404481e-05,True,0.06217881292104721,0.06047773361206055,0.99,1,0.5170731707317073,0.48292682926829267,0.034146341463414664,True,early_stopped_cleanly
synthetic_irrelevant_noise,44,classification,ablation,TST-v1-Gate,TST-v1-Gate,1024,100,ok,,tuned_tst_benchmark,,,,,,,,,,,7,0.697794497013092,0.5146579804560261,0.5170731707317073,0.5687360909130523,1.43005717978233,-0.002415190275681267,0.5618329048156738,3.887445927830413e-05,True,0.05765277519822121,0.05673457682132721,1.0,1,0.5170731707317073,0.48292682926829267,0.034146341463414664,True,early_stopped_cleanly
synthetic_irrelevant_noise,44,classification,ablation,TST-v1-Gate,TST-v1-Gate,1024,100,ok,,tuned_tst_benchmark,,,,,,,,,,,8,0.6970484733581543,0.5146579804560261,0.5170731707317073,0.4144909522858303,1.0891922648551282,-0.002415190275681267,0.5423863530158997,3.5596192901721224e-05,True,0.05526675656437874,0.054270077496767044,1.0,1,0.5170731707317073,0.48292682926829267,0.034146341463414664,True,early_stopped_cleanly
synthetic_irrelevant_noise,44,classification,ablation,TST-v1-Gate,TST-v1-Gate,1024,100,ok,,tuned_tst_benchmark,,,,,,,,,,,9,0.6942020297050476,0.5146579804560261,0.5170731707317073,0.3690043967097363,0.7639423225981026,-0.002415190275681267,0.5082827806472778,3.3291318686679006e-05,True,0.05411691591143608,0.05316733196377754,1.0,1,0.5170731707317073,0.48292682926829267,0.034146341463414664,True,early_stopped_cleanly
synthetic_irrelevant_noise,44,classification,ablation,TST-v1-Gate,TST-v1-Gate,1024,100,ok,,tuned_tst_benchmark,,,,,,,,,,,10,0.6936825513839722,0.48534201954397393,0.48292682926829267,0.42658295773098853,0.7687871795012505,0.002415190275681267,0.485095351934433,3.085773278144188e-05,True,0.053694162517786026,0.05237836390733719,1.0,1,0.5170731707317073,0.48292682926829267,0.034146341463414664,True,early_stopped_cleanly
synthetic_irrelevant_noise,44,classification,ablation,TST-v1-Gate,TST-v1-Gate,1024,100,ok,,tuned_tst_benchmark,,,,,,,,,,,11,0.6947146773338317,0.48534201954397393,0.48292682926829267,0.537149836963257,0.8791389813104894,0.002415190275681267,0.48714569211006165,3.0271547075244598e-05,True,0.05371127650141716,0.05223505571484566,1.0,1,0.5170731707317073,0.48292682926829267,0.034146341463414664,True,early_stopped_cleanly
synthetic_irrelevant_noise,44,classification,ablation,TST-v3-MoE,TST-v3-MoE,1024,100,ok,,tuned_tst_benchmark,,,,,,,,,,,1,0.9245700836181641,0.5146579804560261,0.5170731707317073,2.099169955188319,3.984264049700026,-0.002415190275681267,0.5256030559539795,3.232611925341189e-05,True,0.18373334407806396,0.18373462557792664,0.0,1,0.5170731707317073,0.5170731707317073,0.0,True,early_stopped_cleanly
synthetic_irrelevant_noise,44,classification,ablation,TST-v3-MoE,TST-v3-MoE,1024,100,ok,,tuned_tst_benchmark,,,,,,,,,,,2,0.7903788685798645,0.48534201954397393,0.48292682926829267,1.0941655931719318,1.5928539086168376,0.002415190275681267,0.4320252537727356,4.332689513830701e-06,True,0.12315429747104645,0.12315551936626434,0.0,1,0.5170731707317073,0.5170731707317073,0.0,True,early_stopped_cleanly
synthetic_irrelevant_noise,44,classification,ablation,TST-v3-MoE,TST-v3-MoE,1024,100,ok,,tuned_tst_benchmark,,,,,,,,,,,3,0.6989232182502747,0.5146579804560261,0.5170731707317073,0.1995961295800889,0.42479879010646543,-0.002415190275681267,0.5864393711090088,2.366053649893729e-06,True,0.08485932648181915,0.08485937118530273,1.0,1,0.5170731707317073,0.5170731707317073,0.0,True,early_stopped_cleanly
synthetic_irrelevant_noise,44,classification,ablation,TST-v3-MoE,TST-v3-MoE,1024,100,ok,,tuned_tst_benchmark,,,,,,,,,,,4,0.702756941318512,0.5146579804560261,0.5170731707317073,0.4721849960866339,0.8443394427239249,-0.002415190275681267,0.5668084621429443,1.2009426200165763e-06,True,0.06657081842422485,0.06657107174396515,1.0,1,0.5170731707317073,0.5170731707317073,0.0,True,early_stopped_cleanly
synthetic_irrelevant_noise,44,classification,ablation,TST-v3-MoE,TST-v3-MoE,1024,100,ok,,tuned_tst_benchmark,,,,,,,,,,,5,0.6939480423927307,0.5146579804560261,0.5170731707317073,0.17572876587957004,0.35710908840807953,-0.002415190275681267,0.5057771801948547,7.546580036432715e-07,True,0.05741800740361214,0.05741830915212631,1.0,1,0.5170731707317073,0.5170731707317073,0.0,True,early_stopped_cleanly
synthetic_irrelevant_noise,44,classification,ablation,TST-v3-MoE,TST-v3-MoE,1024,100,ok,,tuned_tst_benchmark,,,,,,,,,,,6,0.6946385383605957,0.48534201954397393,0.48292682926829267,0.17175975267392793,0.4793977918605286,0.002415190275681267,0.4790990948677063,5.479920446305186e-07,True,0.05257812514901161,0.05257861688733101,1.0,1,0.5170731707317073,0.5170731707317073,0.0,True,early_stopped_cleanly
synthetic_irrelevant_noise,44,classification,ablation,TST-v3-MoE,TST-v3-MoE,1024,100,ok,,tuned_tst_benchmark,,,,,,,,,,,7,0.6958897590637207,0.5146579804560261,0.5170731707317073,0.31868225185652105,0.5112001296696895,-0.002415190275681267,0.5118932127952576,4.724740563233354e-07,True,0.05000839754939079,0.05000878870487213,1.0,1,0.5170731707317073,0.5170731707317073,0.0,True,early_stopped_cleanly
synthetic_irrelevant_noise,44,classification,ablation,TST-v3-MoE,TST-v3-MoE,1024,100,ok,,tuned_tst_benchmark,,,,,,,,,,,8,0.6932873249053955,0.5146579804560261,0.5170731707317073,0.27652713367602644,0.49230760072034785,-0.002415190275681267,0.5257752537727356,4.26638308681504e-07,True,0.048721496015787125,0.048721786588430405,1.0,1,0.5170731707317073,0.5170731707317073,0.0,True,early_stopped_cleanly
synthetic_irrelevant_noise,44,classification,ablation,TST-v3-MoE,TST-v3-MoE,1024,100,ok,,tuned_tst_benchmark,,,,,,,,,,,9,0.6928204417228698,0.5146579804560261,0.5170731707317073,0.14121672566647414,0.37135825252478877,-0.002415190275681267,0.5230123996734619,4.1700400288391393e-07,True,0.04819298908114433,0.048193223774433136,1.0,1,0.5170731707317073,0.5170731707317073,0.0,True,early_stopped_cleanly
synthetic_irrelevant_noise,44,classification,ablation,TST-v3-MoE,TST-v3-MoE,1024,100,ok,,tuned_tst_benchmark,,,,,,,,,,,10,0.6936472654342651,0.5146579804560261,0.5170731707317073,0.2226977017693151,0.5264602000039635,-0.002415190275681267,0.509578287601471,4.1824890217867505e-07,True,0.04812578856945038,0.04812595993280411,1.0,1,0.5170731707317073,0.5170731707317073,0.0,True,early_stopped_cleanly
synthetic_irrelevant_noise,44,classification,ablation,TST-v3-MoE,TST-v3-MoE,1024,100,ok,,tuned_tst_benchmark,,,,,,,,,,,11,0.6926904678344726,0.5146579804560261,0.5170731707317073,0.23583398631489477,0.34615034065092465,-0.002415190275681267,0.5131310224533081,4.248472578183282e-07,True,0.048344288021326065,0.048344410955905914,1.0,1,0.5170731707317073,0.5170731707317073,0.0,True,early_stopped_cleanly
synthetic_irrelevant_noise,44,classification,neural_baseline,FT-Transformer-style,local_ft_transformer,1024,100,ok,,tuned_tst_benchmark,,,,,,,,,,,1,0.9713825702667236,0.5146579804560261,0.5170731707317073,59.407520151342034,112.85410159352357,-0.002415190275681267,0.5498336553573608,0.00831981748342514,False,,,,47,0.8975609756097561,0.8926829268292683,0.004878048780487809,False,underfit
synthetic_irrelevant_noise,44,classification,neural_baseline,FT-Transformer-style,local_ft_transformer,1024,100,ok,,tuned_tst_benchmark,,,,,,,,,,,2,0.722500228881836,0.5146579804560261,0.5170731707317073,4.13726928901027,5.565483343067683,-0.002415190275681267,0.6486150026321411,0.003635687753558159,False,,,,47,0.8975609756097561,0.8926829268292683,0.004878048780487809,False,underfit
synthetic_irrelevant_noise,44,classification,neural_baseline,FT-Transformer-style,local_ft_transformer,1024,100,ok,,tuned_tst_benchmark,,,,,,,,,,,3,0.7118652105331421,0.5146579804560261,0.5170731707317073,1.8081658850453568,2.594795747773989,-0.002415190275681267,0.5107834339141846,0.002699629170820117,False,,,,47,0.8975609756097561,0.8926829268292683,0.004878048780487809,False,underfit
synthetic_irrelevant_noise,44,classification,neural_baseline,FT-Transformer-style,local_ft_transformer,1024,100,ok,,tuned_tst_benchmark,,,,,,,,,,,4,0.700571846961975,0.48534201954397393,0.48292682926829267,0.8181888872633898,1.8498810506148566,0.002415190275681267,0.4307137727737427,0.0021534848492592573,False,,,,47,0.8975609756097561,0.8926829268292683,0.004878048780487809,False,underfit
synthetic_irrelevant_noise,44,classification,neural_baseline,FT-Transformer-style,local_ft_transformer,1024,100,ok,,tuned_tst_benchmark,,,,,,,,,,,5,0.7036102414131165,0.48534201954397393,0.48292682926829267,1.0762327851734756,2.1323029383642513,0.002415190275681267,0.4715527296066284,0.0020675077103078365,False,,,,47,0.8975609756097561,0.8926829268292683,0.004878048780487809,False,underfit
synthetic_irrelevant_noise,44,classification,neural_baseline,FT-Transformer-style,local_ft_transformer,1024,100,ok,,tuned_tst_benchmark,,,,,,,,,,,6,0.6975701808929443,0.5146579804560261,0.5170731707317073,0.7098002548595918,1.5142049671060613,-0.002415190275681267,0.5498769879341125,0.0021141439210623503,False,,,,47,0.8975609756097561,0.8926829268292683,0.004878048780487809,False,underfit
synthetic_irrelevant_noise,44,classification,neural_baseline,FT-Transformer-style,local_ft_transformer,1024,100,ok,,tuned_tst_benchmark,,,,,,,,,,,7,0.6922181129455567,0.5146579804560261,0.5170731707317073,0.6850989844013836,1.3487453155413165,-0.002415190275681267,0.5539717674255371,0.0022054831497371197,False,,,,47,0.8975609756097561,0.8926829268292683,0.004878048780487809,False,underfit
synthetic_irrelevant_noise,44,classification,neural_baseline,FT-Transformer-style,local_ft_transformer,1024,100,ok,,tuned_tst_benchmark,,,,,,,,,,,8,0.6937783598899842,0.5146579804560261,0.5170731707317073,0.43855347736058137,0.8926815626546594,-0.002415190275681267,0.521364688873291,0.0024105648044496775,False,,,,47,0.8975609756097561,0.8926829268292683,0.004878048780487809,False,underfit
synthetic_irrelevant_noise,44,classification,neural_baseline,FT-Transformer-style,local_ft_transformer,1024,100,ok,,tuned_tst_benchmark,,,,,,,,,,,9,0.6888514518737793,0.7068403908794788,0.6585365853658537,0.6352180540429158,1.1768256787566131,0.04830380551362512,0.4988884925842285,0.00278602447360754,False,,,,47,0.8975609756097561,0.8926829268292683,0.004878048780487809,False,underfit
synthetic_irrelevant_noise,44,classification,neural_baseline,FT-Transformer-style,local_ft_transformer,1024,100,ok,,tuned_tst_benchmark,,,,,,,,,,,10,0.6917777538299561,0.5260586319218241,0.5219512195121951,0.4746753014669081,0.6596944450275961,0.004107412409628974,0.4946434199810028,0.003600022057071328,False,,,,47,0.8975609756097561,0.8926829268292683,0.004878048780487809,False,underfit
synthetic_irrelevant_noise,44,classification,neural_baseline,FT-Transformer-style,local_ft_transformer,1024,100,ok,,tuned_tst_benchmark,,,,,,,,,,,11,0.6854147672653198,0.6123778501628665,0.624390243902439,0.5221359303573964,1.163491439211456,-0.012012393739572524,0.5048686861991882,0.005600279197096825,False,,,,47,0.8975609756097561,0.8926829268292683,0.004878048780487809,False,underfit
synthetic_irrelevant_noise,44,classification,neural_baseline,FT-Transformer-style,local_ft_transformer,1024,100,ok,,tuned_tst_benchmark,,,,,,,,,,,12,0.6887047410011291,0.5749185667752443,0.5951219512195122,0.6810337205855924,1.0916119993986018,-0.020203384444267836,0.516812801361084,0.010947776958346367,False,,,,47,0.8975609756097561,0.8926829268292683,0.004878048780487809,False,underfit
synthetic_irrelevant_noise,44,classification,neural_baseline,FT-Transformer-style,local_ft_transformer,1024,100,ok,,tuned_tst_benchmark,,,,,,,,,,,13,0.6817988514900207,0.6058631921824105,0.624390243902439,0.4336500511831054,0.5528501924791605,-0.018527051720028553,0.5197388529777527,0.023521605879068375,False,,,,47,0.8975609756097561,0.8926829268292683,0.004878048780487809,False,underfit
synthetic_irrelevant_noise,44,classification,neural_baseline,FT-Transformer-style,local_ft_transformer,1024,100,ok,,tuned_tst_benchmark,,,,,,,,,,,14,0.6702343225479126,0.7117263843648208,0.7073170731707317,0.5988660370666916,0.7714432521788036,0.0044093111940891605,0.5016682147979736,0.04751228168606758,False,,,,47,0.8975609756097561,0.8926829268292683,0.004878048780487809,False,underfit
synthetic_irrelevant_noise,44,classification,neural_baseline,FT-Transformer-style,local_ft_transformer,1024,100,ok,,tuned_tst_benchmark,,,,,,,,,,,15,0.6425145149230957,0.7035830618892508,0.7024390243902439,0.7188431512542077,1.3836978545794933,0.0011440374990069335,0.48088401556015015,0.09855491667985916,False,,,,47,0.8975609756097561,0.8926829268292683,0.004878048780487809,False,underfit
synthetic_irrelevant_noise,44,classification,neural_baseline,FT-Transformer-style,local_ft_transformer,1024,100,ok,,tuned_tst_benchmark,,,,,,,,,,,16,0.6138382315635681,0.7182410423452769,0.7073170731707317,1.185510752093843,1.7919962083902814,0.01092396917454519,0.49839648604393005,0.17070165276527405,False,,,,47,0.8975609756097561,0.8926829268292683,0.004878048780487809,False,underfit
synthetic_irrelevant_noise,44,classification,neural_baseline,FT-Transformer-style,local_ft_transformer,1024,100,ok,,tuned_tst_benchmark,,,,,,,,,,,17,0.5757418572902679,0.7035830618892508,0.7024390243902439,1.1817212510147272,1.329605375619649,0.0011440374990069335,0.47291111946105957,0.21526530385017395,False,,,,47,0.8975609756097561,0.8926829268292683,0.004878048780487809,False,underfit
synthetic_irrelevant_noise,44,classification,neural_baseline,FT-Transformer-style,local_ft_transformer,1024,100,ok,,tuned_tst_benchmark,,,,,,,,,,,18,0.5706674337387085,0.7312703583061889,0.6926829268292682,1.841195113524774,2.3470681800078017,0.038587431476920675,0.4937231242656708,0.22684484720230103,False,,,,47,0.8975609756097561,0.8926829268292683,0.004878048780487809,False,underfit
synthetic_irrelevant_noise,44,classification,neural_baseline,FT-Transformer-style,local_ft_transformer,1024,100,ok,,tuned_tst_benchmark,,,,,,,,,,,19,0.5186661124229431,0.747557003257329,0.7317073170731707,1.349201564987156,1.6987523905147839,0.015849686184158274,0.4374591112136841,0.24351514875888824,False,,,,47,0.8975609756097561,0.8926829268292683,0.004878048780487809,False,underfit
synthetic_irrelevant_noise,44,classification,neural_baseline,FT-Transformer-style,local_ft_transformer,1024,100,ok,,tuned_tst_benchmark,,,,,,,,,,,20,0.501895523071289,0.7752442996742671,0.7560975609756098,1.4479477927357551,1.739858580310908,0.01914673869865735,0.5269180536270142,0.2786446511745453,False,,,,47,0.8975609756097561,0.8926829268292683,0.004878048780487809,False,underfit
synthetic_irrelevant_noise,44,classification,neural_baseline,FT-Transformer-style,local_ft_transformer,1024,100,ok,,tuned_tst_benchmark,,,,,,,,,,,21,0.5001320719718934,0.7752442996742671,0.751219512195122,1.9418522047929545,2.3504074996721442,0.02402478747914516,0.5099404454231262,0.314723938703537,False,,,,47,0.8975609756097561,0.8926829268292683,0.004878048780487809,False,underfit
synthetic_irrelevant_noise,44,classification,neural_baseline,FT-Transformer-style,local_ft_transformer,1024,100,ok,,tuned_tst_benchmark,,,,,,,,,,,22,0.47820343971252444,0.7736156351791531,0.7609756097560976,1.934599638138275,2.7615380952186315,0.012640025423055534,0.5211431980133057,0.292873352766037,False,,,,47,0.8975609756097561,0.8926829268292683,0.004878048780487809,False,underfit
synthetic_irrelevant_noise,44,classification,neural_baseline,FT-Transformer-style,local_ft_transformer,1024,100,ok,,tuned_tst_benchmark,,,,,,,,,,,23,0.4724646508693695,0.7736156351791531,0.7609756097560976,1.245137105451787,1.968269968991166,0.012640025423055534,0.4759225845336914,0.28796064853668213,False,,,,47,0.8975609756097561,0.8926829268292683,0.004878048780487809,False,underfit
synthetic_irrelevant_noise,44,classification,neural_baseline,FT-Transformer-style,local_ft_transformer,1024,100,ok,,tuned_tst_benchmark,,,,,,,,,,,24,0.4656455636024475,0.7817589576547231,0.7463414634146341,1.0710979021722769,1.6486120324498736,0.035417494240089,0.49868395924568176,0.2850514352321625,False,,,,47,0.8975609756097561,0.8926829268292683,0.004878048780487809,False,underfit
synthetic_irrelevant_noise,44,classification,neural_baseline,FT-Transformer-style,local_ft_transformer,1024,100,ok,,tuned_tst_benchmark,,,,,,,,,,,25,0.45940080285072327,0.8029315960912052,0.751219512195122,2.8246651197497856,3.718032695794409,0.05171208389608328,0.5335531234741211,0.2966105043888092,False,,,,47,0.8975609756097561,0.8926829268292683,0.004878048780487809,False,underfit
synthetic_irrelevant_noise,44,classification,neural_baseline,FT-Transformer-style,local_ft_transformer,1024,100,ok,,tuned_tst_benchmark,,,,,,,,,,,26,0.4383044183254242,0.7654723127035831,0.7658536585365854,1.8675479474908492,3.197512698617692,-0.0003813458330023112,0.41340458393096924,0.3263871371746063,False,,,,47,0.8975609756097561,0.8926829268292683,0.004878048780487809,False,underfit
synthetic_irrelevant_noise,44,classification,neural_baseline,FT-Transformer-style,local_ft_transformer,1024,100,ok,,tuned_tst_benchmark,,,,,,,,,,,27,0.4390352964401245,0.8029315960912052,0.7707317073170732,4.175091705496439,6.270657650416672,0.032199888774132046,0.49825096130371094,0.3088599443435669,False,,,,47,0.8975609756097561,0.8926829268292683,0.004878048780487809,False,underfit
synthetic_irrelevant_noise,44,classification,neural_baseline,FT-Transformer-style,local_ft_transformer,1024,100,ok,,tuned_tst_benchmark,,,,,,,,,,,28,0.4198552072048187,0.8061889250814332,0.7707317073170732,4.42331218292333,7.910074823384238,0.03545721776436006,0.4656795859336853,0.32844278216362,False,,,,47,0.8975609756097561,0.8926829268292683,0.004878048780487809,False,underfit
synthetic_irrelevant_noise,44,classification,neural_baseline,FT-Transformer-style,local_ft_transformer,1024,100,ok,,tuned_tst_benchmark,,,,,,,,,,,29,0.3849023461341858,0.8517915309446255,0.7658536585365854,4.161820764786506,5.364043122121157,0.08593787240804007,0.5071712732315063,0.3364242613315582,False,,,,47,0.8975609756097561,0.8926829268292683,0.004878048780487809,False,underfit
synthetic_irrelevant_noise,44,classification,neural_baseline,FT-Transformer-style,local_ft_transformer,1024,100,ok,,tuned_tst_benchmark,,,,,,,,,,,30,0.3541718363761902,0.8322475570032574,0.7317073170731707,3.9524957931307347,10.881201728092742,0.10054023993008665,0.4280106723308563,0.3664190471172333,False,,,,47,0.8975609756097561,0.8926829268292683,0.004878048780487809,False,underfit
synthetic_irrelevant_noise,44,classification,neural_baseline,FT-Transformer-style,local_ft_transformer,1024,100,ok,,tuned_tst_benchmark,,,,,,,,,,,31,0.3945311069488525,0.8811074918566775,0.7804878048780488,13.190665511356741,27.83217451416541,0.10061968697862866,0.5798420310020447,0.37120240926742554,False,,,,47,0.8975609756097561,0.8926829268292683,0.004878048780487809,False,underfit
synthetic_irrelevant_noise,44,classification,neural_baseline,FT-Transformer-style,local_ft_transformer,1024,100,ok,,tuned_tst_benchmark,,,,,,,,,,,32,0.4166278660297394,0.8338762214983714,0.7414634146341463,13.228100256757836,17.82008118971781,0.09241280686422504,0.6173911690711975,0.37620872259140015,False,,,,47,0.8975609756097561,0.8926829268292683,0.004878048780487809,False,underfit
synthetic_irrelevant_noise,44,classification,neural_baseline,FT-Transformer-style,local_ft_transformer,1024,100,ok,,tuned_tst_benchmark,,,,,,,,,,,33,0.4128467619419098,0.8403908794788274,0.7707317073170732,12.134877458983945,20.94103395830822,0.06965917216175421,0.41759786009788513,0.35491758584976196,False,,,,47,0.8975609756097561,0.8926829268292683,0.004878048780487809,False,underfit
synthetic_irrelevant_noise,44,classification,neural_baseline,FT-Transformer-style,local_ft_transformer,1024,100,ok,,tuned_tst_benchmark,,,,,,,,,,,34,0.33772253394126894,0.8973941368078175,0.7707317073170732,7.658531863738254,13.97239021386856,0.12666242949074435,0.4793335795402527,0.3419939875602722,False,,,,47,0.8975609756097561,0.8926829268292683,0.004878048780487809,False,underfit
synthetic_irrelevant_noise,44,classification,neural_baseline,FT-Transformer-style,local_ft_transformer,1024,100,ok,,tuned_tst_benchmark,,,,,,,,,,,35,0.3126189112663269,0.9087947882736156,0.8048780487804879,5.038352061412081,8.021347370574414,0.10391673949312774,0.5291463136672974,0.3575712740421295,False,,,,47,0.8975609756097561,0.8926829268292683,0.004878048780487809,False,underfit
synthetic_irrelevant_noise,44,classification,neural_baseline,FT-Transformer-style,local_ft_transformer,1024,100,ok,,tuned_tst_benchmark,,,,,,,,,,,36,0.2841022700071335,0.9169381107491856,0.8195121951219512,2.6012350551654944,4.082813487124128,0.09742591562723446,0.4804545044898987,0.3872886598110199,False,,,,47,0.8975609756097561,0.8926829268292683,0.004878048780487809,False,underfit
synthetic_irrelevant_noise,44,classification,neural_baseline,FT-Transformer-style,local_ft_transformer,1024,100,ok,,tuned_tst_benchmark,,,,,,,,,,,37,0.24764626026153563,0.9413680781758957,0.848780487804878,1.5430725869259256,1.8418108004638871,0.09258759037101771,0.5110130310058594,0.40033596754074097,False,,,,47,0.8975609756097561,0.8926829268292683,0.004878048780487809,False,underfit
synthetic_irrelevant_noise,44,classification,neural_baseline,FT-Transformer-style,local_ft_transformer,1024,100,ok,,tuned_tst_benchmark,,,,,,,,,,,38,0.22221392691135405,0.9527687296416938,0.8585365853658536,3.742883200113316,6.093343570194514,0.09423214427584015,0.5432707071304321,0.41152527928352356,False,,,,47,0.8975609756097561,0.8926829268292683,0.004878048780487809,False,underfit
synthetic_irrelevant_noise,44,classification,neural_baseline,FT-Transformer-style,local_ft_transformer,1024,100,ok,,tuned_tst_benchmark,,,,,,,,,,,39,0.21618773341178893,0.9071661237785016,0.848780487804878,8.039489236752406,15.121583667575255,0.05838563597362356,0.6169899106025696,0.4074726700782776,False,,,,47,0.8975609756097561,0.8926829268292683,0.004878048780487809,False,underfit
synthetic_irrelevant_noise,44,classification,neural_baseline,FT-Transformer-style,local_ft_transformer,1024,100,ok,,tuned_tst_benchmark,,,,,,,,,,,40,0.2001427561044693,0.9201954397394136,0.8390243902439024,8.031757741786647,13.838598909433754,0.08117104949551124,0.4417147636413574,0.43987134099006653,False,,,,47,0.8975609756097561,0.8926829268292683,0.004878048780487809,False,underfit
synthetic_irrelevant_noise,44,classification,neural_baseline,FT-Transformer-style,local_ft_transformer,1024,100,ok,,tuned_tst_benchmark,,,,,,,,,,,41,0.19949326962232589,0.9478827361563518,0.8585365853658536,7.802434609159296,15.598345259915629,0.08934615079049812,0.4698510766029358,0.43943071365356445,False,,,,47,0.8975609756097561,0.8926829268292683,0.004878048780487809,False,underfit
synthetic_irrelevant_noise,44,classification,neural_baseline,FT-Transformer-style,local_ft_transformer,1024,100,ok,,tuned_tst_benchmark,,,,,,,,,,,42,0.18507805168628694,0.9543973941368078,0.8634146341463415,7.211868580811893,11.918219059133232,0.09098275999046634,0.5487783551216125,0.4354734420776367,False,,,,47,0.8975609756097561,0.8926829268292683,0.004878048780487809,False,underfit
synthetic_irrelevant_noise,44,classification,neural_baseline,FT-Transformer-style,local_ft_transformer,1024,100,ok,,tuned_tst_benchmark,,,,,,,,,,,43,0.18406985104084014,0.9674267100977199,0.8731707317073171,5.952702630868872,12.314382470368805,0.09425597839040278,0.5035224556922913,0.4381221830844879,False,,,,47,0.8975609756097561,0.8926829268292683,0.004878048780487809,False,underfit
synthetic_irrelevant_noise,44,classification,neural_baseline,FT-Transformer-style,local_ft_transformer,1024,100,ok,,tuned_tst_benchmark,,,,,,,,,,,44,0.15350965708494185,0.9283387622149837,0.8536585365853658,5.0729634236615,7.0597626263487,0.07468022562961785,0.4405940771102905,0.43186357617378235,False,,,,47,0.8975609756097561,0.8926829268292683,0.004878048780487809,False,underfit
synthetic_irrelevant_noise,44,classification,neural_baseline,FT-Transformer-style,local_ft_transformer,1024,100,ok,,tuned_tst_benchmark,,,,,,,,,,,45,0.16832113564014434,0.9690553745928339,0.8878048780487805,8.336634554900629,11.000365153089472,0.08125049654405336,0.5587108135223389,0.4375147819519043,False,,,,47,0.8975609756097561,0.8926829268292683,0.004878048780487809,False,underfit
synthetic_irrelevant_noise,44,classification,neural_baseline,FT-Transformer-style,local_ft_transformer,1024,100,ok,,tuned_tst_benchmark,,,,,,,,,,,46,0.15340055972337724,0.9609120521172638,0.8780487804878049,3.5190500684106447,5.130341775891047,0.08286327162945895,0.474457710981369,0.450154185295105,False,,,,47,0.8975609756097561,0.8926829268292683,0.004878048780487809,False,underfit
synthetic_irrelevant_noise,44,classification,neural_baseline,FT-Transformer-style,local_ft_transformer,1024,100,ok,,tuned_tst_benchmark,,,,,,,,,,,47,0.13177866488695145,0.9755700325732899,0.8975609756097561,2.8886185807537648,4.310340217096379,0.07800905696353377,0.5181610584259033,0.446817010641098,False,,,,47,0.8975609756097561,0.8926829268292683,0.004878048780487809,False,underfit
synthetic_irrelevant_noise,44,classification,neural_baseline,FT-Transformer-style,local_ft_transformer,1024,100,ok,,tuned_tst_benchmark,,,,,,,,,,,48,0.15386465191841125,0.9609120521172638,0.8829268292682927,5.229871263615269,6.933702848455056,0.07798522284897114,0.5909079313278198,0.4382760226726532,False,,,,47,0.8975609756097561,0.8926829268292683,0.004878048780487809,False,underfit
synthetic_irrelevant_noise,44,classification,neural_baseline,FT-Transformer-style,local_ft_transformer,1024,100,ok,,tuned_tst_benchmark,,,,,,,,,,,49,0.190053690969944,0.9315960912052117,0.8536585365853658,9.837626871944561,12.276625712562042,0.07793755461984586,0.4310514032840729,0.449346125125885,False,,,,47,0.8975609756097561,0.8926829268292683,0.004878048780487809,False,underfit
synthetic_irrelevant_noise,44,classification,neural_baseline,FT-Transformer-style,local_ft_transformer,1024,100,ok,,tuned_tst_benchmark,,,,,,,,,,,50,0.17810519635677338,0.9804560260586319,0.8926829268292683,9.352978169408818,13.200530088669234,0.0877730992293636,0.5087356567382812,0.4453865587711334,False,,,,47,0.8975609756097561,0.8926829268292683,0.004878048780487809,False,underfit
synthetic_irrelevant_noise,44,classification,ablation,TST,TST-v0-tuned,1024,100,ok,,tuned_tst_benchmark,TST-v0,tst_v0_lr_3e-4,3e-4,val_accuracy,maximize,0.643902,16,3,"1e-4,3e-4,1e-3",lr_only,1,1.0069239735603333,0.5146579804560261,0.5170731707317073,35.32212137493594,92.88774479820864,-0.002415190275681267,0.5902149677276611,0.016600148752331734,False,,,,16,0.6439024390243903,0.6146341463414634,0.029268292682926855,True,overfit
synthetic_irrelevant_noise,44,classification,ablation,TST,TST-v0-tuned,1024,100,ok,,tuned_tst_benchmark,TST-v0,tst_v0_lr_3e-4,3e-4,val_accuracy,maximize,0.643902,16,3,"1e-4,3e-4,1e-3",lr_only,2,0.7018170118331909,0.48534201954397393,0.48292682926829267,1.956489741030324,4.551100619252191,0.002415190275681267,0.3792785704135895,0.00899283867329359,False,,,,16,0.6439024390243903,0.6146341463414634,0.029268292682926855,True,overfit
synthetic_irrelevant_noise,44,classification,ablation,TST,TST-v0-tuned,1024,100,ok,,tuned_tst_benchmark,TST-v0,tst_v0_lr_3e-4,3e-4,val_accuracy,maximize,0.643902,16,3,"1e-4,3e-4,1e-3",lr_only,3,0.724496328830719,0.48534201954397393,0.48292682926829267,2.883961609792909,3.2978339975838793,0.002415190275681267,0.4155232906341553,0.007266561035066843,False,,,,16,0.6439024390243903,0.6146341463414634,0.029268292682926855,True,overfit
synthetic_irrelevant_noise,44,classification,ablation,TST,TST-v0-tuned,1024,100,ok,,tuned_tst_benchmark,TST-v0,tst_v0_lr_3e-4,3e-4,val_accuracy,maximize,0.643902,16,3,"1e-4,3e-4,1e-3",lr_only,4,0.6975773692131042,0.5716612377850163,0.5219512195121951,1.2356656543268638,1.6300492505255573,0.04971001827282118,0.5088160634040833,0.006629003211855888,False,,,,16,0.6439024390243903,0.6146341463414634,0.029268292682926855,True,overfit
synthetic_irrelevant_noise,44,classification,ablation,TST,TST-v0-tuned,1024,100,ok,,tuned_tst_benchmark,TST-v0,tst_v0_lr_3e-4,3e-4,val_accuracy,maximize,0.643902,16,3,"1e-4,3e-4,1e-3",lr_only,5,0.6901045799255371,0.5146579804560261,0.5170731707317073,0.663946158007447,1.4954874579514237,-0.002415190275681267,0.5682694911956787,0.0060673970729112625,False,,,,16,0.6439024390243903,0.6146341463414634,0.029268292682926855,True,overfit
synthetic_irrelevant_noise,44,classification,ablation,TST,TST-v0-tuned,1024,100,ok,,tuned_tst_benchmark,TST-v0,tst_v0_lr_3e-4,3e-4,val_accuracy,maximize,0.643902,16,3,"1e-4,3e-4,1e-3",lr_only,6,0.6958550095558167,0.5146579804560261,0.5170731707317073,1.0265588041617242,1.8556274742090046,-0.002415190275681267,0.5658898949623108,0.005855970550328493,False,,,,16,0.6439024390243903,0.6146341463414634,0.029268292682926855,True,overfit
synthetic_irrelevant_noise,44,classification,ablation,TST,TST-v0-tuned,1024,100,ok,,tuned_tst_benchmark,TST-v0,tst_v0_lr_3e-4,3e-4,val_accuracy,maximize,0.643902,16,3,"1e-4,3e-4,1e-3",lr_only,7,0.6928637385368347,0.5146579804560261,0.5170731707317073,1.0472777249696494,2.6111445558354593,-0.002415190275681267,0.5213560461997986,0.005868015345185995,False,,,,16,0.6439024390243903,0.6146341463414634,0.029268292682926855,True,overfit
synthetic_irrelevant_noise,44,classification,ablation,TST,TST-v0-tuned,1024,100,ok,,tuned_tst_benchmark,TST-v0,tst_v0_lr_3e-4,3e-4,val_accuracy,maximize,0.643902,16,3,"1e-4,3e-4,1e-3",lr_only,8,0.6882627487182618,0.6237785016286646,0.6,0.5223524013636811,1.1714097695542258,0.023778501628664572,0.4975338578224182,0.005919066723436117,False,,,,16,0.6439024390243903,0.6146341463414634,0.029268292682926855,True,overfit
synthetic_irrelevant_noise,44,classification,ablation,TST,TST-v0-tuned,1024,100,ok,,tuned_tst_benchmark,TST-v0,tst_v0_lr_3e-4,3e-4,val_accuracy,maximize,0.643902,16,3,"1e-4,3e-4,1e-3",lr_only,9,0.689732825756073,0.5439739413680782,0.551219512195122,0.7710255397357865,1.3991868334361441,-0.007245570827043801,0.49223461747169495,0.006053086370229721,False,,,,16,0.6439024390243903,0.6146341463414634,0.029268292682926855,True,overfit
synthetic_irrelevant_noise,44,classification,ablation,TST,TST-v0-tuned,1024,100,ok,,tuned_tst_benchmark,TST-v0,tst_v0_lr_3e-4,3e-4,val_accuracy,maximize,0.643902,16,3,"1e-4,3e-4,1e-3",lr_only,10,0.6885570526123047,0.6807817589576547,0.6048780487804878,0.8156088644725807,1.3204608447588588,0.0759037101771669,0.5026103854179382,0.006287569645792246,False,,,,16,0.6439024390243903,0.6146341463414634,0.029268292682926855,True,overfit
synthetic_irrelevant_noise,44,classification,ablation,TST,TST-v0-tuned,1024,100,ok,,tuned_tst_benchmark,TST-v0,tst_v0_lr_3e-4,3e-4,val_accuracy,maximize,0.643902,16,3,"1e-4,3e-4,1e-3",lr_only,11,0.6874141335487366,0.5146579804560261,0.5219512195121951,0.9297985060844354,1.3678185606840014,-0.007293239056169076,0.5204724669456482,0.006586168892681599,False,,,,16,0.6439024390243903,0.6146341463414634,0.029268292682926855,True,overfit
synthetic_irrelevant_noise,44,classification,ablation,TST,TST-v0-tuned,1024,100,ok,,tuned_tst_benchmark,TST-v0,tst_v0_lr_3e-4,3e-4,val_accuracy,maximize,0.643902,16,3,"1e-4,3e-4,1e-3",lr_only,12,0.6874843597412109,0.5146579804560261,0.5170731707317073,0.47898279741021793,0.9391428631172621,-0.002415190275681267,0.533679723739624,0.006928849034011364,False,,,,16,0.6439024390243903,0.6146341463414634,0.029268292682926855,True,overfit
synthetic_irrelevant_noise,44,classification,ablation,TST,TST-v0-tuned,1024,100,ok,,tuned_tst_benchmark,TST-v0,tst_v0_lr_3e-4,3e-4,val_accuracy,maximize,0.643902,16,3,"1e-4,3e-4,1e-3",lr_only,13,0.6877779126167297,0.5146579804560261,0.5219512195121951,0.8532091802113572,1.3019821379128071,-0.007293239056169076,0.5247844457626343,0.007359039969742298,False,,,,16,0.6439024390243903,0.6146341463414634,0.029268292682926855,True,overfit
synthetic_irrelevant_noise,44,classification,ablation,TST,TST-v0-tuned,1024,100,ok,,tuned_tst_benchmark,TST-v0,tst_v0_lr_3e-4,3e-4,val_accuracy,maximize,0.643902,16,3,"1e-4,3e-4,1e-3",lr_only,14,0.6857044935226441,0.5814332247557004,0.5463414634146342,0.815238131725349,1.5959590805782737,0.035091761341066174,0.512169361114502,0.007853599265217781,False,,,,16,0.6439024390243903,0.6146341463414634,0.029268292682926855,True,overfit
synthetic_irrelevant_noise,44,classification,ablation,TST,TST-v0-tuned,1024,100,ok,,tuned_tst_benchmark,TST-v0,tst_v0_lr_3e-4,3e-4,val_accuracy,maximize,0.643902,16,3,"1e-4,3e-4,1e-3",lr_only,15,0.6846948266029358,0.6758957654723127,0.6341463414634146,0.5243865739615943,0.9423817538893567,0.04174942400889803,0.4963940382003784,0.008432100526988506,False,,,,16,0.6439024390243903,0.6146341463414634,0.029268292682926855,True,overfit
synthetic_irrelevant_noise,44,classification,ablation,TST,TST-v0-tuned,1024,100,ok,,tuned_tst_benchmark,TST-v0,tst_v0_lr_3e-4,3e-4,val_accuracy,maximize,0.643902,16,3,"1e-4,3e-4,1e-3",lr_only,16,0.6842700123786927,0.7198697068403909,0.6439024390243903,0.4840894889350619,1.2627440316103147,0.0759672678160006,0.5036693215370178,0.009173886850476265,False,,,,16,0.6439024390243903,0.6146341463414634,0.029268292682926855,True,overfit
synthetic_irrelevant_noise,44,classification,ablation,TST,TST-v0-tuned,1024,100,ok,,tuned_tst_benchmark,TST-v0,tst_v0_lr_3e-4,3e-4,val_accuracy,maximize,0.643902,16,3,"1e-4,3e-4,1e-3",lr_only,17,0.6823187232017517,0.5276872964169381,0.526829268292683,0.2852040868111484,0.5655199324181144,0.0008580281242551724,0.5238761901855469,0.010075745172798634,False,,,,16,0.6439024390243903,0.6146341463414634,0.029268292682926855,True,overfit
synthetic_irrelevant_noise,44,classification,ablation,TST,TST-v0-tuned,1024,100,ok,,tuned_tst_benchmark,TST-v0,tst_v0_lr_3e-4,3e-4,val_accuracy,maximize,0.643902,16,3,"1e-4,3e-4,1e-3",lr_only,18,0.6814093470573426,0.5358306188925082,0.5317073170731708,0.6504540081969019,1.2558936827135991,0.004123301819337399,0.5245108604431152,0.011145150288939476,False,,,,16,0.6439024390243903,0.6146341463414634,0.029268292682926855,True,overfit
synthetic_irrelevant_noise,44,classification,ablation,TST,TST-v0-tuned,1024,100,ok,,tuned_tst_benchmark,TST-v0,tst_v0_lr_3e-4,3e-4,val_accuracy,maximize,0.643902,16,3,"1e-4,3e-4,1e-3",lr_only,19,0.6797909379005432,0.5912052117263844,0.551219512195122,0.3589155409281946,0.5179546561753924,0.03998569953126241,0.5195545554161072,0.012455829419195652,False,,,,16,0.6439024390243903,0.6146341463414634,0.029268292682926855,True,overfit
synthetic_irrelevant_noise,44,classification,ablation,TST,TST-v0-tuned,1024,100,ok,,tuned_tst_benchmark,TST-v0,tst_v0_lr_3e-4,3e-4,val_accuracy,maximize,0.643902,16,3,"1e-4,3e-4,1e-3",lr_only,20,0.6789563179016114,0.6058631921824105,0.5609756097560976,0.8301353570858317,2.4120911495614017,0.044887582426312855,0.5206684470176697,0.014074395410716534,False,,,,16,0.6439024390243903,0.6146341463414634,0.029268292682926855,True,overfit
synthetic_irrelevant_noise,44,classification,ablation,TST,TST-v0-tuned,1024,100,ok,,tuned_tst_benchmark,TST-v0,tst_v0_lr_3e-4,3e-4,val_accuracy,maximize,0.643902,16,3,"1e-4,3e-4,1e-3",lr_only,21,0.6767362117767334,0.747557003257329,0.6341463414634146,0.6231405186615503,0.9777323431844718,0.11341066179391435,0.5047133564949036,0.016092028468847275,False,,,,16,0.6439024390243903,0.6146341463414634,0.029268292682926855,True,overfit
synthetic_irrelevant_noise,44,classification,ablation,TST,TST-v0-tuned,1024,100,ok,,tuned_tst_benchmark,TST-v0,tst_v0_lr_3e-4,3e-4,val_accuracy,maximize,0.643902,16,3,"1e-4,3e-4,1e-3",lr_only,22,0.6732119441032409,0.7214983713355049,0.6097560975609756,0.5085827734051647,1.1855428455746213,0.11174227377452928,0.5139407515525818,0.018710633739829063,False,,,,16,0.6439024390243903,0.6146341463414634,0.029268292682926855,True,overfit
synthetic_irrelevant_noise,44,classification,ablation,TST,TST-v0-tuned,1024,100,ok,,tuned_tst_benchmark,TST-v0,tst_v0_lr_3e-4,3e-4,val_accuracy,maximize,0.643902,16,3,"1e-4,3e-4,1e-3",lr_only,23,0.6705515384674072,0.6368078175895765,0.5707317073170731,0.9578814793082309,1.3468406188096644,0.06607611027250337,0.527044951915741,0.022107571363449097,False,,,,16,0.6439024390243903,0.6146341463414634,0.029268292682926855,True,overfit
synthetic_irrelevant_noise,44,classification,ablation,TST,TST-v0-tuned,1024,100,ok,,tuned_tst_benchmark,TST-v0,tst_v0_lr_3e-4,3e-4,val_accuracy,maximize,0.643902,16,3,"1e-4,3e-4,1e-3",lr_only,24,0.6688785672187805,0.7785016286644951,0.6292682926829268,1.7858716877891925,2.782361027095947,0.1492333359815683,0.4989943206310272,0.02645285613834858,False,,,,16,0.6439024390243903,0.6146341463414634,0.029268292682926855,True,overfit
synthetic_irrelevant_noise,44,classification,ablation,TST,TST-v0-tuned,1024,100,ok,,tuned_tst_benchmark,TST-v0,tst_v0_lr_3e-4,3e-4,val_accuracy,maximize,0.643902,16,3,"1e-4,3e-4,1e-3",lr_only,25,0.6641331434249877,0.5960912052117264,0.5609756097560976,2.213969134378216,3.3678157391940187,0.03511559545562881,0.5503785014152527,0.03225734457373619,False,,,,16,0.6439024390243903,0.6146341463414634,0.029268292682926855,True,overfit
synthetic_irrelevant_noise,44,classification,ablation,TST,TST-v0-tuned,1024,100,ok,,tuned_tst_benchmark,TST-v0,tst_v0_lr_3e-4,3e-4,val_accuracy,maximize,0.643902,16,3,"1e-4,3e-4,1e-3",lr_only,26,0.6500365614891053,0.7801302931596091,0.6146341463414634,0.9686750849635789,1.6865026191645942,0.16549614681814573,0.4965694844722748,0.03991515561938286,False,,,,16,0.6439024390243903,0.6146341463414634,0.029268292682926855,True,overfit
synthetic_irrelevant_noise,44,classification,ablation,TST,TST-v1-Gate-tuned,1024,100,ok,,tuned_tst_benchmark,TST-v1-Gate,tst_v1_gate_lr_1e-4,1e-4,val_accuracy,maximize,0.853659,50,3,"1e-4,3e-4,1e-3",lr_only,1,1.1037607431411742,0.5146579804560261,0.5170731707317073,141.14546193343145,324.34158963795994,-0.002415190275681267,0.6633763909339905,0.03937354311347008,True,0.2636106610298157,0.2617288827896118,0.0,50,0.8536585365853658,0.8536585365853658,0.0,False,underfit
synthetic_irrelevant_noise,44,classification,ablation,TST,TST-v1-Gate-tuned,1024,100,ok,,tuned_tst_benchmark,TST-v1-Gate,tst_v1_gate_lr_1e-4,1e-4,val_accuracy,maximize,0.853659,50,3,"1e-4,3e-4,1e-3",lr_only,2,0.8645392537117005,0.48534201954397393,0.48292682926829267,22.147218456974905,36.60486172367092,0.002415190275681267,0.3989589512348175,0.027255643159151077,True,0.2564142048358917,0.25597330927848816,0.0,50,0.8536585365853658,0.8536585365853658,0.0,False,underfit
synthetic_irrelevant_noise,44,classification,ablation,TST,TST-v1-Gate-tuned,1024,100,ok,,tuned_tst_benchmark,TST-v1-Gate,tst_v1_gate_lr_1e-4,1e-4,val_accuracy,maximize,0.853659,50,3,"1e-4,3e-4,1e-3",lr_only,3,0.8703091979026795,0.48534201954397393,0.48292682926829267,25.3644431047718,27.74120505568572,0.002415190275681267,0.4232443571090698,0.023015150800347328,True,0.24853256344795227,0.24795123934745789,0.0,50,0.8536585365853658,0.8536585365853658,0.0,False,underfit
synthetic_irrelevant_noise,44,classification,ablation,TST,TST-v1-Gate-tuned,1024,100,ok,,tuned_tst_benchmark,TST-v1-Gate,tst_v1_gate_lr_1e-4,1e-4,val_accuracy,maximize,0.853659,50,3,"1e-4,3e-4,1e-3",lr_only,4,0.8386602997779846,0.5749185667752443,0.526829268292683,10.590054862380807,14.50471371244064,0.04808929848256138,0.5207557678222656,0.021596794947981834,True,0.24049954116344452,0.2395305037498474,0.0,50,0.8536585365853658,0.8536585365853658,0.0,False,underfit
synthetic_irrelevant_noise,44,classification,ablation,TST,TST-v1-Gate-tuned,1024,100,ok,,tuned_tst_benchmark,TST-v1-Gate,tst_v1_gate_lr_1e-4,1e-4,val_accuracy,maximize,0.853659,50,3,"1e-4,3e-4,1e-3",lr_only,5,0.8252874493598938,0.5146579804560261,0.5170731707317073,7.4355837970733445,17.205201835998647,-0.002415190275681267,0.5737257599830627,0.01997912861406803,True,0.232561856508255,0.2314760386943817,0.0,50,0.8536585365853658,0.8536585365853658,0.0,False,underfit
synthetic_irrelevant_noise,44,classification,ablation,TST,TST-v1-Gate-tuned,1024,100,ok,,tuned_tst_benchmark,TST-v1-Gate,tst_v1_gate_lr_1e-4,1e-4,val_accuracy,maximize,0.853659,50,3,"1e-4,3e-4,1e-3",lr_only,6,0.8209479689598084,0.5146579804560261,0.5170731707317073,10.130558979676495,19.104848033691486,-0.002415190275681267,0.5551525354385376,0.019236383959650993,True,0.22483080625534058,0.2234882414340973,0.0,50,0.8536585365853658,0.8536585365853658,0.0,False,underfit
synthetic_irrelevant_noise,44,classification,ablation,TST,TST-v1-Gate-tuned,1024,100,ok,,tuned_tst_benchmark,TST-v1-Gate,tst_v1_gate_lr_1e-4,1e-4,val_accuracy,maximize,0.853659,50,3,"1e-4,3e-4,1e-3",lr_only,7,0.8097900509834289,0.5944625407166124,0.5658536585365853,10.617201911775252,24.517144941575154,0.028608882180027106,0.502659261226654,0.018745223060250282,True,0.21732188761234283,0.21553078293800354,0.0,50,0.8536585365853658,0.8536585365853658,0.0,False,underfit
synthetic_irrelevant_noise,44,classification,ablation,TST,TST-v1-Gate-tuned,1024,100,ok,,tuned_tst_benchmark,TST-v1-Gate,tst_v1_gate_lr_1e-4,1e-4,val_accuracy,maximize,0.853659,50,3,"1e-4,3e-4,1e-3",lr_only,8,0.7994299054145813,0.5684039087947883,0.5804878048780487,7.180858293048173,10.4081077065467,-0.012083896083260437,0.49405691027641296,0.018519559875130653,True,0.2099873423576355,0.20789587497711182,0.0,50,0.8536585365853658,0.8536585365853658,0.0,False,underfit
synthetic_irrelevant_noise,44,classification,ablation,TST,TST-v1-Gate-tuned,1024,100,ok,,tuned_tst_benchmark,TST-v1-Gate,tst_v1_gate_lr_1e-4,1e-4,val_accuracy,maximize,0.853659,50,3,"1e-4,3e-4,1e-3",lr_only,9,0.7917602181434631,0.6237785016286646,0.5853658536585366,7.991993578491133,14.96513752196451,0.038412647970128,0.5059142112731934,0.01859574392437935,True,0.20287349820137024,0.20079219341278076,0.0,50,0.8536585365853658,0.8536585365853658,0.0,False,underfit
synthetic_irrelevant_noise,44,classification,ablation,TST,TST-v1-Gate-tuned,1024,100,ok,,tuned_tst_benchmark,TST-v1-Gate,tst_v1_gate_lr_1e-4,1e-4,val_accuracy,maximize,0.853659,50,3,"1e-4,3e-4,1e-3",lr_only,10,0.7826326131820679,0.6026058631921825,0.551219512195122,8.410235155287229,11.769062439065847,0.05138635099706046,0.5187153220176697,0.01883818209171295,True,0.19601379334926605,0.1941850632429123,0.0,50,0.8536585365853658,0.8536585365853658,0.0,False,underfit
synthetic_irrelevant_noise,44,classification,ablation,TST,TST-v1-Gate-tuned,1024,100,ok,,tuned_tst_benchmark,TST-v1-Gate,tst_v1_gate_lr_1e-4,1e-4,val_accuracy,maximize,0.853659,50,3,"1e-4,3e-4,1e-3",lr_only,11,0.7757038116455078,0.5781758957654723,0.526829268292683,10.539624170942012,18.435664502811562,0.0513466274727894,0.5261482000350952,0.019185781478881836,True,0.189415842294693,0.18756425380706787,0.0,50,0.8536585365853658,0.8536585365853658,0.0,False,underfit
synthetic_irrelevant_noise,44,classification,ablation,TST,TST-v1-Gate-tuned,1024,100,ok,,tuned_tst_benchmark,TST-v1-Gate,tst_v1_gate_lr_1e-4,1e-4,val_accuracy,maximize,0.853659,50,3,"1e-4,3e-4,1e-3",lr_only,12,0.7685446500778198,0.5618892508143323,0.526829268292683,5.314317472870503,11.314768497652707,0.035059982521649324,0.5293594598770142,0.019621441140770912,True,0.18308097124099731,0.18107816576957703,0.0,50,0.8536585365853658,0.8536585365853658,0.0,False,underfit
synthetic_irrelevant_noise,44,classification,ablation,TST,TST-v1-Gate-tuned,1024,100,ok,,tuned_tst_benchmark,TST-v1-Gate,tst_v1_gate_lr_1e-4,1e-4,val_accuracy,maximize,0.853659,50,3,"1e-4,3e-4,1e-3",lr_only,13,0.761778724193573,0.6351791530944625,0.5560975609756098,9.102774251686167,16.93984894135802,0.07908159211885268,0.5170648694038391,0.020152408629655838,True,0.1770152449607849,0.17472167313098907,0.0,50,0.8536585365853658,0.8536585365853658,0.0,False,underfit
synthetic_irrelevant_noise,44,classification,ablation,TST,TST-v1-Gate-tuned,1024,100,ok,,tuned_tst_benchmark,TST-v1-Gate,tst_v1_gate_lr_1e-4,1e-4,val_accuracy,maximize,0.853659,50,3,"1e-4,3e-4,1e-3",lr_only,14,0.7535710215568543,0.6465798045602605,0.5902439024390244,10.94172011191666,19.000943785172005,0.05633590212123618,0.5125675201416016,0.020793985575437546,True,0.1711912751197815,0.1684941053390503,0.0,50,0.8536585365853658,0.8536585365853658,0.0,False,underfit
synthetic_irrelevant_noise,44,classification,ablation,TST,TST-v1-Gate-tuned,1024,100,ok,,tuned_tst_benchmark,TST-v1-Gate,tst_v1_gate_lr_1e-4,1e-4,val_accuracy,maximize,0.853659,50,3,"1e-4,3e-4,1e-3",lr_only,15,0.7463361740112304,0.6726384364820847,0.5951219512195122,7.004275900622558,12.572349511049874,0.07751648526257249,0.5011578798294067,0.021570205688476562,True,0.1656246930360794,0.16270411014556885,0.0,50,0.8536585365853658,0.8536585365853658,0.0,False,underfit
synthetic_irrelevant_noise,44,classification,ablation,TST,TST-v1-Gate-tuned,1024,100,ok,,tuned_tst_benchmark,TST-v1-Gate,tst_v1_gate_lr_1e-4,1e-4,val_accuracy,maximize,0.853659,50,3,"1e-4,3e-4,1e-3",lr_only,16,0.7392619371414184,0.6547231270358306,0.6048780487804878,5.9522006029687775,15.001366356349983,0.04984507825534279,0.5149117708206177,0.022654669359326363,True,0.1602879762649536,0.15734532475471497,0.0,50,0.8536585365853658,0.8536585365853658,0.0,False,underfit
synthetic_irrelevant_noise,44,classification,ablation,TST,TST-v1-Gate-tuned,1024,100,ok,,tuned_tst_benchmark,TST-v1-Gate,tst_v1_gate_lr_1e-4,1e-4,val_accuracy,maximize,0.853659,50,3,"1e-4,3e-4,1e-3",lr_only,17,0.7319260954856872,0.6042345276872965,0.5463414634146342,4.4927349412333815,7.581616818406745,0.057893064272662276,0.5311276912689209,0.023911982774734497,True,0.15519128739833832,0.15225684642791748,0.0,50,0.8536585365853658,0.8536585365853658,0.0,False,underfit
synthetic_irrelevant_noise,44,classification,ablation,TST,TST-v1-Gate-tuned,1024,100,ok,,tuned_tst_benchmark,TST-v1-Gate,tst_v1_gate_lr_1e-4,1e-4,val_accuracy,maximize,0.853659,50,3,"1e-4,3e-4,1e-3",lr_only,18,0.7254908800125122,0.6758957654723127,0.6048780487804878,9.550015262584534,20.44324445799849,0.07101771669182488,0.5168414115905762,0.025406861677765846,True,0.15034793317317963,0.14741739630699158,0.0,50,0.8536585365853658,0.8536585365853658,0.0,False,underfit
synthetic_irrelevant_noise,44,classification,ablation,TST,TST-v1-Gate-tuned,1024,100,ok,,tuned_tst_benchmark,TST-v1-Gate,tst_v1_gate_lr_1e-4,1e-4,val_accuracy,maximize,0.853659,50,3,"1e-4,3e-4,1e-3",lr_only,19,0.7176638841629028,0.6791530944625407,0.6048780487804878,4.294386599376585,7.661044061932433,0.0742750456820529,0.5192761421203613,0.027250314131379128,True,0.14572374522686005,0.14258888363838196,0.0,50,0.8536585365853658,0.8536585365853658,0.0,False,underfit
synthetic_irrelevant_noise,44,classification,ablation,TST,TST-v1-Gate-tuned,1024,100,ok,,tuned_tst_benchmark,TST-v1-Gate,tst_v1_gate_lr_1e-4,1e-4,val_accuracy,maximize,0.853659,50,3,"1e-4,3e-4,1e-3",lr_only,20,0.7122063875198364,0.6514657980456026,0.5609756097560976,12.830806759655593,42.17551507158707,0.09049018828950495,0.5312631130218506,0.029530083760619164,True,0.14131790399551392,0.13791844248771667,0.0,50,0.8536585365853658,0.8536585365853658,0.0,False,underfit
synthetic_irrelevant_noise,44,classification,ablation,TST,TST-v1-Gate-tuned,1024,100,ok,,tuned_tst_benchmark,TST-v1-Gate,tst_v1_gate_lr_1e-4,1e-4,val_accuracy,maximize,0.853659,50,3,"1e-4,3e-4,1e-3",lr_only,21,0.7044973134994507,0.7247557003257329,0.6,10.814402465232288,18.380071380416155,0.12475570032573291,0.5013118386268616,0.03232966735959053,True,0.13716456294059753,0.13358932733535767,0.0,50,0.8536585365853658,0.8536585365853658,0.0,False,underfit
synthetic_irrelevant_noise,44,classification,ablation,TST,TST-v1-Gate-tuned,1024,100,ok,,tuned_tst_benchmark,TST-v1-Gate,tst_v1_gate_lr_1e-4,1e-4,val_accuracy,maximize,0.853659,50,3,"1e-4,3e-4,1e-3",lr_only,22,0.6943908929824829,0.7035830618892508,0.6048780487804878,8.76082352556231,21.472342336070934,0.098705013108763,0.5271928906440735,0.03618849068880081,True,0.13319110870361328,0.12927836179733276,0.0,50,0.8536585365853658,0.8536585365853658,0.0,False,underfit
synthetic_irrelevant_noise,44,classification,ablation,TST,TST-v1-Gate-tuned,1024,100,ok,,tuned_tst_benchmark,TST-v1-Gate,tst_v1_gate_lr_1e-4,1e-4,val_accuracy,maximize,0.853659,50,3,"1e-4,3e-4,1e-3",lr_only,23,0.6860247015953064,0.7328990228013029,0.6439024390243903,17.591967113396315,28.054637390775817,0.08899658377691266,0.5210676789283752,0.041365012526512146,True,0.12942728400230408,0.1251867264509201,0.0,50,0.8536585365853658,0.8536585365853658,0.0,False,underfit
synthetic_irrelevant_noise,44,classification,ablation,TST,TST-v1-Gate-tuned,1024,100,ok,,tuned_tst_benchmark,TST-v1-Gate,tst_v1_gate_lr_1e-4,1e-4,val_accuracy,maximize,0.853659,50,3,"1e-4,3e-4,1e-3",lr_only,24,0.6844427824020386,0.742671009771987,0.6341463414634146,40.72812237394198,62.204024815085205,0.10852466830857233,0.5265043377876282,0.04816209897398949,True,0.1258641928434372,0.12146518379449844,0.0,50,0.8536585365853658,0.8536585365853658,0.0,False,underfit
synthetic_irrelevant_noise,44,classification,ablation,TST,TST-v1-Gate-tuned,1024,100,ok,,tuned_tst_benchmark,TST-v1-Gate,tst_v1_gate_lr_1e-4,1e-4,val_accuracy,maximize,0.853659,50,3,"1e-4,3e-4,1e-3",lr_only,25,0.6820402622222901,0.755700325732899,0.6634146341463415,61.21519231273131,108.37343979906359,0.09228569158655753,0.49882104992866516,0.055771321058273315,True,0.12258701026439667,0.117881640791893,0.0,50,0.8536585365853658,0.8536585365853658,0.0,False,underfit
synthetic_irrelevant_noise,44,classification,ablation,TST,TST-v1-Gate-tuned,1024,100,ok,,tuned_tst_benchmark,TST-v1-Gate,tst_v1_gate_lr_1e-4,1e-4,val_accuracy,maximize,0.853659,50,3,"1e-4,3e-4,1e-3",lr_only,26,0.6546696782112121,0.7850162866449512,0.6682926829268293,45.93148341239754,64.46128978761664,0.11672360371812185,0.5197221040725708,0.06582001596689224,True,0.11949178576469421,0.1143328994512558,0.0,50,0.8536585365853658,0.8536585365853658,0.0,False,underfit
synthetic_irrelevant_noise,44,classification,ablation,TST,TST-v1-Gate-tuned,1024,100,ok,,tuned_tst_benchmark,TST-v1-Gate,tst_v1_gate_lr_1e-4,1e-4,val_accuracy,maximize,0.853659,50,3,"1e-4,3e-4,1e-3",lr_only,27,0.6341742873191833,0.7345276872964169,0.6439024390243903,51.08717930120521,99.09083857504378,0.09062524827202667,0.45287027955055237,0.08089746534824371,True,0.11650291085243225,0.11085736751556396,0.0,50,0.8536585365853658,0.8536585365853658,0.0,False,underfit
synthetic_irrelevant_noise,44,classification,ablation,TST,TST-v1-Gate-tuned,1024,100,ok,,tuned_tst_benchmark,TST-v1-Gate,tst_v1_gate_lr_1e-4,1e-4,val_accuracy,maximize,0.853659,50,3,"1e-4,3e-4,1e-3",lr_only,28,0.6030519843101502,0.7866449511400652,0.6829268292682927,53.57868768415542,112.59892160817719,0.10371812187177243,0.5627111792564392,0.11573620140552521,True,0.1135130524635315,0.10722366720438004,0.08,50,0.8536585365853658,0.8536585365853658,0.0,False,underfit
synthetic_irrelevant_noise,44,classification,ablation,TST,TST-v1-Gate-tuned,1024,100,ok,,tuned_tst_benchmark,TST-v1-Gate,tst_v1_gate_lr_1e-4,1e-4,val_accuracy,maximize,0.853659,50,3,"1e-4,3e-4,1e-3",lr_only,29,0.541388463973999,0.7850162866449512,0.6926829268292682,85.13855062321161,156.62791643127224,0.09233335981568291,0.6265524625778198,0.19014303386211395,True,0.11048927903175354,0.10351075977087021,0.24,50,0.8536585365853658,0.8536585365853658,0.0,False,underfit
synthetic_irrelevant_noise,44,classification,ablation,TST,TST-v1-Gate-tuned,1024,100,ok,,tuned_tst_benchmark,TST-v1-Gate,tst_v1_gate_lr_1e-4,1e-4,val_accuracy,maximize,0.853659,50,3,"1e-4,3e-4,1e-3",lr_only,30,0.4977500975131989,0.8273615635179153,0.7317073170731707,404.04102444909074,784.308672832058,0.09565424644474463,0.569888174533844,0.27971452474594116,True,0.10779755562543869,0.09976497292518616,0.52,50,0.8536585365853658,0.8536585365853658,0.0,False,underfit
synthetic_irrelevant_noise,44,classification,ablation,TST,TST-v1-Gate-tuned,1024,100,ok,,tuned_tst_benchmark,TST-v1-Gate,tst_v1_gate_lr_1e-4,1e-4,val_accuracy,maximize,0.853659,50,3,"1e-4,3e-4,1e-3",lr_only,31,0.49666263461112975,0.8452768729641694,0.751219512195122,463.8491293249546,761.7727972636685,0.09405736076904747,0.47567498683929443,0.2378150075674057,True,0.10608415305614471,0.0974622368812561,0.64,50,0.8536585365853658,0.8536585365853658,0.0,False,underfit
synthetic_irrelevant_noise,44,classification,ablation,TST,TST-v1-Gate-tuned,1024,100,ok,,tuned_tst_benchmark,TST-v1-Gate,tst_v1_gate_lr_1e-4,1e-4,val_accuracy,maximize,0.853659,50,3,"1e-4,3e-4,1e-3",lr_only,32,0.446306037902832,0.8387622149837134,0.7414634146341463,306.73499410588437,427.28285585419235,0.09729880034956706,0.5851461291313171,0.2789575159549713,True,0.10499504953622818,0.09618063271045685,0.77,50,0.8536585365853658,0.8536585365853658,0.0,False,underfit
synthetic_irrelevant_noise,44,classification,ablation,TST,TST-v1-Gate-tuned,1024,100,ok,,tuned_tst_benchmark,TST-v1-Gate,tst_v1_gate_lr_1e-4,1e-4,val_accuracy,maximize,0.853659,50,3,"1e-4,3e-4,1e-3",lr_only,33,0.4117544233798981,0.8469055374592834,0.7560975609756098,382.48510921095175,748.7387569181622,0.09080797648367367,0.4273044466972351,0.3436221778392792,True,0.10440973937511444,0.0951782837510109,0.8,50,0.8536585365853658,0.8536585365853658,0.0,False,underfit
synthetic_irrelevant_noise,44,classification,ablation,TST,TST-v1-Gate-tuned,1024,100,ok,,tuned_tst_benchmark,TST-v1-Gate,tst_v1_gate_lr_1e-4,1e-4,val_accuracy,maximize,0.853659,50,3,"1e-4,3e-4,1e-3",lr_only,34,0.3532324075698853,0.8615635179153095,0.7560975609756098,351.94275501200116,550.9523570911017,0.10546595693969973,0.4300588369369507,0.359722375869751,True,0.10395316779613495,0.09440694749355316,0.81,50,0.8536585365853658,0.8536585365853658,0.0,False,underfit
synthetic_irrelevant_noise,44,classification,ablation,TST,TST-v1-Gate-tuned,1024,100,ok,,tuned_tst_benchmark,TST-v1-Gate,tst_v1_gate_lr_1e-4,1e-4,val_accuracy,maximize,0.853659,50,3,"1e-4,3e-4,1e-3",lr_only,35,0.34654996991157533,0.8827361563517915,0.7951219512195122,382.955749560907,806.5689697421318,0.08761420513227924,0.4973495900630951,0.37154728174209595,True,0.10376705229282379,0.09375636279582977,0.81,50,0.8536585365853658,0.8536585365853658,0.0,False,underfit
synthetic_irrelevant_noise,44,classification,ablation,TST,TST-v1-Gate-tuned,1024,100,ok,,tuned_tst_benchmark,TST-v1-Gate,tst_v1_gate_lr_1e-4,1e-4,val_accuracy,maximize,0.853659,50,3,"1e-4,3e-4,1e-3",lr_only,36,0.31673472821712495,0.8729641693811075,0.7707317073170732,315.1350253923988,473.17732039048053,0.10223246206403436,0.4360605776309967,0.37293124198913574,True,0.10370513051748276,0.09350167214870453,0.81,50,0.8536585365853658,0.8536585365853658,0.0,False,underfit
synthetic_irrelevant_noise,44,classification,ablation,TST,TST-v1-Gate-tuned,1024,100,ok,,tuned_tst_benchmark,TST-v1-Gate,tst_v1_gate_lr_1e-4,1e-4,val_accuracy,maximize,0.853659,50,3,"1e-4,3e-4,1e-3",lr_only,37,0.27592494189739225,0.9022801302931596,0.8146341463414634,146.94254550617197,351.90359434438506,0.0876459839516962,0.5316650867462158,0.3994915187358856,True,0.10358772426843643,0.09331917762756348,0.83,50,0.8536585365853658,0.8536585365853658,0.0,False,underfit
synthetic_irrelevant_noise,44,classification,ablation,TST,TST-v1-Gate-tuned,1024,100,ok,,tuned_tst_benchmark,TST-v1-Gate,tst_v1_gate_lr_1e-4,1e-4,val_accuracy,maximize,0.853659,50,3,"1e-4,3e-4,1e-3",lr_only,38,0.27536465525627135,0.8648208469055375,0.7707317073170732,328.8209124081899,515.6816974791888,0.09408913958846432,0.41060543060302734,0.41126978397369385,True,0.10349955409765244,0.09348364919424057,0.82,50,0.8536585365853658,0.8536585365853658,0.0,False,underfit
synthetic_irrelevant_noise,44,classification,ablation,TST,TST-v1-Gate-tuned,1024,100,ok,,tuned_tst_benchmark,TST-v1-Gate,tst_v1_gate_lr_1e-4,1e-4,val_accuracy,maximize,0.853659,50,3,"1e-4,3e-4,1e-3",lr_only,39,0.2752747893333435,0.9055374592833876,0.8,411.7764828025828,647.6490639934793,0.10553745928338754,0.4815983474254608,0.4003527760505676,True,0.10351027548313141,0.09346334636211395,0.81,50,0.8536585365853658,0.8536585365853658,0.0,False,underfit
synthetic_irrelevant_noise,44,classification,ablation,TST,TST-v1-Gate-tuned,1024,100,ok,,tuned_tst_benchmark,TST-v1-Gate,tst_v1_gate_lr_1e-4,1e-4,val_accuracy,maximize,0.853659,50,3,"1e-4,3e-4,1e-3",lr_only,40,0.24865256547927855,0.9022801302931596,0.7853658536585366,312.2531494372198,489.65868309991964,0.11691427663462295,0.46219101548194885,0.4044815003871918,True,0.10348156839609146,0.09354812651872635,0.82,50,0.8536585365853658,0.8536585365853658,0.0,False,underfit
synthetic_irrelevant_noise,44,classification,ablation,TST,TST-v1-Gate-tuned,1024,100,ok,,tuned_tst_benchmark,TST-v1-Gate,tst_v1_gate_lr_1e-4,1e-4,val_accuracy,maximize,0.853659,50,3,"1e-4,3e-4,1e-3",lr_only,41,0.22977223098278046,0.9087947882736156,0.8048780487804879,355.17272614012944,454.8424349436078,0.10391673949312774,0.4705658555030823,0.42206040024757385,True,0.10333190858364105,0.09344186633825302,0.83,50,0.8536585365853658,0.8536585365853658,0.0,False,underfit
synthetic_irrelevant_noise,44,classification,ablation,TST,TST-v1-Gate-tuned,1024,100,ok,,tuned_tst_benchmark,TST-v1-Gate,tst_v1_gate_lr_1e-4,1e-4,val_accuracy,maximize,0.853659,50,3,"1e-4,3e-4,1e-3",lr_only,42,0.2157474249601364,0.9201954397394136,0.8146341463414634,321.1068759711411,550.0802952029786,0.10556129339795028,0.4742625653743744,0.4240524172782898,True,0.10311736166477203,0.09271240234375,0.83,50,0.8536585365853658,0.8536585365853658,0.0,False,underfit
synthetic_irrelevant_noise,44,classification,ablation,TST,TST-v1-Gate-tuned,1024,100,ok,,tuned_tst_benchmark,TST-v1-Gate,tst_v1_gate_lr_1e-4,1e-4,val_accuracy,maximize,0.853659,50,3,"1e-4,3e-4,1e-3",lr_only,43,0.21961872279644012,0.9169381107491856,0.824390243902439,338.96670306347295,719.6767633023352,0.09254786684674665,0.4434084892272949,0.4267994463443756,True,0.1029980257153511,0.09257249534130096,0.84,50,0.8536585365853658,0.8536585365853658,0.0,False,underfit
synthetic_irrelevant_noise,44,classification,ablation,TST,TST-v1-Gate-tuned,1024,100,ok,,tuned_tst_benchmark,TST-v1-Gate,tst_v1_gate_lr_1e-4,1e-4,val_accuracy,maximize,0.853659,50,3,"1e-4,3e-4,1e-3",lr_only,44,0.1998930126428604,0.9104234527687296,0.8341463414634146,342.1399194672157,672.9195401356419,0.076277111305315,0.42430174350738525,0.4249163568019867,True,0.10281459987163544,0.09233374893665314,0.86,50,0.8536585365853658,0.8536585365853658,0.0,False,underfit
synthetic_irrelevant_noise,44,classification,ablation,TST,TST-v1-Gate-tuned,1024,100,ok,,tuned_tst_benchmark,TST-v1-Gate,tst_v1_gate_lr_1e-4,1e-4,val_accuracy,maximize,0.853659,50,3,"1e-4,3e-4,1e-3",lr_only,45,0.21145400404930115,0.9381107491856677,0.8439024390243902,384.3691348532239,811.0766753754451,0.09420831016127751,0.48504719138145447,0.4230847954750061,True,0.10273520648479462,0.09222856163978577,0.88,50,0.8536585365853658,0.8536585365853658,0.0,False,underfit
synthetic_irrelevant_noise,44,classification,ablation,TST,TST-v1-Gate-tuned,1024,100,ok,,tuned_tst_benchmark,TST-v1-Gate,tst_v1_gate_lr_1e-4,1e-4,val_accuracy,maximize,0.853659,50,3,"1e-4,3e-4,1e-3",lr_only,46,0.17954576909542083,0.9413680781758957,0.824390243902439,308.1722074158495,402.4157942599821,0.11697783427345676,0.5436214804649353,0.42996761202812195,True,0.10258876532316208,0.09221293032169342,0.9,50,0.8536585365853658,0.8536585365853658,0.0,False,underfit
synthetic_irrelevant_noise,44,classification,ablation,TST,TST-v1-Gate-tuned,1024,100,ok,,tuned_tst_benchmark,TST-v1-Gate,tst_v1_gate_lr_1e-4,1e-4,val_accuracy,maximize,0.853659,50,3,"1e-4,3e-4,1e-3",lr_only,47,0.21187552213668823,0.9511400651465798,0.8439024390243902,517.3263623054394,1123.1970656389776,0.10723762612218957,0.5018459558486938,0.43052178621292114,True,0.10245269536972046,0.09207303822040558,0.91,50,0.8536585365853658,0.8536585365853658,0.0,False,underfit
synthetic_irrelevant_noise,44,classification,ablation,TST,TST-v1-Gate-tuned,1024,100,ok,,tuned_tst_benchmark,TST-v1-Gate,tst_v1_gate_lr_1e-4,1e-4,val_accuracy,maximize,0.853659,50,3,"1e-4,3e-4,1e-3",lr_only,48,0.20816367268562316,0.9511400651465798,0.8439024390243902,480.2629689388227,805.4956110092364,0.10723762612218957,0.5008657574653625,0.4217360019683838,True,0.10234362632036209,0.09163875132799149,0.91,50,0.8536585365853658,0.8536585365853658,0.0,False,underfit
synthetic_irrelevant_noise,44,classification,ablation,TST,TST-v1-Gate-tuned,1024,100,ok,,tuned_tst_benchmark,TST-v1-Gate,tst_v1_gate_lr_1e-4,1e-4,val_accuracy,maximize,0.853659,50,3,"1e-4,3e-4,1e-3",lr_only,49,0.16608361452817916,0.9478827361563518,0.8390243902439024,245.649702649123,467.2631313322606,0.10885834591244936,0.5270412564277649,0.4376220703125,True,0.10220691561698914,0.09145770221948624,0.89,50,0.8536585365853658,0.8536585365853658,0.0,False,underfit
synthetic_irrelevant_noise,44,classification,ablation,TST,TST-v1-Gate-tuned,1024,100,ok,,tuned_tst_benchmark,TST-v1-Gate,tst_v1_gate_lr_1e-4,1e-4,val_accuracy,maximize,0.853659,50,3,"1e-4,3e-4,1e-3",lr_only,50,0.14983433485031128,0.9381107491856677,0.8536585365853658,163.92787602950017,294.79209787608266,0.08445221260030189,0.45360642671585083,0.45048943161964417,True,0.10215996950864792,0.09153524786233902,0.89,50,0.8536585365853658,0.8536585365853658,0.0,False,underfit
synthetic_irrelevant_noise,44,classification,ablation,TST,TST-v3-MoE-tuned,1024,100,ok,,tuned_tst_benchmark,TST-v3-MoE,tst_v3_moe_lr_1e-4,1e-4,val_accuracy,maximize,0.521951,6,3,"1e-4,3e-4,1e-3",lr_only,1,0.8639710187911988,0.5146579804560261,0.5170731707317073,0.7866789627289084,2.4687913968150332,-0.002415190275681267,0.5212666392326355,0.00024662481155246496,True,0.2593270242214203,0.2593269646167755,0.0,6,0.5219512195121951,0.5170731707317073,0.004878048780487809,True,early_stopped_cleanly
synthetic_irrelevant_noise,44,classification,ablation,TST,TST-v3-MoE-tuned,1024,100,ok,,tuned_tst_benchmark,TST-v3-MoE,tst_v3_moe_lr_1e-4,1e-4,val_accuracy,maximize,0.521951,6,3,"1e-4,3e-4,1e-3",lr_only,2,0.8476938962936401,0.5146579804560261,0.5170731707317073,0.48059831639141926,0.8598433904438874,-0.002415190275681267,0.5397406816482544,0.00021077366545796394,True,0.24996496737003326,0.24996505677700043,0.0,6,0.5219512195121951,0.5170731707317073,0.004878048780487809,True,early_stopped_cleanly
synthetic_irrelevant_noise,44,classification,ablation,TST,TST-v3-MoE-tuned,1024,100,ok,,tuned_tst_benchmark,TST-v3-MoE,tst_v3_moe_lr_1e-4,1e-4,val_accuracy,maximize,0.521951,6,3,"1e-4,3e-4,1e-3",lr_only,3,0.8411668181419373,0.5146579804560261,0.5170731707317073,0.7027182491185255,1.4126992453940397,-0.002415190275681267,0.5081145763397217,0.00019211391918361187,True,0.24087528884410858,0.2408752739429474,0.0,6,0.5219512195121951,0.5170731707317073,0.004878048780487809,True,early_stopped_cleanly
synthetic_irrelevant_noise,44,classification,ablation,TST,TST-v3-MoE-tuned,1024,100,ok,,tuned_tst_benchmark,TST-v3-MoE,tst_v3_moe_lr_1e-4,1e-4,val_accuracy,maximize,0.521951,6,3,"1e-4,3e-4,1e-3",lr_only,4,0.8301040768623352,0.5146579804560261,0.5170731707317073,0.5021528959358749,0.6123620986143701,-0.002415190275681267,0.5200158953666687,0.0001859009062172845,True,0.23207426071166992,0.23207403719425201,0.0,6,0.5219512195121951,0.5170731707317073,0.004878048780487809,True,early_stopped_cleanly
synthetic_irrelevant_noise,44,classification,ablation,TST,TST-v3-MoE-tuned,1024,100,ok,,tuned_tst_benchmark,TST-v3-MoE,tst_v3_moe_lr_1e-4,1e-4,val_accuracy,maximize,0.521951,6,3,"1e-4,3e-4,1e-3",lr_only,5,0.8217614531517029,0.5146579804560261,0.5170731707317073,0.256868285206349,0.6687903573934174,-0.002415190275681267,0.5288287401199341,0.0001829088432714343,True,0.22357410192489624,0.2235739529132843,0.0,6,0.5219512195121951,0.5170731707317073,0.004878048780487809,True,early_stopped_cleanly
synthetic_irrelevant_noise,44,classification,ablation,TST,TST-v3-MoE-tuned,1024,100,ok,,tuned_tst_benchmark,TST-v3-MoE,tst_v3_moe_lr_1e-4,1e-4,val_accuracy,maximize,0.521951,6,3,"1e-4,3e-4,1e-3",lr_only,6,0.8135365128517151,0.5293159609120521,0.5219512195121951,0.43080828076616634,0.792108355190608,0.007364741399856989,0.5004432797431946,0.00018043824820779264,True,0.21538275480270386,0.21538197994232178,0.0,6,0.5219512195121951,0.5170731707317073,0.004878048780487809,True,early_stopped_cleanly
synthetic_irrelevant_noise,44,classification,ablation,TST,TST-v3-MoE-tuned,1024,100,ok,,tuned_tst_benchmark,TST-v3-MoE,tst_v3_moe_lr_1e-4,1e-4,val_accuracy,maximize,0.521951,6,3,"1e-4,3e-4,1e-3",lr_only,7,0.8074268579483033,0.5146579804560261,0.5170731707317073,0.7506195272298528,1.0595412971303875,-0.002415190275681267,0.5270461440086365,0.0001816427247831598,True,0.20750361680984497,0.2075026035308838,0.0,6,0.5219512195121951,0.5170731707317073,0.004878048780487809,True,early_stopped_cleanly
synthetic_irrelevant_noise,44,classification,ablation,TST,TST-v3-MoE-tuned,1024,100,ok,,tuned_tst_benchmark,TST-v3-MoE,tst_v3_moe_lr_1e-4,1e-4,val_accuracy,maximize,0.521951,6,3,"1e-4,3e-4,1e-3",lr_only,8,0.7973381400108337,0.5146579804560261,0.5170731707317073,0.6384031994228423,0.885936820946284,-0.002415190275681267,0.5008530616760254,0.00017873015895020217,True,0.19993682205677032,0.19993498921394348,0.0,6,0.5219512195121951,0.5170731707317073,0.004878048780487809,True,early_stopped_cleanly
synthetic_irrelevant_noise,44,classification,ablation,TST,TST-v3-MoE-tuned,1024,100,ok,,tuned_tst_benchmark,TST-v3-MoE,tst_v3_moe_lr_1e-4,1e-4,val_accuracy,maximize,0.521951,6,3,"1e-4,3e-4,1e-3",lr_only,9,0.7899289965629578,0.5146579804560261,0.5170731707317073,0.42396580377974463,0.6535358815148837,-0.002415190275681267,0.5035672187805176,0.0001793758274288848,True,0.1926792711019516,0.19267655909061432,0.0,6,0.5219512195121951,0.5170731707317073,0.004878048780487809,True,early_stopped_cleanly
synthetic_irrelevant_noise,44,classification,ablation,TST,TST-v3-MoE-tuned,1024,100,ok,,tuned_tst_benchmark,TST-v3-MoE,tst_v3_moe_lr_1e-4,1e-4,val_accuracy,maximize,0.521951,6,3,"1e-4,3e-4,1e-3",lr_only,10,0.7825442910194397,0.5146579804560261,0.5170731707317073,0.5489323850124133,1.0299469700646198,-0.002415190275681267,0.5161451101303101,0.00018343873671256006,True,0.18572576344013214,0.1857224702835083,0.0,6,0.5219512195121951,0.5170731707317073,0.004878048780487809,True,early_stopped_cleanly
synthetic_irrelevant_noise,44,classification,ablation,TST,TST-v3-MoE-tuned,1024,100,ok,,tuned_tst_benchmark,TST-v3-MoE,tst_v3_moe_lr_1e-4,1e-4,val_accuracy,maximize,0.521951,6,3,"1e-4,3e-4,1e-3",lr_only,11,0.7753044486045837,0.5146579804560261,0.5170731707317073,0.49527342127001034,0.8683179871752692,-0.002415190275681267,0.5309202075004578,0.00018804927822202444,True,0.17906896770000458,0.17906515300273895,0.0,6,0.5219512195121951,0.5170731707317073,0.004878048780487809,True,early_stopped_cleanly
synthetic_irrelevant_noise,44,classification,ablation,TST,TST-v3-MoE-tuned,1024,100,ok,,tuned_tst_benchmark,TST-v3-MoE,tst_v3_moe_lr_1e-4,1e-4,val_accuracy,maximize,0.521951,6,3,"1e-4,3e-4,1e-3",lr_only,12,0.7698097229003906,0.5146579804560261,0.5170731707317073,0.4831906889174272,0.791858049872156,-0.002415190275681267,0.521515429019928,0.00019208619778510183,True,0.17270046472549438,0.17269548773765564,0.0,6,0.5219512195121951,0.5170731707317073,0.004878048780487809,True,early_stopped_cleanly
synthetic_irrelevant_noise,44,classification,ablation,TST,TST-v3-MoE-tuned,1024,100,ok,,tuned_tst_benchmark,TST-v3-MoE,tst_v3_moe_lr_1e-4,1e-4,val_accuracy,maximize,0.521951,6,3,"1e-4,3e-4,1e-3",lr_only,13,0.7629873275756835,0.5146579804560261,0.5170731707317073,0.4149853339201185,0.5135483703993914,-0.002415190275681267,0.5132472515106201,0.00019507489923853427,True,0.16661080718040466,0.1666049212217331,0.0,6,0.5219512195121951,0.5170731707317073,0.004878048780487809,True,early_stopped_cleanly
synthetic_irrelevant_noise,44,classification,ablation,TST,TST-v3-MoE-tuned,1024,100,ok,,tuned_tst_benchmark,TST-v3-MoE,tst_v3_moe_lr_1e-4,1e-4,val_accuracy,maximize,0.521951,6,3,"1e-4,3e-4,1e-3",lr_only,14,0.7574756622314454,0.5146579804560261,0.5170731707317073,0.5977027121572276,1.0777664388539072,-0.002415190275681267,0.5051560997962952,0.0001985465787583962,True,0.16078978776931763,0.16078239679336548,0.0,6,0.5219512195121951,0.5170731707317073,0.004878048780487809,True,early_stopped_cleanly
synthetic_irrelevant_noise,44,classification,ablation,TST,TST-v3-MoE-tuned,1024,100,ok,,tuned_tst_benchmark,TST-v3-MoE,tst_v3_moe_lr_1e-4,1e-4,val_accuracy,maximize,0.521951,6,3,"1e-4,3e-4,1e-3",lr_only,15,0.7529047727584839,0.5146579804560261,0.5170731707317073,0.6251893462702897,1.0314080140774537,-0.002415190275681267,0.5064898729324341,0.00020154676167294383,True,0.15522727370262146,0.15521833300590515,0.0,6,0.5219512195121951,0.5170731707317073,0.004878048780487809,True,early_stopped_cleanly
synthetic_irrelevant_noise,44,classification,ablation,TST,TST-v3-MoE-tuned,1024,100,ok,,tuned_tst_benchmark,TST-v3-MoE,tst_v3_moe_lr_1e-4,1e-4,val_accuracy,maximize,0.521951,6,3,"1e-4,3e-4,1e-3",lr_only,16,0.7459461092948914,0.5146579804560261,0.5170731707317073,0.4614270519100895,0.6062769807615359,-0.002415190275681267,0.5313674807548523,0.00020185673201922327,True,0.14991261065006256,0.14990192651748657,0.0,6,0.5219512195121951,0.5170731707317073,0.004878048780487809,True,early_stopped_cleanly
